2025-10-13 10:13:29 [INFO] Test log entry
2025-10-13 10:15:42 [INFO] Аналитик функций ГО: Инициирую обработку.
2025-10-13 10:15:42 [INFO] Аналитик функций ГО: Использую внешний сервис эмбеддингов 192.168.8.202.
2025-10-13 10:15:42 [INFO] Аналитик функций ГО: Старт анализа. Соблюдаю системный промпт методологии.
2025-10-13 10:15:42 [INFO] Аналитик функций ГО: System Ты — аналитик функций государственных органов. Используй методологию «Иерархический анализ функций ГО», версия 1.4. Запрещено выводить исходный код или задавать вопросы. Обязательные правила: • Колонка «Ссылается на» никогда не пустая: либо ID функции ЦГО, либо ровно отсутствует.• Никаких цветовых заливок, выделений шрифтом и прочего форматирования. Алгоритм:
1. Прочитай входной Excel (столбцы: ID функции, Центральный ГО, Подведомственный ГО, Полный текст функции).
2. Определи центральный орган (central_org) как единственное значение столбца «Центральный ГО».
3. Предобработай текст и создай эмбеддинги RuBERT-base.
4. Для каждой функции ПГО найди максимальное косинусное сходство с функциями ЦГО.
5. Если сходство ≥ 0,50 → запиши ID соответствующей функции ЦГО в «Ссылается на»; иначе запиши отсутствует.
6. В строках ЦГО собери список ПГО, сославшихся на данную функцию, и заполни столбец «Реализуется (только для ЦГО)». У строк ПГО эта ячейка остаётся пустой.
7. Создай лист Report со столбцами: ID функции, Полный текст функции, Исполнитель, Ссылается на, Реализуется (только для ЦГО).
8. Создай скрытый лист log и запиши {SubID, CentralID, simScore, topKeywords, reason} для каждой строки.
9. Сохрани Excel-файл и заверши работу без дополнительных сообщений.
2025-10-13 10:15:42 [INFO] Аналитик функций ГО: Загружаю файл /home/marinadec/Projects/functions_analysis/files/ADGS+MIN+minCOM_test.xlsx.
2025-10-13 10:15:43 [INFO] Аналитик функций ГО: Выполняю лемматизацию и удаление стоп-слов.
2025-10-13 10:15:43 [INFO] Аналитик функций ГО: Предобработка выполнена для 50 записей.
2025-10-13 10:15:43 [INFO] Аналитик функций ГО: Предобработка выполнена для 100 записей.
2025-10-13 10:15:43 [INFO] Аналитик функций ГО: Предобработка выполнена для 150 записей.
2025-10-13 10:15:43 [INFO] Аналитик функций ГО: Предобработка выполнена для 200 записей.
2025-10-13 10:15:43 [INFO] Аналитик функций ГО: Предобработка выполнена для 250 записей.
2025-10-13 10:15:43 [INFO] Аналитик функций ГО: Предобработка выполнена для 300 записей.
2025-10-13 10:15:43 [INFO] Аналитик функций ГО: Предобработка выполнена для 350 записей.
2025-10-13 10:15:43 [INFO] Аналитик функций ГО: Предобработка выполнена для 400 записей.
2025-10-13 10:15:43 [INFO] Аналитик функций ГО: Предобработка выполнена для 450 записей.
2025-10-13 10:15:43 [INFO] Аналитик функций ГО: Предобработка выполнена для 500 записей.
2025-10-13 10:15:43 [INFO] Аналитик функций ГО: Предобработка выполнена для 550 записей.
2025-10-13 10:15:43 [INFO] Аналитик функций ГО: Предобработка выполнена для 600 записей.
2025-10-13 10:15:43 [INFO] Аналитик функций ГО: Предобработка выполнена для 650 записей.
2025-10-13 10:15:43 [INFO] Аналитик функций ГО: Предобработка выполнена для 700 записей.
2025-10-13 10:15:43 [INFO] Аналитик функций ГО: Формирую эмбеддинги text-embedding-embeddinggemma-300m.
2025-10-13 10:24:12 [INFO] Аналитик функций ГО: Инициирую обработку.
2025-10-13 10:24:12 [INFO] Аналитик функций ГО: Использую внешний сервис эмбеддингов 192.168.8.202.
2025-10-13 10:24:12 [INFO] Аналитик функций ГО: Старт анализа. Соблюдаю системный промпт методологии.
2025-10-13 10:24:12 [INFO] Аналитик функций ГО: System Ты — аналитик функций государственных органов. Используй методологию «Иерархический анализ функций ГО», версия 1.4. Запрещено выводить исходный код или задавать вопросы. Обязательные правила: • Колонка «Ссылается на» никогда не пустая: либо ID функции ЦГО, либо ровно отсутствует.• Никаких цветовых заливок, выделений шрифтом и прочего форматирования. Алгоритм:
1. Прочитай входной Excel (столбцы: ID функции, Центральный ГО, Подведомственный ГО, Полный текст функции).
2. Определи центральный орган (central_org) как единственное значение столбца «Центральный ГО».
3. Предобработай текст и создай эмбеддинги RuBERT-base.
4. Для каждой функции ПГО найди максимальное косинусное сходство с функциями ЦГО.
5. Если сходство ≥ 0,50 → запиши ID соответствующей функции ЦГО в «Ссылается на»; иначе запиши отсутствует.
6. В строках ЦГО собери список ПГО, сославшихся на данную функцию, и заполни столбец «Реализуется (только для ЦГО)». У строк ПГО эта ячейка остаётся пустой.
7. Создай лист Report со столбцами: ID функции, Полный текст функции, Исполнитель, Ссылается на, Реализуется (только для ЦГО).
8. Создай скрытый лист log и запиши {SubID, CentralID, simScore, topKeywords, reason} для каждой строки.
9. Сохрани Excel-файл и заверши работу без дополнительных сообщений.
2025-10-13 10:24:12 [INFO] Аналитик функций ГО: Загружаю файл /home/marinadec/Projects/functions_analysis/files/ADGS+MIN+minCOM_test.xlsx.
2025-10-13 10:24:12 [INFO] Аналитик функций ГО: Выполняю лемматизацию и удаление стоп-слов.
2025-10-13 10:24:12 [INFO] Аналитик функций ГО: Предобработка выполнена для 50 записей.
2025-10-13 10:24:12 [INFO] Аналитик функций ГО: Предобработка выполнена для 100 записей.
2025-10-13 10:24:12 [INFO] Аналитик функций ГО: Предобработка выполнена для 150 записей.
2025-10-13 10:24:13 [INFO] Аналитик функций ГО: Предобработка выполнена для 200 записей.
2025-10-13 10:24:13 [INFO] Аналитик функций ГО: Предобработка выполнена для 250 записей.
2025-10-13 10:24:13 [INFO] Аналитик функций ГО: Предобработка выполнена для 300 записей.
2025-10-13 10:24:13 [INFO] Аналитик функций ГО: Предобработка выполнена для 350 записей.
2025-10-13 10:24:13 [INFO] Аналитик функций ГО: Предобработка выполнена для 400 записей.
2025-10-13 10:24:13 [INFO] Аналитик функций ГО: Предобработка выполнена для 450 записей.
2025-10-13 10:24:13 [INFO] Аналитик функций ГО: Предобработка выполнена для 500 записей.
2025-10-13 10:24:13 [INFO] Аналитик функций ГО: Предобработка выполнена для 550 записей.
2025-10-13 10:24:13 [INFO] Аналитик функций ГО: Предобработка выполнена для 600 записей.
2025-10-13 10:24:13 [INFO] Аналитик функций ГО: Предобработка выполнена для 650 записей.
2025-10-13 10:24:13 [INFO] Аналитик функций ГО: Предобработка выполнена для 700 записей.
2025-10-13 10:24:13 [INFO] Аналитик функций ГО: Формирую эмбеддинги text-embedding-embeddinggemma-300m.
2025-10-13 10:24:13 [DEBUG] Аналитик функций ГО: Планирую 746 текстов для удалённых эмбеддингов в 12 батчах (batch_size=64, workers=8).
2025-10-13 10:24:13 [DEBUG] Аналитик функций ГО: Воркер Thread-2 (worker) обрабатывает индексы 0..63 (размер батча 64).
2025-10-13 10:24:13 [DEBUG] Аналитик функций ГО: Воркер Thread-3 (worker) обрабатывает индексы 64..127 (размер батча 64).
2025-10-13 10:24:13 [DEBUG] Аналитик функций ГО: Запрос эмбеддингов (batch=64, попытка 1/3).
2025-10-13 10:24:13 [DEBUG] Аналитик функций ГО: Воркер Thread-4 (worker) обрабатывает индексы 128..191 (размер батча 64).
2025-10-13 10:24:13 [DEBUG] Аналитик функций ГО: Запрос эмбеддингов (batch=64, попытка 1/3).
2025-10-13 10:24:13 [DEBUG] Аналитик функций ГО: Воркер Thread-5 (worker) обрабатывает индексы 192..255 (размер батча 64).
2025-10-13 10:24:13 [DEBUG] Аналитик функций ГО: Воркер Thread-6 (worker) обрабатывает индексы 256..319 (размер батча 64).
2025-10-13 10:24:13 [DEBUG] Аналитик функций ГО: Запрос эмбеддингов (batch=64, попытка 1/3).
2025-10-13 10:24:13 [DEBUG] Аналитик функций ГО: Воркер Thread-7 (worker) обрабатывает индексы 320..383 (размер батча 64).
2025-10-13 10:24:13 [DEBUG] Аналитик функций ГО: Воркер Thread-8 (worker) обрабатывает индексы 384..447 (размер батча 64).
2025-10-13 10:24:13 [DEBUG] Аналитик функций ГО: Запрос эмбеддингов (batch=64, попытка 1/3).
2025-10-13 10:24:13 [DEBUG] Аналитик функций ГО: Запрос эмбеддингов (batch=64, попытка 1/3).
2025-10-13 10:24:13 [DEBUG] Аналитик функций ГО: Воркер Thread-9 (worker) обрабатывает индексы 448..511 (размер батча 64).
2025-10-13 10:24:13 [DEBUG] Аналитик функций ГО: Запрос эмбеддингов (batch=64, попытка 1/3).
2025-10-13 10:24:13 [DEBUG] Аналитик функций ГО: Запрос эмбеддингов (batch=64, попытка 1/3).
2025-10-13 10:24:13 [DEBUG] Аналитик функций ГО: Запрос эмбеддингов (batch=64, попытка 1/3).
2025-10-13 10:24:44 [WARNING] Аналитик функций ГО: Ошибка запроса эмбеддингов (batch=64, попытка 1/3): Request timed out.
2025-10-13 10:24:44 [WARNING] Аналитик функций ГО: Ошибка запроса эмбеддингов (batch=64, попытка 1/3): Request timed out.
2025-10-13 10:24:44 [WARNING] Аналитик функций ГО: Ошибка запроса эмбеддингов (batch=64, попытка 1/3): Request timed out.
2025-10-13 10:24:44 [WARNING] Аналитик функций ГО: Ошибка запроса эмбеддингов (batch=64, попытка 1/3): Request timed out.
2025-10-13 10:24:44 [WARNING] Аналитик функций ГО: Ошибка запроса эмбеддингов (batch=64, попытка 1/3): Request timed out.
2025-10-13 10:24:44 [WARNING] Аналитик функций ГО: Ошибка запроса эмбеддингов (batch=64, попытка 1/3): Request timed out.
2025-10-13 10:24:44 [WARNING] Аналитик функций ГО: Ошибка запроса эмбеддингов (batch=64, попытка 1/3): Request timed out.
2025-10-13 10:24:45 [WARNING] Аналитик функций ГО: Ошибка запроса эмбеддингов (batch=64, попытка 1/3): Request timed out.
2025-10-13 10:24:45 [DEBUG] Аналитик функций ГО: Запрос эмбеддингов (batch=64, попытка 2/3).
2025-10-13 10:24:45 [DEBUG] Аналитик функций ГО: Запрос эмбеддингов (batch=64, попытка 2/3).
2025-10-13 10:24:45 [DEBUG] Аналитик функций ГО: Запрос эмбеддингов (batch=64, попытка 2/3).
2025-10-13 10:24:45 [DEBUG] Аналитик функций ГО: Запрос эмбеддингов (batch=64, попытка 2/3).
2025-10-13 10:24:45 [DEBUG] Аналитик функций ГО: Запрос эмбеддингов (batch=64, попытка 2/3).
2025-10-13 10:24:45 [DEBUG] Аналитик функций ГО: Запрос эмбеддингов (batch=64, попытка 2/3).
2025-10-13 10:24:45 [DEBUG] Аналитик функций ГО: Запрос эмбеддингов (batch=64, попытка 2/3).
2025-10-13 10:24:46 [DEBUG] Аналитик функций ГО: Запрос эмбеддингов (batch=64, попытка 2/3).
2025-10-13 10:25:17 [WARNING] Аналитик функций ГО: Ошибка запроса эмбеддингов (batch=64, попытка 2/3): Request timed out.
2025-10-13 10:25:17 [WARNING] Аналитик функций ГО: Ошибка запроса эмбеддингов (batch=64, попытка 2/3): Request timed out.
2025-10-13 10:25:17 [WARNING] Аналитик функций ГО: Ошибка запроса эмбеддингов (batch=64, попытка 2/3): Request timed out.
2025-10-13 10:25:17 [WARNING] Аналитик функций ГО: Ошибка запроса эмбеддингов (batch=64, попытка 2/3): Request timed out.
2025-10-13 10:25:17 [WARNING] Аналитик функций ГО: Ошибка запроса эмбеддингов (batch=64, попытка 2/3): Request timed out.
2025-10-13 10:25:17 [WARNING] Аналитик функций ГО: Ошибка запроса эмбеддингов (batch=64, попытка 2/3): Request timed out.
2025-10-13 10:25:17 [WARNING] Аналитик функций ГО: Ошибка запроса эмбеддингов (batch=64, попытка 2/3): Request timed out.
2025-10-13 10:25:17 [WARNING] Аналитик функций ГО: Ошибка запроса эмбеддингов (batch=64, попытка 2/3): Request timed out.
2025-10-13 10:25:18 [DEBUG] Аналитик функций ГО: Запрос эмбеддингов (batch=64, попытка 3/3).
2025-10-13 10:25:18 [DEBUG] Аналитик функций ГО: Запрос эмбеддингов (batch=64, попытка 3/3).
2025-10-13 10:25:18 [DEBUG] Аналитик функций ГО: Запрос эмбеддингов (batch=64, попытка 3/3).
2025-10-13 10:25:18 [DEBUG] Аналитик функций ГО: Запрос эмбеддингов (batch=64, попытка 3/3).
2025-10-13 10:25:18 [DEBUG] Аналитик функций ГО: Запрос эмбеддингов (batch=64, попытка 3/3).
2025-10-13 10:25:18 [DEBUG] Аналитик функций ГО: Запрос эмбеддингов (batch=64, попытка 3/3).
2025-10-13 10:25:18 [DEBUG] Аналитик функций ГО: Запрос эмбеддингов (batch=64, попытка 3/3).
2025-10-13 10:25:18 [DEBUG] Аналитик функций ГО: Запрос эмбеддингов (batch=64, попытка 3/3).
2025-10-13 10:25:49 [WARNING] Аналитик функций ГО: Ошибка запроса эмбеддингов (batch=64, попытка 3/3): Request timed out.
2025-10-13 10:25:49 [WARNING] Аналитик функций ГО: Ошибка запроса эмбеддингов (batch=64, попытка 3/3): Request timed out.
2025-10-13 10:25:49 [WARNING] Аналитик функций ГО: Ошибка запроса эмбеддингов (batch=64, попытка 3/3): Request timed out.
2025-10-13 10:25:49 [WARNING] Аналитик функций ГО: Ошибка запроса эмбеддингов (batch=64, попытка 3/3): Request timed out.
2025-10-13 10:25:49 [WARNING] Аналитик функций ГО: Ошибка запроса эмбеддингов (batch=64, попытка 3/3): Request timed out.
2025-10-13 10:25:49 [WARNING] Аналитик функций ГО: Ошибка запроса эмбеддингов (batch=64, попытка 3/3): Request timed out.
2025-10-13 10:25:49 [WARNING] Аналитик функций ГО: Ошибка запроса эмбеддингов (batch=64, попытка 3/3): Request timed out.
2025-10-13 10:25:49 [WARNING] Аналитик функций ГО: Ошибка запроса эмбеддингов (batch=64, попытка 3/3): Request timed out.
2025-10-13 10:25:50 [ERROR] Аналитик функций ГО: Ошибка запроса эмбеддингов — Request timed out.
2025-10-13 10:25:50 [DEBUG] Аналитик функций ГО: Воркер Thread-4 (worker) обрабатывает индексы 512..575 (размер батча 64).
2025-10-13 10:25:50 [DEBUG] Аналитик функций ГО: Запрос эмбеддингов (batch=64, попытка 1/3).
2025-10-13 10:25:50 [ERROR] Аналитик функций ГО: Ошибка запроса эмбеддингов — Request timed out.
2025-10-13 10:25:50 [DEBUG] Аналитик функций ГО: Воркер Thread-7 (worker) обрабатывает индексы 576..639 (размер батча 64).
2025-10-13 10:25:50 [DEBUG] Аналитик функций ГО: Запрос эмбеддингов (batch=64, попытка 1/3).
2025-10-13 10:25:50 [ERROR] Аналитик функций ГО: Ошибка запроса эмбеддингов — Request timed out.
2025-10-13 10:25:50 [DEBUG] Аналитик функций ГО: Воркер Thread-8 (worker) обрабатывает индексы 640..703 (размер батча 64).
2025-10-13 10:25:50 [DEBUG] Аналитик функций ГО: Запрос эмбеддингов (batch=64, попытка 1/3).
2025-10-13 10:25:50 [ERROR] Аналитик функций ГО: Ошибка запроса эмбеддингов — Request timed out.
2025-10-13 10:25:50 [DEBUG] Аналитик функций ГО: Воркер Thread-2 (worker) обрабатывает индексы 704..745 (размер батча 42).
2025-10-13 10:25:50 [DEBUG] Аналитик функций ГО: Запрос эмбеддингов (batch=42, попытка 1/3).
2025-10-13 10:25:50 [ERROR] Аналитик функций ГО: Ошибка запроса эмбеддингов — Request timed out.
2025-10-13 10:25:50 [ERROR] Аналитик функций ГО: Ошибка запроса эмбеддингов — Request timed out.
2025-10-13 10:25:50 [ERROR] Аналитик функций ГО: Ошибка запроса эмбеддингов — Request timed out.
2025-10-13 10:25:50 [ERROR] Аналитик функций ГО: Ошибка запроса эмбеддингов — Request timed out.
2025-10-13 10:26:21 [WARNING] Аналитик функций ГО: Ошибка запроса эмбеддингов (batch=64, попытка 1/3): Request timed out.
2025-10-13 10:26:21 [WARNING] Аналитик функций ГО: Ошибка запроса эмбеддингов (batch=64, попытка 1/3): Request timed out.
2025-10-13 10:26:21 [WARNING] Аналитик функций ГО: Ошибка запроса эмбеддингов (batch=64, попытка 1/3): Request timed out.
2025-10-13 10:26:21 [WARNING] Аналитик функций ГО: Ошибка запроса эмбеддингов (batch=42, попытка 1/3): Request timed out.
2025-10-13 10:26:22 [DEBUG] Аналитик функций ГО: Запрос эмбеддингов (batch=64, попытка 2/3).
2025-10-13 10:26:22 [DEBUG] Аналитик функций ГО: Запрос эмбеддингов (batch=64, попытка 2/3).
2025-10-13 10:26:22 [DEBUG] Аналитик функций ГО: Запрос эмбеддингов (batch=64, попытка 2/3).
2025-10-13 10:26:22 [DEBUG] Аналитик функций ГО: Запрос эмбеддингов (batch=42, попытка 2/3).
2025-10-13 10:26:25 [WARNING] Аналитик функций ГО: Получен сигнал на остановку.
2025-10-13 10:30:18 [INFO] Аналитик функций ГО: Инициирую обработку.
2025-10-13 10:30:18 [INFO] Аналитик функций ГО: Использую внешний сервис эмбеддингов http://192.168.8.202:1234.
2025-10-13 10:30:18 [INFO] Аналитик функций ГО: Старт анализа. Соблюдаю системный промпт методологии.
2025-10-13 10:30:18 [INFO] Аналитик функций ГО: System Ты — аналитик функций государственных органов. Используй методологию «Иерархический анализ функций ГО», версия 1.4. Запрещено выводить исходный код или задавать вопросы. Обязательные правила: • Колонка «Ссылается на» никогда не пустая: либо ID функции ЦГО, либо ровно отсутствует.• Никаких цветовых заливок, выделений шрифтом и прочего форматирования. Алгоритм:
1. Прочитай входной Excel (столбцы: ID функции, Центральный ГО, Подведомственный ГО, Полный текст функции).
2. Определи центральный орган (central_org) как единственное значение столбца «Центральный ГО».
3. Предобработай текст и создай эмбеддинги RuBERT-base.
4. Для каждой функции ПГО найди максимальное косинусное сходство с функциями ЦГО.
5. Если сходство ≥ 0,50 → запиши ID соответствующей функции ЦГО в «Ссылается на»; иначе запиши отсутствует.
6. В строках ЦГО собери список ПГО, сославшихся на данную функцию, и заполни столбец «Реализуется (только для ЦГО)». У строк ПГО эта ячейка остаётся пустой.
7. Создай лист Report со столбцами: ID функции, Полный текст функции, Исполнитель, Ссылается на, Реализуется (только для ЦГО).
8. Создай скрытый лист log и запиши {SubID, CentralID, simScore, topKeywords, reason} для каждой строки.
9. Сохрани Excel-файл и заверши работу без дополнительных сообщений.
2025-10-13 10:30:18 [INFO] Аналитик функций ГО: Загружаю файл /home/marinadec/Projects/functions_analysis/files/ADGS+MIN+minCOM_test.xlsx.
2025-10-13 10:30:19 [INFO] Аналитик функций ГО: Выполняю лемматизацию и удаление стоп-слов.
2025-10-13 10:30:19 [INFO] Аналитик функций ГО: Предобработка выполнена для 50 записей.
2025-10-13 10:30:19 [INFO] Аналитик функций ГО: Предобработка выполнена для 100 записей.
2025-10-13 10:30:19 [INFO] Аналитик функций ГО: Предобработка выполнена для 150 записей.
2025-10-13 10:30:19 [INFO] Аналитик функций ГО: Предобработка выполнена для 200 записей.
2025-10-13 10:30:19 [INFO] Аналитик функций ГО: Предобработка выполнена для 250 записей.
2025-10-13 10:30:19 [INFO] Аналитик функций ГО: Предобработка выполнена для 300 записей.
2025-10-13 10:30:19 [INFO] Аналитик функций ГО: Предобработка выполнена для 350 записей.
2025-10-13 10:30:19 [INFO] Аналитик функций ГО: Предобработка выполнена для 400 записей.
2025-10-13 10:30:19 [INFO] Аналитик функций ГО: Предобработка выполнена для 450 записей.
2025-10-13 10:30:19 [INFO] Аналитик функций ГО: Предобработка выполнена для 500 записей.
2025-10-13 10:30:20 [INFO] Аналитик функций ГО: Предобработка выполнена для 550 записей.
2025-10-13 10:30:20 [INFO] Аналитик функций ГО: Предобработка выполнена для 600 записей.
2025-10-13 10:30:20 [INFO] Аналитик функций ГО: Предобработка выполнена для 650 записей.
2025-10-13 10:30:20 [INFO] Аналитик функций ГО: Предобработка выполнена для 700 записей.
2025-10-13 10:30:20 [INFO] Аналитик функций ГО: Формирую эмбеддинги text-embedding-embeddinggemma-300m.
2025-10-13 10:30:20 [DEBUG] Аналитик функций ГО: Планирую 746 текстов для удалённых эмбеддингов в 12 батчах (batch_size=64, workers=8).
2025-10-13 10:30:20 [DEBUG] Аналитик функций ГО: Воркер Thread-2 (worker) обрабатывает индексы 0..63 (размер батча 64).
2025-10-13 10:30:20 [DEBUG] Аналитик функций ГО: Воркер Thread-3 (worker) обрабатывает индексы 64..127 (размер батча 64).
2025-10-13 10:30:20 [DEBUG] Аналитик функций ГО: Запрос эмбеддингов (batch=64, попытка 1/3).
2025-10-13 10:30:20 [DEBUG] Аналитик функций ГО: Воркер Thread-4 (worker) обрабатывает индексы 128..191 (размер батча 64).
2025-10-13 10:30:20 [DEBUG] Аналитик функций ГО: Запрос эмбеддингов (batch=64, попытка 1/3).
2025-10-13 10:30:20 [DEBUG] Аналитик функций ГО: Воркер Thread-5 (worker) обрабатывает индексы 192..255 (размер батча 64).
2025-10-13 10:30:20 [DEBUG] Аналитик функций ГО: Воркер Thread-6 (worker) обрабатывает индексы 256..319 (размер батча 64).
2025-10-13 10:30:20 [DEBUG] Аналитик функций ГО: Запрос эмбеддингов (batch=64, попытка 1/3).
2025-10-13 10:30:20 [DEBUG] Аналитик функций ГО: Воркер Thread-7 (worker) обрабатывает индексы 320..383 (размер батча 64).
2025-10-13 10:30:20 [DEBUG] Аналитик функций ГО: Запрос эмбеддингов (batch=64, попытка 1/3).
2025-10-13 10:30:20 [DEBUG] Аналитик функций ГО: Запрос эмбеддингов (batch=64, попытка 1/3).
2025-10-13 10:30:20 [DEBUG] Аналитик функций ГО: Воркер Thread-8 (worker) обрабатывает индексы 384..447 (размер батча 64).
2025-10-13 10:30:20 [DEBUG] Аналитик функций ГО: Воркер Thread-9 (worker) обрабатывает индексы 448..511 (размер батча 64).
2025-10-13 10:30:20 [DEBUG] Аналитик функций ГО: Запрос эмбеддингов (batch=64, попытка 1/3).
2025-10-13 10:30:20 [DEBUG] Аналитик функций ГО: Запрос эмбеддингов (batch=64, попытка 1/3).
2025-10-13 10:30:20 [DEBUG] Аналитик функций ГО: Запрос эмбеддингов (batch=64, попытка 1/3).
2025-10-13 10:30:24 [DEBUG] Аналитик функций ГО: Эмбеддинги получены за 4.75 с (batch=64).
2025-10-13 10:30:24 [DEBUG] Аналитик функций ГО: Воркер Thread-5 (worker) обрабатывает индексы 512..575 (размер батча 64).
2025-10-13 10:30:24 [DEBUG] Аналитик функций ГО: Запрос эмбеддингов (batch=64, попытка 1/3).
2025-10-13 10:30:25 [DEBUG] Аналитик функций ГО: Эмбеддинги получены за 4.83 с (batch=64).
2025-10-13 10:30:25 [DEBUG] Аналитик функций ГО: Воркер Thread-3 (worker) обрабатывает индексы 576..639 (размер батча 64).
2025-10-13 10:30:25 [DEBUG] Аналитик функций ГО: Запрос эмбеддингов (batch=64, попытка 1/3).
2025-10-13 10:30:25 [DEBUG] Аналитик функций ГО: Эмбеддинги получены за 5.08 с (batch=64).
2025-10-13 10:30:25 [DEBUG] Аналитик функций ГО: Воркер Thread-9 (worker) обрабатывает индексы 640..703 (размер батча 64).
2025-10-13 10:30:25 [DEBUG] Аналитик функций ГО: Запрос эмбеддингов (batch=64, попытка 1/3).
2025-10-13 10:30:25 [DEBUG] Аналитик функций ГО: Эмбеддинги получены за 5.13 с (batch=64).
2025-10-13 10:30:25 [DEBUG] Аналитик функций ГО: Воркер Thread-6 (worker) обрабатывает индексы 704..745 (размер батча 42).
2025-10-13 10:30:25 [DEBUG] Аналитик функций ГО: Запрос эмбеддингов (batch=42, попытка 1/3).
2025-10-13 10:30:25 [DEBUG] Аналитик функций ГО: Эмбеддинги получены за 5.25 с (batch=64).
2025-10-13 10:30:25 [DEBUG] Аналитик функций ГО: Эмбеддинги получены за 5.27 с (batch=64).
2025-10-13 10:30:25 [DEBUG] Аналитик функций ГО: Эмбеддинги получены за 5.29 с (batch=64).
2025-10-13 10:30:25 [DEBUG] Аналитик функций ГО: Эмбеддинги получены за 5.37 с (batch=64).
2025-10-13 10:30:27 [DEBUG] Аналитик функций ГО: Эмбеддинги получены за 1.85 с (batch=42).
2025-10-13 10:30:27 [DEBUG] Аналитик функций ГО: Эмбеддинги получены за 2.28 с (batch=64).
2025-10-13 10:30:27 [DEBUG] Аналитик функций ГО: Эмбеддинги получены за 2.27 с (batch=64).
2025-10-13 10:30:27 [DEBUG] Аналитик функций ГО: Эмбеддинги получены за 2.08 с (batch=64).
2025-10-13 10:30:27 [INFO] Аналитик функций ГО: Получено 746 векторных представлений.
2025-10-13 10:30:27 [INFO] Аналитик функций ГО: Валидация эмбеддингов — 746 векторов, размерность 768, средняя норма 1.0000.
2025-10-13 10:30:27 [WARNING] Аналитик функций ГО: Обнаружено 37 пар идентичных векторов (примеры: МКИРК-137↔МКИРК-6, МКИРК-376↔ККМКИРК-11, МКИРК-324↔ККМКИРК-112).
2025-10-13 10:30:30 [INFO] Аналитик функций ГО: Запускаю AI-верификацию 220 пар (порог 0.50).
2025-10-13 10:30:35 [INFO] Аналитик функций ГО: AI-верификация 44/220.
2025-10-13 10:30:37 [INFO] Аналитик функций ГО: AI-верификация 88/220.
2025-10-13 10:30:39 [INFO] Аналитик функций ГО: AI-верификация 132/220.
2025-10-13 10:30:41 [INFO] Аналитик функций ГО: AI-верификация 176/220.
2025-10-13 10:30:57 [INFO] Аналитик функций ГО: AI-верификация 220/220.
2025-10-13 10:30:57 [INFO] Аналитик функций ГО: AI подтвердил связь КАДКДМКИРК-31 (КАДКДМКИРК) → МКИРК-474 (МКИРК) [sim 0.992] — AI-вердикт: CORRECT
2025-10-13 10:30:57 [INFO] Аналитик функций ГО: AI подтвердил связь ККМКИРК-11 (ККМКИРК) → МКИРК-376 (МКИРК) [sim 1.000] — AI-вердикт: CORRECT
2025-10-13 10:30:57 [INFO] Аналитик функций ГО: AI подтвердил связь ККМКИРК-119 (ККМКИРК) → МКИРК-298 (МКИРК) [sim 1.000] — AI-вердикт: CORRECT
2025-10-13 10:30:57 [INFO] Аналитик функций ГО: AI подтвердил связь КАДКДМКИРК-36 (КАДКДМКИРК) → МКИРК-475 (МКИРК) [sim 0.982] — AI-вердикт: CORRECT
2025-10-13 10:30:57 [INFO] Аналитик функций ГО: AI подтвердил связь КАДКДМКИРК-62 (КАДКДМКИРК) → МКИРК-352 (МКИРК) [sim 0.973] — AI-вердикт: CORRECT
2025-10-13 10:30:57 [INFO] Аналитик функций ГО: AI подтвердил связь КАДКДМКИРК-23 (КАДКДМКИРК) → МКИРК-477 (МКИРК) [sim 0.994] — AI-вердикт: CORRECT
2025-10-13 10:30:57 [INFO] Аналитик функций ГО: AI подтвердил связь ККМКИРК-122 (ККМКИРК) → МКИРК-301 (МКИРК) [sim 1.000] — AI-вердикт: CORRECT
2025-10-13 10:30:57 [INFO] Аналитик функций ГО: AI подтвердил связь ККМКИРК-114 (ККМКИРК) → МКИРК-237 (МКИРК) [sim 1.000] — AI-вердикт: CORRECT
2025-10-13 10:30:57 [INFO] Аналитик функций ГО: AI подтвердил связь ККМКИРК-112 (ККМКИРК) → МКИРК-324 (МКИРК) [sim 1.000] — AI-вердикт: CORRECT
2025-10-13 10:30:57 [INFO] Аналитик функций ГО: AI подтвердил связь КАДКДМКИРК-37 (КАДКДМКИРК) → МКИРК-459 (МКИРК) [sim 0.977] — AI-вердикт: CORRECT
2025-10-13 10:30:57 [INFO] Аналитик функций ГО: AI подтвердил связь ККМКИРК-12 (ККМКИРК) → МКИРК-329 (МКИРК) [sim 0.979] — AI-вердикт: CORRECT
2025-10-13 10:30:57 [INFO] Аналитик функций ГО: AI подтвердил связь КАДКДМКИРК-30 (КАДКДМКИРК) → МКИРК-472 (МКИРК) [sim 0.981] — AI-вердикт: CORRECT
2025-10-13 10:30:57 [INFO] Аналитик функций ГО: AI подтвердил связь ККМКИРК-10 (ККМКИРК) → МКИРК-375 (МКИРК) [sim 0.986] — AI-вердикт: CORRECT
2025-10-13 10:30:57 [INFO] Аналитик функций ГО: AI подтвердил связь КАДКДМКИРК-61 (КАДКДМКИРК) → МКИРК-351 (МКИРК) [sim 0.968] — AI-вердикт: CORRECT
2025-10-13 10:30:57 [INFO] Аналитик функций ГО: AI подтвердил связь КАДКДМКИРК-64 (КАДКДМКИРК) → МКИРК-356 (МКИРК) [sim 0.960] — AI-вердикт: CORRECT
2025-10-13 10:30:57 [INFO] Аналитик функций ГО: AI подтвердил связь ККМКИРК-105 (ККМКИРК) → МКИРК-364 (МКИРК) [sim 0.942] — AI-вердикт: CORRECT
2025-10-13 10:30:57 [INFO] Аналитик функций ГО: AI подтвердил связь КАДКДМКИРК-73 (КАДКДМКИРК) → МКИРК-535 (МКИРК) [sim 0.968] — AI-вердикт: CORRECT
2025-10-13 10:30:57 [INFO] Аналитик функций ГО: AI подтвердил связь КАДКДМКИРК-69 (КАДКДМКИРК) → МКИРК-434 (МКИРК) [sim 0.941] — AI-вердикт: CORRECT
2025-10-13 10:30:57 [INFO] Аналитик функций ГО: AI подтвердил связь КАДКДМКИРК-25 (КАДКДМКИРК) → МКИРК-468 (МКИРК) [sim 0.987] — AI-вердикт: CORRECT
2025-10-13 10:30:57 [INFO] Аналитик функций ГО: AI подтвердил связь КАДКДМКИРК-32 (КАДКДМКИРК) → МКИРК-473 (МКИРК) [sim 0.994] — AI-вердикт: CORRECT
2025-10-13 10:30:57 [INFO] Аналитик функций ГО: AI подтвердил связь КАДКДМКИРК-33 (КАДКДМКИРК) → МКИРК-471 (МКИРК) [sim 0.981] — AI-вердикт: CORRECT
2025-10-13 10:30:57 [INFO] Аналитик функций ГО: AI подтвердил связь КАДКДМКИРК-27 (КАДКДМКИРК) → МКИРК-469 (МКИРК) [sim 0.984] — AI-вердикт: CORRECT
2025-10-13 10:30:57 [INFO] Аналитик функций ГО: AI подтвердил связь КАДКДМКИРК-34 (КАДКДМКИРК) → МКИРК-476 (МКИРК) [sim 0.986] — AI-вердикт: CORRECT
2025-10-13 10:30:57 [INFO] Аналитик функций ГО: AI подтвердил связь КАДКДМКИРК-40 (КАДКДМКИРК) → МКИРК-17 (МКИРК) [sim 0.882] — AI-вердикт: CORRECT
2025-10-13 10:30:57 [INFO] Аналитик функций ГО: AI подтвердил связь КАДКДМКИРК-24 (КАДКДМКИРК) → МКИРК-466 (МКИРК) [sim 0.993] — AI-вердикт: CORRECT
2025-10-13 10:30:57 [INFO] Аналитик функций ГО: AI подтвердил связь КАДКДМКИРК-18 (КАДКДМКИРК) → МКИРК-333 (МКИРК) [sim 0.973] — AI-вердикт: CORRECT
2025-10-13 10:30:57 [INFO] Аналитик функций ГО: AI подтвердил связь ККМКИРК-118 (ККМКИРК) → МКИРК-264 (МКИРК) [sim 1.000] — AI-вердикт: CORRECT
2025-10-13 10:30:57 [INFO] Аналитик функций ГО: AI подтвердил связь КАДКДМКИРК-68 (КАДКДМКИРК) → МКИРК-433 (МКИРК) [sim 0.891] — AI-вердикт: CORRECT
2025-10-13 10:30:57 [INFO] Аналитик функций ГО: AI подтвердил связь КАДКДМКИРК-51 (КАДКДМКИРК) → МКИРК-485 (МКИРК) [sim 0.982] — AI-вердикт: CORRECT
2025-10-13 10:30:57 [INFO] Аналитик функций ГО: AI подтвердил связь КАДКДМКИРК-67 (КАДКДМКИРК) → МКИРК-432 (МКИРК) [sim 0.981] — AI-вердикт: CORRECT
2025-10-13 10:30:57 [INFO] Аналитик функций ГО: AI подтвердил связь КАДКДМКИРК-35 (КАДКДМКИРК) → МКИРК-478 (МКИРК) [sim 0.995] — AI-вердикт: CORRECT
2025-10-13 10:30:57 [INFO] Аналитик функций ГО: AI подтвердил связь КАДКДМКИРК-15 (КАДКДМКИРК) → МКИРК-320 (МКИРК) [sim 0.952] — AI-вердикт: CORRECT
2025-10-13 10:30:57 [INFO] Аналитик функций ГО: AI подтвердил связь КАДКДМКИРК-60 (КАДКДМКИРК) → МКИРК-337 (МКИРК) [sim 0.968] — AI-вердикт: CORRECT
2025-10-13 10:30:57 [INFO] Аналитик функций ГО: AI подтвердил связь ККМКИРК-117 (ККМКИРК) → МКИРК-490 (МКИРК) [sim 1.000] — AI-вердикт: CORRECT
2025-10-13 10:30:57 [INFO] Аналитик функций ГО: AI подтвердил связь КАДКДМКИРК-26 (КАДКДМКИРК) → МКИРК-470 (МКИРК) [sim 0.962] — AI-вердикт: CORRECT
2025-10-13 10:30:57 [INFO] Аналитик функций ГО: AI подтвердил связь КАДКДМКИРК-54 (КАДКДМКИРК) → МКИРК-372 (МКИРК) [sim 0.971] — AI-вердикт: CORRECT
2025-10-13 10:30:57 [INFO] Аналитик функций ГО: AI подтвердил связь КАДКДМКИРК-8 (КАДКДМКИРК) → МКИРК-65 (МКИРК) [sim 0.844] — AI-вердикт: CORRECT
2025-10-13 10:30:57 [INFO] Аналитик функций ГО: AI подтвердил связь КАДКДМКИРК-28 (КАДКДМКИРК) → МКИРК-472 (МКИРК) [sim 0.808] — AI-вердикт: CORRECT
2025-10-13 10:30:57 [INFO] Аналитик функций ГО: AI подтвердил связь КАДКДМКИРК-63 (КАДКДМКИРК) → МКИРК-353 (МКИРК) [sim 0.975] — AI-вердикт: CORRECT
2025-10-13 10:30:57 [INFO] Аналитик функций ГО: AI подтвердил связь ККМКИРК-13 (ККМКИРК) → МКИРК-386 (МКИРК) [sim 1.000] — AI-вердикт: CORRECT
2025-10-13 10:30:57 [INFO] Аналитик функций ГО: AI подтвердил связь КАДКДМКИРК-19 (КАДКДМКИРК) → МКИРК-467 (МКИРК) [sim 0.990] — AI-вердикт: CORRECT
2025-10-13 10:30:57 [INFO] Аналитик функций ГО: AI подтвердил связь КАДКДМКИРК-14 (КАДКДМКИРК) → МКИРК-70 (МКИРК) [sim 0.889] — AI-вердикт: CORRECT
2025-10-13 10:30:57 [INFO] Аналитик функций ГО: AI подтвердил связь ККМКИРК-104 (ККМКИРК) → МКИРК-400 (МКИРК) [sim 0.925] — AI-вердикт: CORRECT
2025-10-13 10:30:57 [INFO] Аналитик функций ГО: AI подтвердил связь ККМКИРК-130 (ККМКИРК) → МКИРК-371 (МКИРК) [sim 1.000] — AI-вердикт: CORRECT
2025-10-13 10:30:57 [INFO] Аналитик функций ГО: AI подтвердил связь ККМКИРК-108 (ККМКИРК) → МКИРК-333 (МКИРК) [sim 0.959] — AI-вердикт: CORRECT
2025-10-13 10:30:57 [INFO] Аналитик функций ГО: AI подтвердил связь КАДКДМКИРК-3 (КАДКДМКИРК) → МКИРК-479 (МКИРК) [sim 0.986] — AI-вердикт: CORRECT
2025-10-13 10:30:57 [INFO] Аналитик функций ГО: AI подтвердил связь КАДКДМКИРК-49 (КАДКДМКИРК) → МКИРК-186 (МКИРК) [sim 0.841] — AI-вердикт: CORRECT
2025-10-13 10:30:57 [INFO] Аналитик функций ГО: AI подтвердил связь ККМКИРК-102 (ККМКИРК) → МКИРК-17 (МКИРК) [sim 0.894] — AI-вердикт: CORRECT
2025-10-13 10:30:57 [INFO] Аналитик функций ГО: AI подтвердил связь ККМКИРК-132 (ККМКИРК) → МКИРК-321 (МКИРК) [sim 1.000] — AI-вердикт: CORRECT
2025-10-13 10:30:57 [INFO] Аналитик функций ГО: AI подтвердил связь ККМКИРК-137 (ККМКИРК) → МКИРК-387 (МКИРК) [sim 1.000] — AI-вердикт: CORRECT
2025-10-13 10:30:57 [INFO] Аналитик функций ГО: AI подтвердил связь КАДКДМКИРК-47 (КАДКДМКИРК) → МКИРК-277 (МКИРК) [sim 0.834] — AI-вердикт: CORRECT
2025-10-13 10:30:57 [INFO] Аналитик функций ГО: AI подтвердил связь ККМКИРК-138 (ККМКИРК) → МКИРК-488 (МКИРК) [sim 1.000] — AI-вердикт: CORRECT
2025-10-13 10:30:57 [INFO] Аналитик функций ГО: AI подтвердил связь ККМКИРК-133 (ККМКИРК) → МКИРК-326 (МКИРК) [sim 1.000] — AI-вердикт: CORRECT
2025-10-13 10:30:57 [INFO] Аналитик функций ГО: AI подтвердил связь КАДКДМКИРК-65 (КАДКДМКИРК) → МКИРК-366 (МКИРК) [sim 0.984] — AI-вердикт: CORRECT
2025-10-13 10:30:57 [INFO] Аналитик функций ГО: AI подтвердил связь КАДКДМКИРК-57 (КАДКДМКИРК) → МКИРК-373 (МКИРК) [sim 0.989] — AI-вердикт: CORRECT
2025-10-13 10:30:57 [INFO] Аналитик функций ГО: AI подтвердил связь ККМКИРК-126 (ККМКИРК) → МКИРК-363 (МКИРК) [sim 0.995] — AI-вердикт: CORRECT
2025-10-13 10:30:57 [INFO] Аналитик функций ГО: AI подтвердил связь ККМКИРК-121 (ККМКИРК) → МКИРК-300 (МКИРК) [sim 0.880] — AI-вердикт: CORRECT
2025-10-13 10:30:57 [INFO] Аналитик функций ГО: AI подтвердил связь ККМКИРК-20 (ККМКИРК) → МКИРК-395 (МКИРК) [sim 1.000] — AI-вердикт: CORRECT
2025-10-13 10:30:57 [INFO] Аналитик функций ГО: AI подтвердил связь ККМКИРК-134 (ККМКИРК) → МКИРК-330 (МКИРК) [sim 0.983] — AI-вердикт: CORRECT
2025-10-13 10:30:57 [INFO] Аналитик функций ГО: AI подтвердил связь ККМКИРК-21 (ККМКИРК) → МКИРК-446 (МКИРК) [sim 1.000] — AI-вердикт: CORRECT
2025-10-13 10:30:57 [INFO] Аналитик функций ГО: AI подтвердил связь ККМКИРК-14 (ККМКИРК) → МКИРК-346 (МКИРК) [sim 0.987] — AI-вердикт: CORRECT
2025-10-13 10:30:57 [INFO] Аналитик функций ГО: AI подтвердил связь ККМКИРК-23 (ККМКИРК) → МКИРК-448 (МКИРК) [sim 0.937] — AI-вердикт: CORRECT
2025-10-13 10:30:57 [INFO] Аналитик функций ГО: AI подтвердил связь ККМКИРК-123 (ККМКИРК) → МКИРК-320 (МКИРК) [sim 0.956] — AI-вердикт: CORRECT
2025-10-13 10:30:57 [INFO] Аналитик функций ГО: AI подтвердил связь ККМКИРК-33 (ККМКИРК) → МКИРК-393 (МКИРК) [sim 1.000] — AI-вердикт: CORRECT
2025-10-13 10:30:57 [INFO] Аналитик функций ГО: AI подтвердил связь ККМКИРК-32 (ККМКИРК) → МКИРК-327 (МКИРК) [sim 1.000] — AI-вердикт: CORRECT
2025-10-13 10:30:57 [INFO] Аналитик функций ГО: AI подтвердил связь ККМКИРК-17 (ККМКИРК) → МКИРК-336 (МКИРК) [sim 0.982] — AI-вердикт: CORRECT
2025-10-13 10:30:57 [INFO] Аналитик функций ГО: AI подтвердил связь ККМКИРК-16 (ККМКИРК) → МКИРК-348 (МКИРК) [sim 0.982] — AI-вердикт: CORRECT
2025-10-13 10:30:57 [INFO] Аналитик функций ГО: AI подтвердил связь КАДКДМКИРК-13 (КАДКДМКИРК) → МКИРК-71 (МКИРК) [sim 0.929] — AI-вердикт: CORRECT
2025-10-13 10:30:57 [INFO] Аналитик функций ГО: AI подтвердил связь КАДКДМКИРК-56 (КАДКДМКИРК) → МКИРК-396 (МКИРК) [sim 0.981] — AI-вердикт: CORRECT
2025-10-13 10:30:57 [INFO] Аналитик функций ГО: AI подтвердил связь ККМКИРК-127 (ККМКИРК) → МКИРК-440 (МКИРК) [sim 0.994] — AI-вердикт: CORRECT
2025-10-13 10:30:57 [INFO] Аналитик функций ГО: AI подтвердил связь ККМКИРК-26 (ККМКИРК) → МКИРК-389 (МКИРК) [sim 1.000] — AI-вердикт: CORRECT
2025-10-13 10:30:57 [INFO] Аналитик функций ГО: AI подтвердил связь ККМКИРК-24 (ККМКИРК) → МКИРК-391 (МКИРК) [sim 0.997] — AI-вердикт: CORRECT
2025-10-13 10:30:57 [INFO] Аналитик функций ГО: AI подтвердил связь ККМКИРК-120 (ККМКИРК) → МКИРК-299 (МКИРК) [sim 0.986] — AI-вердикт: CORRECT
2025-10-13 10:30:57 [INFO] Аналитик функций ГО: AI подтвердил связь ККМКИРК-30 (ККМКИРК) → МКИРК-341 (МКИРК) [sim 0.985] — AI-вердикт: CORRECT
2025-10-13 10:30:57 [INFO] Аналитик функций ГО: AI подтвердил связь ККМКИРК-143 (ККМКИРК) → МКИРК-109 (МКИРК) [sim 0.855] — AI-вердикт: CORRECT
2025-10-13 10:30:57 [INFO] Аналитик функций ГО: AI подтвердил связь ККМКИРК-36 (ККМКИРК) → МКИРК-436 (МКИРК) [sim 0.975] — AI-вердикт: CORRECT
2025-10-13 10:30:57 [INFO] Аналитик функций ГО: AI подтвердил связь ККМКИРК-40 (ККМКИРК) → МКИРК-449 (МКИРК) [sim 1.000] — AI-вердикт: CORRECT
2025-10-13 10:30:57 [INFO] Аналитик функций ГО: AI подтвердил связь ККМКИРК-43 (ККМКИРК) → МКИРК-452 (МКИРК) [sim 1.000] — AI-вердикт: CORRECT
2025-10-13 10:30:57 [INFO] Аналитик функций ГО: AI подтвердил связь ККМКИРК-57 (ККМКИРК) → МКИРК-422 (МКИРК) [sim 1.000] — AI-вердикт: CORRECT
2025-10-13 10:30:57 [INFO] Аналитик функций ГО: AI подтвердил связь ККМКИРК-46 (ККМКИРК) → МКИРК-445 (МКИРК) [sim 0.959] — AI-вердикт: CORRECT
2025-10-13 10:30:57 [INFO] Аналитик функций ГО: AI подтвердил связь КАДКДМКИРК-4 (КАДКДМКИРК) → МКИРК-9 (МКИРК) [sim 0.853] — AI-вердикт: CORRECT
2025-10-13 10:30:57 [INFO] Аналитик функций ГО: AI подтвердил связь ККМКИРК-115 (ККМКИРК) → МКИРК-237 (МКИРК) [sim 0.890] — AI-вердикт: CORRECT
2025-10-13 10:30:57 [INFO] Аналитик функций ГО: AI подтвердил связь ККМКИРК-51 (ККМКИРК) → МКИРК-430 (МКИРК) [sim 1.000] — AI-вердикт: CORRECT
2025-10-13 10:30:57 [INFO] Аналитик функций ГО: AI подтвердил связь ККМКИРК-44 (ККМКИРК) → МКИРК-453 (МКИРК) [sim 1.000] — AI-вердикт: CORRECT
2025-10-13 10:30:57 [INFO] Аналитик функций ГО: AI подтвердил связь ККМКИРК-38 (ККМКИРК) → МКИРК-441 (МКИРК) [sim 0.974] — AI-вердикт: CORRECT
2025-10-13 10:30:57 [INFO] Аналитик функций ГО: AI подтвердил связь ККМКИРК-140 (ККМКИРК) → МКИРК-340 (МКИРК) [sim 0.918] — AI-вердикт: CORRECT
2025-10-13 10:30:57 [INFO] Аналитик функций ГО: AI подтвердил связь ККМКИРК-136 (ККМКИРК) → МКИРК-347 (МКИРК) [sim 0.920] — AI-вердикт: CORRECT
2025-10-13 10:30:57 [INFO] Аналитик функций ГО: AI подтвердил связь ККМКИРК-125 (ККМКИРК) → МКИРК-362 (МКИРК) [sim 0.994] — AI-вердикт: CORRECT
2025-10-13 10:30:57 [INFO] Аналитик функций ГО: AI подтвердил связь ККМКИРК-60 (ККМКИРК) → МКИРК-369 (МКИРК) [sim 1.000] — AI-вердикт: CORRECT
2025-10-13 10:30:57 [INFO] Аналитик функций ГО: AI подтвердил связь ККМКИРК-25 (ККМКИРК) → МКИРК-385 (МКИРК) [sim 0.844] — AI-вердикт: CORRECT
2025-10-13 10:30:57 [INFO] Аналитик функций ГО: AI подтвердил связь ККМКИРК-28 (ККМКИРК) → МКИРК-328 (МКИРК) [sim 0.981] — AI-вердикт: CORRECT
2025-10-13 10:30:57 [INFO] Аналитик функций ГО: AI подтвердил связь ККМКИРК-52 (ККМКИРК) → МКИРК-431 (МКИРК) [sim 1.000] — AI-вердикт: CORRECT
2025-10-13 10:30:57 [INFO] Аналитик функций ГО: AI подтвердил связь КАДКДМКИРК-10 (КАДКДМКИРК) → МКИРК-62 (МКИРК) [sim 0.852] — AI-вердикт: CORRECT
2025-10-13 10:30:57 [INFO] Аналитик функций ГО: AI подтвердил связь ККМКИРК-54 (ККМКИРК) → МКИРК-367 (МКИРК) [sim 1.000] — AI-вердикт: CORRECT
2025-10-13 10:30:57 [INFO] Аналитик функций ГО: AI подтвердил связь ККМКИРК-142 (ККМКИРК) → МКИРК-456 (МКИРК) [sim 0.932] — AI-вердикт: CORRECT
2025-10-13 10:30:57 [INFO] Аналитик функций ГО: AI подтвердил связь ККМКИРК-53 (ККМКИРК) → МКИРК-437 (МКИРК) [sim 0.982] — AI-вердикт: CORRECT
2025-10-13 10:30:57 [INFO] Аналитик функций ГО: AI подтвердил связь ККМКИРК-50 (ККМКИРК) → МКИРК-354 (МКИРК) [sim 0.990] — AI-вердикт: CORRECT
2025-10-13 10:30:57 [INFO] Аналитик функций ГО: AI подтвердил связь ККМКИРК-48 (ККМКИРК) → МКИРК-444 (МКИРК) [sim 0.922] — AI-вердикт: CORRECT
2025-10-13 10:30:57 [INFO] Аналитик функций ГО: AI подтвердил связь ККМКИРК-59 (ККМКИРК) → МКИРК-368 (МКИРК) [sim 0.991] — AI-вердикт: CORRECT
2025-10-13 10:30:57 [INFO] Аналитик функций ГО: AI подтвердил связь ККМКИРК-71 (ККМКИРК) → МКИРК-424 (МКИРК) [sim 0.983] — AI-вердикт: CORRECT
2025-10-13 10:30:57 [INFO] Аналитик функций ГО: AI подтвердил связь ККМКИРК-37 (ККМКИРК) → МКИРК-439 (МКИРК) [sim 0.993] — AI-вердикт: CORRECT
2025-10-13 10:30:57 [INFO] Аналитик функций ГО: AI подтвердил связь ККМКИРК-78 (ККМКИРК) → МКИРК-416 (МКИРК) [sim 1.000] — AI-вердикт: CORRECT
2025-10-13 10:30:57 [INFO] Аналитик функций ГО: AI подтвердил связь ККМКИРК-35 (ККМКИРК) → МКИРК-438 (МКИРК) [sim 0.974] — AI-вердикт: CORRECT
2025-10-13 10:30:57 [INFO] Аналитик функций ГО: AI подтвердил связь ККМКИРК-31 (ККМКИРК) → МКИРК-61 (МКИРК) [sim 0.899] — AI-вердикт: CORRECT
2025-10-13 10:30:57 [INFO] Аналитик функций ГО: AI подтвердил связь ККМКИРК-15 (ККМКИРК) → МКИРК-350 (МКИРК) [sim 0.982] — AI-вердикт: CORRECT
2025-10-13 10:30:57 [INFO] Аналитик функций ГО: AI подтвердил связь ККМКИРК-70 (ККМКИРК) → МКИРК-411 (МКИРК) [sim 0.979] — AI-вердикт: CORRECT
2025-10-13 10:30:57 [INFO] Аналитик функций ГО: AI подтвердил связь ККМКИРК-45 (ККМКИРК) → МКИРК-454 (МКИРК) [sim 0.986] — AI-вердикт: CORRECT
2025-10-13 10:30:57 [INFO] Аналитик функций ГО: AI подтвердил связь ККМКИРК-29 (ККМКИРК) → МКИРК-349 (МКИРК) [sim 0.988] — AI-вердикт: CORRECT
2025-10-13 10:30:57 [INFO] Аналитик функций ГО: AI подтвердил связь ККМКИРК-42 (ККМКИРК) → МКИРК-451 (МКИРК) [sim 0.974] — AI-вердикт: CORRECT
2025-10-13 10:30:57 [INFO] Аналитик функций ГО: AI подтвердил связь ККМКИРК-82 (ККМКИРК) → МКИРК-420 (МКИРК) [sim 1.000] — AI-вердикт: CORRECT
2025-10-13 10:30:57 [INFO] Аналитик функций ГО: AI подтвердил связь ККМКИРК-77 (ККМКИРК) → МКИРК-414 (МКИРК) [sim 0.984] — AI-вердикт: CORRECT
2025-10-13 10:30:57 [INFO] Аналитик функций ГО: AI подтвердил связь ККМКИРК-63 (ККМКИРК) → МКИРК-426 (МКИРК) [sim 1.000] — AI-вердикт: CORRECT
2025-10-13 10:30:57 [INFO] Аналитик функций ГО: AI подтвердил связь ККМКИРК-85 (ККМКИРК) → МКИРК-409 (МКИРК) [sim 0.979] — AI-вердикт: CORRECT
2025-10-13 10:30:57 [INFO] Аналитик функций ГО: AI подтвердил связь ККМКИРК-76 (ККМКИРК) → МКИРК-418 (МКИРК) [sim 1.000] — AI-вердикт: CORRECT
2025-10-13 10:30:57 [INFO] Аналитик функций ГО: AI подтвердил связь ККМКИРК-67 (ККМКИРК) → МКИРК-406 (МКИРК) [sim 0.992] — AI-вердикт: CORRECT
2025-10-13 10:30:57 [INFO] Аналитик функций ГО: AI подтвердил связь КАДКДМКИРК-50 (КАДКДМКИРК) → МКИРК-535-1 (МКИРК) [sim 0.820] — AI-вердикт: CORRECT
2025-10-13 10:30:57 [INFO] Аналитик функций ГО: AI подтвердил связь ККМКИРК-73 (ККМКИРК) → МКИРК-405 (МКИРК) [sim 0.972] — AI-вердикт: CORRECT
2025-10-13 10:30:57 [INFO] Аналитик функций ГО: AI подтвердил связь ККМКИРК-72 (ККМКИРК) → МКИРК-403 (МКИРК) [sim 0.993] — AI-вердикт: CORRECT
2025-10-13 10:30:57 [INFO] Аналитик функций ГО: AI подтвердил связь ККМКИРК-83 (ККМКИРК) → МКИРК-421 (МКИРК) [sim 1.000] — AI-вердикт: CORRECT
2025-10-13 10:30:57 [INFO] Аналитик функций ГО: AI подтвердил связь ККМКИРК-81 (ККМКИРК) → МКИРК-419 (МКИРК) [sim 1.000] — AI-вердикт: CORRECT
2025-10-13 10:30:57 [INFO] Аналитик функций ГО: AI подтвердил связь ККМКИРК-69 (ККМКИРК) → МКИРК-410 (МКИРК) [sim 0.979] — AI-вердикт: CORRECT
2025-10-13 10:30:57 [INFO] Аналитик функций ГО: AI подтвердил связь ККМКИРК-91 (ККМКИРК) → МКИРК-359 (МКИРК) [sim 0.988] — AI-вердикт: CORRECT
2025-10-13 10:30:57 [INFO] Аналитик функций ГО: AI подтвердил связь ККМКИРК-56 (ККМКИРК) → МКИРК-412 (МКИРК) [sim 0.977] — AI-вердикт: CORRECT
2025-10-13 10:30:57 [INFO] Аналитик функций ГО: AI подтвердил связь ККМКИРК-93 (ККМКИРК) → МКИРК-361 (МКИРК) [sim 0.988] — AI-вердикт: CORRECT
2025-10-13 10:30:57 [INFO] Аналитик функций ГО: AI подтвердил связь ККМКИРК-4 (ККМКИРК) → МКИРК-183 (МКИРК) [sim 0.889] — AI-вердикт: CORRECT
2025-10-13 10:30:57 [INFO] Аналитик функций ГО: AI подтвердил связь ККМКИРК-41 (ККМКИРК) → МКИРК-450 (МКИРК) [sim 1.000] — AI-вердикт: CORRECT
2025-10-13 10:30:57 [INFO] Аналитик функций ГО: AI подтвердил связь ККМКИРК-95 (ККМКИРК) → МКИРК-355 (МКИРК) [sim 0.984] — AI-вердикт: CORRECT
2025-10-13 10:30:57 [INFO] Аналитик функций ГО: AI подтвердил связь ККМКИРК-86 (ККМКИРК) → МКИРК-427 (МКИРК) [sim 0.989] — AI-вердикт: CORRECT
2025-10-13 10:30:57 [INFO] Аналитик функций ГО: AI подтвердил связь ККМКИРК-61 (ККМКИРК) → МКИРК-338 (МКИРК) [sim 0.991] — AI-вердикт: CORRECT
2025-10-13 10:30:57 [INFO] Аналитик функций ГО: AI подтвердил связь ККМКИРК-92 (ККМКИРК) → МКИРК-360 (МКИРК) [sim 0.973] — AI-вердикт: CORRECT
2025-10-13 10:30:57 [INFO] Аналитик функций ГО: AI подтвердил связь ККМКИРК-145 (ККМКИРК) → МКИРК-535 (МКИРК) [sim 0.982] — AI-вердикт: CORRECT
2025-10-13 10:30:57 [INFO] Аналитик функций ГО: AI подтвердил связь ККМКИРК-62 (ККМКИРК) → МКИРК-370 (МКИРК) [sim 1.000] — AI-вердикт: CORRECT
2025-10-13 10:30:57 [INFO] Аналитик функций ГО: AI подтвердил связь ККМКИРК-75 (ККМКИРК) → МКИРК-404 (МКИРК) [sim 0.984] — AI-вердикт: CORRECT
2025-10-13 10:30:57 [INFO] Аналитик функций ГО: AI подтвердил связь ККМКИРК-79 (ККМКИРК) → МКИРК-417 (МКИРК) [sim 1.000] — AI-вердикт: CORRECT
2025-10-13 10:30:57 [INFO] Аналитик функций ГО: AI подтвердил связь ККМКИРК-68 (ККМКИРК) → МКИРК-407 (МКИРК) [sim 0.971] — AI-вердикт: CORRECT
2025-10-13 10:30:57 [INFO] Аналитик функций ГО: AI подтвердил связь ККМКИРК-94 (ККМКИРК) → МКИРК-67 (МКИРК) [sim 0.903] — AI-вердикт: CORRECT
2025-10-13 10:30:57 [INFO] Аналитик функций ГО: AI подтвердил связь ККМКИРК-99 (ККМКИРК) → МКИРК-408 (МКИРК) [sim 0.895] — AI-вердикт: CORRECT
2025-10-13 10:30:57 [INFO] Аналитик функций ГО: AI подтвердил связь ККМКИРК-84 (ККМКИРК) → МКИРК-402 (МКИРК) [sim 0.990] — AI-вердикт: CORRECT
2025-10-13 10:30:57 [INFO] Аналитик функций ГО: AI подтвердил связь ККМКИРК-90 (ККМКИРК) → МКИРК-358 (МКИРК) [sim 0.991] — AI-вердикт: CORRECT
2025-10-13 10:30:57 [INFO] Аналитик функций ГО: AI подтвердил связь ККМКИРК-89 (ККМКИРК) → МКИРК-392 (МКИРК) [sim 0.993] — AI-вердикт: CORRECT
2025-10-13 10:30:57 [INFO] Аналитик функций ГО: AI подтвердил связь ККМКИРК-74 (ККМКИРК) → МКИРК-413 (МКИРК) [sim 0.991] — AI-вердикт: CORRECT
2025-10-13 10:30:57 [INFO] Аналитик функций ГО: AI подтвердил связь ККМКИРК-47 (ККМКИРК) → МКИРК-455 (МКИРК) [sim 0.983] — AI-вердикт: CORRECT
2025-10-13 10:30:57 [INFO] Аналитик функций ГО: AI подтвердил связь ККМКИРК-7 (ККМКИРК) → МКИРК-65 (МКИРК) [sim 0.890] — AI-вердикт: CORRECT
2025-10-13 10:30:57 [INFO] Аналитик функций ГО: AI подтвердил связь ККМКИРК-96 (ККМКИРК) → МКИРК-357 (МКИРК) [sim 0.959] — AI-вердикт: CORRECT
2025-10-13 10:30:57 [INFO] Аналитик функций ГО: AI подтвердил связь ККМКИРК-9 (ККМКИРК) → МКИРК-71 (МКИРК) [sim 0.923] — AI-вердикт: CORRECT
2025-10-13 10:30:57 [WARNING] Аналитик функций ГО: AI отклонил связь КАДКДМКИРК-41 (КАДКДМКИРК) → МКИРК-460 (МКИРК) [sim 0.980] — AI-вердикт: NOT_CORRECT
2025-10-13 10:30:57 [WARNING] Аналитик функций ГО: AI отклонил связь КАДКДМКИРК-43 (КАДКДМКИРК) → МКИРК-482 (МКИРК) [sim 0.976] — AI-вердикт: NOT_CORRECT
2025-10-13 10:30:57 [WARNING] Аналитик функций ГО: AI отклонил связь КАДКДМКИРК-44 (КАДКДМКИРК) → МКИРК-481 (МКИРК) [sim 0.981] — AI-вердикт: NOT_CORRECT
2025-10-13 10:30:57 [WARNING] Аналитик функций ГО: AI отклонил связь КАДКДМКИРК-45 (КАДКДМКИРК) → МКИРК-461 (МКИРК) [sim 0.935] — AI-вердикт: NOT_CORRECT
2025-10-13 10:30:57 [WARNING] Аналитик функций ГО: AI отклонил связь КАДКДМКИРК-38 (КАДКДМКИРК) → МКИРК-465 (МКИРК) [sim 0.930] — AI-вердикт: NOT_CORRECT
2025-10-13 10:30:57 [WARNING] Аналитик функций ГО: AI отклонил связь КАДКДМКИРК-9 (КАДКДМКИРК) → МКИРК-56 (МКИРК) [sim 0.723] — AI-вердикт: NOT_CORRECT
2025-10-13 10:30:57 [WARNING] Аналитик функций ГО: AI отклонил связь КАДКДМКИРК-21 (КАДКДМКИРК) → МКИРК-476 (МКИРК) [sim 0.867] — AI-вердикт: NOT_CORRECT
2025-10-13 10:30:57 [WARNING] Аналитик функций ГО: AI отклонил связь ККМКИРК-107 (ККМКИРК) → МКИРК-414 (МКИРК) [sim 0.821] — AI-вердикт: NOT_CORRECT
2025-10-13 10:30:57 [WARNING] Аналитик функций ГО: AI отклонил связь ККМКИРК-100 (ККМКИРК) → МКИРК-415 (МКИРК) [sim 0.944] — AI-вердикт: NOT_CORRECT
2025-10-13 10:30:57 [WARNING] Аналитик функций ГО: AI отклонил связь КАДКДМКИРК-58 (КАДКДМКИРК) → МКИРК-374 (МКИРК) [sim 0.978] — AI-вердикт: NOT_CORRECT
2025-10-13 10:30:57 [WARNING] Аналитик функций ГО: AI отклонил связь ККМКИРК-101 (ККМКИРК) → МКИРК-343 (МКИРК) [sim 0.981] — AI-вердикт: NOT_CORRECT
2025-10-13 10:30:57 [WARNING] Аналитик функций ГО: AI отклонил связь КАДКДМКИРК-29 (КАДКДМКИРК) → МКИРК-477 (МКИРК) [sim 0.886] — AI-вердикт: NOT_CORRECT
2025-10-13 10:30:57 [WARNING] Аналитик функций ГО: AI отклонил связь КАДКДМКИРК-71 (КАДКДМКИРК) → МКИРК-324 (МКИРК) [sim 0.939] — AI-вердикт: NOT_CORRECT
2025-10-13 10:30:57 [WARNING] Аналитик функций ГО: AI отклонил связь КАДКДМКИРК-5 (КАДКДМКИРК) → МКИРК-187 (МКИРК) [sim 0.918] — AI-вердикт: NOT_CORRECT
2025-10-13 10:30:57 [WARNING] Аналитик функций ГО: AI отклонил связь КАДКДМКИРК-22 (КАДКДМКИРК) → МКИРК-462 (МКИРК) [sim 0.877] — AI-вердикт: NOT_CORRECT
2025-10-13 10:30:57 [WARNING] Аналитик функций ГО: AI отклонил связь КАДКДМКИРК-52 (КАДКДМКИРК) → МКИРК-485 (МКИРК) [sim 0.856] — AI-вердикт: NOT_CORRECT
2025-10-13 10:30:57 [WARNING] Аналитик функций ГО: AI отклонил связь ККМКИРК-116 (ККМКИРК) → МКИРК-236 (МКИРК) [sim 0.976] — AI-вердикт: NOT_CORRECT
2025-10-13 10:30:57 [WARNING] Аналитик функций ГО: AI отклонил связь КАДКДМКИРК-11 (КАДКДМКИРК) → МКИРК-146 (МКИРК) [sim 0.815] — AI-вердикт: NOT_CORRECT
2025-10-13 10:30:57 [WARNING] Аналитик функций ГО: AI отклонил связь КАДКДМКИРК-39 (КАДКДМКИРК) → МКИРК-464 (МКИРК) [sim 0.948] — AI-вердикт: NOT_CORRECT
2025-10-13 10:30:57 [WARNING] Аналитик функций ГО: AI отклонил связь КАДКДМКИРК-42 (КАДКДМКИРК) → МКИРК-480 (МКИРК) [sim 0.974] — AI-вердикт: NOT_CORRECT
2025-10-13 10:30:57 [WARNING] Аналитик функций ГО: AI отклонил связь КАДКДМКИРК-70 (КАДКДМКИРК) → МКИРК-200 (МКИРК) [sim 0.845] — AI-вердикт: NOT_CORRECT
2025-10-13 10:30:57 [WARNING] Аналитик функций ГО: AI отклонил связь КАДКДМКИРК-53 (КАДКДМКИРК) → МКИРК-116 (МКИРК) [sim 0.793] — AI-вердикт: NOT_CORRECT
2025-10-13 10:30:57 [WARNING] Аналитик функций ГО: AI отклонил связь КАДКДМКИРК-12 (КАДКДМКИРК) → МКИРК-94 (МКИРК) [sim 0.895] — AI-вердикт: NOT_CORRECT
2025-10-13 10:30:57 [WARNING] Аналитик функций ГО: AI отклонил связь КАДКДМКИРК-48 (КАДКДМКИРК) → МКИРК-486 (МКИРК) [sim 0.973] — AI-вердикт: NOT_CORRECT
2025-10-13 10:30:57 [WARNING] Аналитик функций ГО: AI отклонил связь КАДКДМКИРК-55 (КАДКДМКИРК) → МКИРК-372 (МКИРК) [sim 0.780] — AI-вердикт: NOT_CORRECT
2025-10-13 10:30:57 [WARNING] Аналитик функций ГО: AI отклонил связь КАДКДМКИРК-2 (КАДКДМКИРК) → МКИРК-63 (МКИРК) [sim 0.827] — AI-вердикт: NOT_CORRECT
2025-10-13 10:30:57 [WARNING] Аналитик функций ГО: AI отклонил связь КАДКДМКИРК-46 (КАДКДМКИРК) → МКИРК-463 (МКИРК) [sim 0.953] — AI-вердикт: NOT_CORRECT
2025-10-13 10:30:57 [WARNING] Аналитик функций ГО: AI отклонил связь ККМКИРК-111 (ККМКИРК) → МКИРК-390 (МКИРК) [sim 0.820] — AI-вердикт: NOT_CORRECT
2025-10-13 10:30:57 [WARNING] Аналитик функций ГО: AI отклонил связь КАДКДМКИРК-7 (КАДКДМКИРК) → МКИРК-316 (МКИРК) [sim 0.934] — AI-вердикт: NOT_CORRECT
2025-10-13 10:30:57 [WARNING] Аналитик функций ГО: AI отклонил связь ККМКИРК-128 (ККМКИРК) → МКИРК-443 (МКИРК) [sim 0.942] — AI-вердикт: NOT_CORRECT
2025-10-13 10:30:57 [WARNING] Аналитик функций ГО: AI отклонил связь ККМКИРК-128-1 (ККМКИРК) → МКИРК-443 (МКИРК) [sim 0.942] — AI-вердикт: NOT_CORRECT
2025-10-13 10:30:57 [WARNING] Аналитик функций ГО: AI отклонил связь КАДКДМКИРК-72 (КАДКДМКИРК) → МКИРК-322 (МКИРК) [sim 0.828] — AI-вердикт: NOT_CORRECT
2025-10-13 10:30:57 [WARNING] Аналитик функций ГО: AI отклонил связь КАДКДМКИРК-16 (КАДКДМКИРК) → МКИРК-67 (МКИРК) [sim 0.923] — AI-вердикт: NOT_CORRECT
2025-10-13 10:30:57 [WARNING] Аналитик функций ГО: AI отклонил связь ККМКИРК-1 (ККМКИРК) → МКИРК-315 (МКИРК) [sim 0.886] — AI-вердикт: NOT_CORRECT
2025-10-13 10:30:57 [WARNING] Аналитик функций ГО: AI отклонил связь ККМКИРК-135 (ККМКИРК) → МКИРК-334 (МКИРК) [sim 0.946] — AI-вердикт: NOT_CORRECT
2025-10-13 10:30:57 [WARNING] Аналитик функций ГО: AI отклонил связь ККМКИРК-129 (ККМКИРК) → МКИРК-335 (МКИРК) [sim 0.967] — AI-вердикт: NOT_CORRECT
2025-10-13 10:30:57 [WARNING] Аналитик функций ГО: AI отклонил связь ККМКИРК-131 (ККМКИРК) → МКИРК-17 (МКИРК) [sim 0.821] — AI-вердикт: NOT_CORRECT
2025-10-13 10:30:57 [WARNING] Аналитик функций ГО: AI отклонил связь КАДКДМКИРК-66 (КАДКДМКИРК) → МКИРК-314 (МКИРК) [sim 0.813] — AI-вердикт: NOT_CORRECT
2025-10-13 10:30:57 [WARNING] Аналитик функций ГО: AI отклонил связь ККМКИРК-128-2 (ККМКИРК) → МКИРК-443 (МКИРК) [sim 0.847] — AI-вердикт: NOT_CORRECT
2025-10-13 10:30:57 [WARNING] Аналитик функций ГО: AI отклонил связь КАДКДМКИРК-17 (КАДКДМКИРК) → МКИРК-331 (МКИРК) [sim 0.959] — AI-вердикт: NOT_CORRECT
2025-10-13 10:30:57 [WARNING] Аналитик функций ГО: AI отклонил связь ККМКИРК-103 (ККМКИРК) → МКИРК-442 (МКИРК) [sim 0.949] — AI-вердикт: NOT_CORRECT
2025-10-13 10:30:57 [WARNING] Аналитик функций ГО: AI отклонил связь ККМКИРК-124 (ККМКИРК) → МКИРК-300 (МКИРК) [sim 0.850] — AI-вердикт: NOT_CORRECT
2025-10-13 10:30:57 [WARNING] Аналитик функций ГО: AI отклонил связь КАДКДМКИРК-6 (КАДКДМКИРК) → МКИРК-61 (МКИРК) [sim 0.909] — AI-вердикт: NOT_CORRECT
2025-10-13 10:30:57 [WARNING] Аналитик функций ГО: AI отклонил связь КАДКДМКИРК-59 (КАДКДМКИРК) → МКИРК-397 (МКИРК) [sim 0.964] — AI-вердикт: NOT_CORRECT
2025-10-13 10:30:57 [WARNING] Аналитик функций ГО: AI отклонил связь ККМКИРК-34 (ККМКИРК) → МКИРК-388 (МКИРК) [sim 0.889] — AI-вердикт: NOT_CORRECT
2025-10-13 10:30:57 [WARNING] Аналитик функций ГО: AI отклонил связь ККМКИРК-139 (ККМКИРК) → МКИРК-314 (МКИРК) [sim 0.891] — AI-вердикт: NOT_CORRECT
2025-10-13 10:30:57 [WARNING] Аналитик функций ГО: AI отклонил связь ККМКИРК-141 (ККМКИРК) → МКИРК-377 (МКИРК) [sim 0.958] — AI-вердикт: NOT_CORRECT
2025-10-13 10:30:58 [WARNING] Аналитик функций ГО: AI отклонил связь ККМКИРК-22 (ККМКИРК) → МКИРК-448 (МКИРК) [sim 0.791] — AI-вердикт: NOT_CORRECT
2025-10-13 10:30:58 [WARNING] Аналитик функций ГО: AI отклонил связь ККМКИРК-113 (ККМКИРК) → МКИРК-315 (МКИРК) [sim 0.882] — AI-вердикт: NOT_CORRECT
2025-10-13 10:30:58 [WARNING] Аналитик функций ГО: AI отклонил связь КАДКДМКИРК-20 (КАДКДМКИРК) → МКИРК-460 (МКИРК) [sim 0.889] — AI-вердикт: NOT_CORRECT
2025-10-13 10:30:58 [WARNING] Аналитик функций ГО: AI отклонил связь ККМКИРК-110 (ККМКИРК) → МКИРК-338 (МКИРК) [sim 0.874] — AI-вердикт: NOT_CORRECT
2025-10-13 10:30:58 [WARNING] Аналитик функций ГО: AI отклонил связь ККМКИРК-109 (ККМКИРК) → МКИРК-401 (МКИРК) [sim 0.982] — AI-вердикт: NOT_CORRECT
2025-10-13 10:30:58 [WARNING] Аналитик функций ГО: AI отклонил связь ККМКИРК-39 (ККМКИРК) → МКИРК-453 (МКИРК) [sim 0.846] — AI-вердикт: NOT_CORRECT
2025-10-13 10:30:58 [WARNING] Аналитик функций ГО: AI отклонил связь ККМКИРК-19 (ККМКИРК) → МКИРК-339 (МКИРК) [sim 0.959] — AI-вердикт: NOT_CORRECT
2025-10-13 10:30:58 [WARNING] Аналитик функций ГО: AI отклонил связь ККМКИРК-106 (ККМКИРК) → МКИРК-364 (МКИРК) [sim 0.862] — AI-вердикт: NOT_CORRECT
2025-10-13 10:30:58 [WARNING] Аналитик функций ГО: AI отклонил связь ККМКИРК-6 (ККМКИРК) → МКИРК-187 (МКИРК) [sim 0.930] — AI-вердикт: NOT_CORRECT
2025-10-13 10:30:58 [WARNING] Аналитик функций ГО: AI отклонил связь ККМКИРК-18 (ККМКИРК) → МКИРК-331 (МКИРК) [sim 0.793] — AI-вердикт: NOT_CORRECT
2025-10-13 10:30:58 [WARNING] Аналитик функций ГО: AI отклонил связь ККМКИРК-80 (ККМКИРК) → МКИРК-415 (МКИРК) [sim 0.915] — AI-вердикт: NOT_CORRECT
2025-10-13 10:30:58 [WARNING] Аналитик функций ГО: AI отклонил связь КАДКДМКИРК-1 (КАДКДМКИРК) → МКИРК-315 (МКИРК) [sim 0.819] — AI-вердикт: NOT_CORRECT
2025-10-13 10:30:58 [WARNING] Аналитик функций ГО: AI отклонил связь ККМКИРК-55 (ККМКИРК) → МКИРК-413 (МКИРК) [sim 0.887] — AI-вердикт: NOT_CORRECT
2025-10-13 10:30:58 [WARNING] Аналитик функций ГО: AI отклонил связь ККМКИРК-2 (ККМКИРК) → МКИРК-315 (МКИРК) [sim 0.885] — AI-вердикт: NOT_CORRECT
2025-10-13 10:30:58 [WARNING] Аналитик функций ГО: AI отклонил связь ККМКИРК-3 (ККМКИРК) → МКИРК-113 (МКИРК) [sim 0.820] — AI-вердикт: NOT_CORRECT
2025-10-13 10:30:58 [WARNING] Аналитик функций ГО: AI отклонил связь ККМКИРК-98 (ККМКИРК) → МКИРК-365 (МКИРК) [sim 0.941] — AI-вердикт: NOT_CORRECT
2025-10-13 10:30:58 [WARNING] Аналитик функций ГО: AI отклонил связь ККМКИРК-5 (ККМКИРК) → МКИРК-185 (МКИРК) [sim 0.823] — AI-вердикт: NOT_CORRECT
2025-10-13 10:30:58 [WARNING] Аналитик функций ГО: AI отклонил связь ККМКИРК-65 (ККМКИРК) → МКИРК-367 (МКИРК) [sim 0.855] — AI-вердикт: NOT_CORRECT
2025-10-13 10:30:58 [WARNING] Аналитик функций ГО: AI отклонил связь ККМКИРК-64 (ККМКИРК) → МКИРК-428 (МКИРК) [sim 0.804] — AI-вердикт: NOT_CORRECT
2025-10-13 10:30:58 [WARNING] Аналитик функций ГО: AI отклонил связь ККМКИРК-88 (ККМКИРК) → МКИРК-429 (МКИРК) [sim 0.952] — AI-вердикт: NOT_CORRECT
2025-10-13 10:30:58 [WARNING] Аналитик функций ГО: AI отклонил связь ККМКИРК-97 (ККМКИРК) → МКИРК-342 (МКИРК) [sim 0.893] — AI-вердикт: NOT_CORRECT
2025-10-13 10:30:58 [WARNING] Аналитик функций ГО: AI отклонил связь ККМКИРК-49 (ККМКИРК) → МКИРК-331 (МКИРК) [sim 0.983] — AI-вердикт: NOT_CORRECT
2025-10-13 10:30:58 [WARNING] Аналитик функций ГО: AI отклонил связь ККМКИРК-58 (ККМКИРК) → МКИРК-428 (МКИРК) [sim 0.846] — AI-вердикт: NOT_CORRECT
2025-10-13 10:30:58 [WARNING] Аналитик функций ГО: AI отклонил связь ККМКИРК-8 (ККМКИРК) → МКИРК-367 (МКИРК) [sim 0.836] — AI-вердикт: NOT_CORRECT
2025-10-13 10:30:58 [WARNING] Аналитик функций ГО: AI отклонил связь ККМКИРК-144 (ККМКИРК) → МКИРК-458 (МКИРК) [sim 0.971] — AI-вердикт: NOT_CORRECT
2025-10-13 10:30:58 [WARNING] Аналитик функций ГО: AI отклонил связь ККМКИРК-87 (ККМКИРК) → МКИРК-428 (МКИРК) [sim 0.937] — AI-вердикт: NOT_CORRECT
2025-10-13 10:30:58 [WARNING] Аналитик функций ГО: AI отклонил связь ККМКИРК-27 (ККМКИРК) → МКИРК-385 (МКИРК) [sim 0.950] — AI-вердикт: NOT_CORRECT
2025-10-13 10:30:58 [WARNING] Аналитик функций ГО: AI отклонил связь ККМКИРК-66 (ККМКИРК) → МКИРК-425 (МКИРК) [sim 0.964] — AI-вердикт: NOT_CORRECT
2025-10-13 10:30:58 [INFO] Аналитик функций ГО: AI-верификация завершена — подтверждено 145 (LLM OK: 145), отклонено 75, с ошибками 0.
2025-10-13 10:30:58 [INFO] Аналитик функций ГО: Анализ завершен за 39.10 секунд.
2025-10-13 10:30:58 [INFO] Аналитик функций ГО: Сохраняю отчет /home/marinadec/Projects/functions_analysis/files/ADGS+MIN+minCOM_test_hierarchy.xlsx.
2025-10-13 10:30:58 [INFO] Аналитик функций ГО: Формирую технический лог /home/marinadec/Projects/functions_analysis/files/log.xlsx.
2025-10-13 11:06:31 [INFO] Аналитик функций ГО: Инициирую обработку.
2025-10-13 11:06:31 [INFO] Аналитик функций ГО: Использую внешний сервис эмбеддингов http://192.168.8.202:1234/v1.
2025-10-13 11:06:31 [INFO] Аналитик функций ГО: Старт анализа. Соблюдаю системный промпт методологии.
2025-10-13 11:06:31 [INFO] Аналитик функций ГО: System Ты — аналитик функций государственных органов. Используй методологию «Иерархический анализ функций ГО», версия 1.4. Запрещено выводить исходный код или задавать вопросы. Обязательные правила: • Колонка «Ссылается на» никогда не пустая: либо ID функции ЦГО, либо ровно отсутствует.• Никаких цветовых заливок, выделений шрифтом и прочего форматирования. Алгоритм:
1. Прочитай входной Excel (столбцы: ID функции, Центральный ГО, Подведомственный ГО, Полный текст функции).
2. Определи центральный орган (central_org) как единственное значение столбца «Центральный ГО».
3. Предобработай текст и создай эмбеддинги RuBERT-base.
4. Для каждой функции ПГО найди максимальное косинусное сходство с функциями ЦГО.
5. Если сходство ≥ 0,50 → запиши ID соответствующей функции ЦГО в «Ссылается на»; иначе запиши отсутствует.
6. В строках ЦГО собери список ПГО, сославшихся на данную функцию, и заполни столбец «Реализуется (только для ЦГО)». У строк ПГО эта ячейка остаётся пустой.
7. Создай лист Report со столбцами: ID функции, Полный текст функции, Исполнитель, Ссылается на, Реализуется (только для ЦГО).
8. Создай скрытый лист log и запиши {SubID, CentralID, simScore, topKeywords, reason} для каждой строки.
9. Сохрани Excel-файл и заверши работу без дополнительных сообщений.
2025-10-13 11:06:31 [INFO] Аналитик функций ГО: Загружаю файл /home/marinadec/Projects/functions_analysis/files/ADGS+MIN+minCOM_test.xlsx.
2025-10-13 11:06:32 [INFO] Аналитик функций ГО: Выполняю лемматизацию и удаление стоп-слов.
2025-10-13 11:06:32 [INFO] Аналитик функций ГО: Предобработка выполнена для 50 записей.
2025-10-13 11:06:32 [INFO] Аналитик функций ГО: Предобработка выполнена для 100 записей.
2025-10-13 11:06:32 [INFO] Аналитик функций ГО: Предобработка выполнена для 150 записей.
2025-10-13 11:06:32 [INFO] Аналитик функций ГО: Предобработка выполнена для 200 записей.
2025-10-13 11:06:32 [INFO] Аналитик функций ГО: Предобработка выполнена для 250 записей.
2025-10-13 11:06:32 [INFO] Аналитик функций ГО: Предобработка выполнена для 300 записей.
2025-10-13 11:06:32 [INFO] Аналитик функций ГО: Предобработка выполнена для 350 записей.
2025-10-13 11:06:32 [INFO] Аналитик функций ГО: Предобработка выполнена для 400 записей.
2025-10-13 11:06:32 [INFO] Аналитик функций ГО: Предобработка выполнена для 450 записей.
2025-10-13 11:06:33 [INFO] Аналитик функций ГО: Предобработка выполнена для 500 записей.
2025-10-13 11:06:33 [INFO] Аналитик функций ГО: Предобработка выполнена для 550 записей.
2025-10-13 11:06:33 [INFO] Аналитик функций ГО: Предобработка выполнена для 600 записей.
2025-10-13 11:06:33 [INFO] Аналитик функций ГО: Предобработка выполнена для 650 записей.
2025-10-13 11:06:33 [INFO] Аналитик функций ГО: Предобработка выполнена для 700 записей.
2025-10-13 11:06:33 [INFO] Аналитик функций ГО: Формирую эмбеддинги text-embedding-qwen3-embedding-8b.
2025-10-13 11:06:33 [DEBUG] Аналитик функций ГО: Планирую 746 текстов для удалённых эмбеддингов в 12 батчах (batch_size=64, workers=8).
2025-10-13 11:06:33 [DEBUG] Аналитик функций ГО: Воркер Thread-2 (worker) обрабатывает индексы 0..63 (размер батча 64).
2025-10-13 11:06:33 [DEBUG] Аналитик функций ГО: Воркер Thread-3 (worker) обрабатывает индексы 64..127 (размер батча 64).
2025-10-13 11:06:33 [DEBUG] Аналитик функций ГО: Запрос эмбеддингов (batch=64, попытка 1/3).
2025-10-13 11:06:33 [DEBUG] Аналитик функций ГО: Воркер Thread-4 (worker) обрабатывает индексы 128..191 (размер батча 64).
2025-10-13 11:06:33 [DEBUG] Аналитик функций ГО: Воркер Thread-5 (worker) обрабатывает индексы 192..255 (размер батча 64).
2025-10-13 11:06:33 [DEBUG] Аналитик функций ГО: Запрос эмбеддингов (batch=64, попытка 1/3).
2025-10-13 11:06:33 [DEBUG] Аналитик функций ГО: Воркер Thread-6 (worker) обрабатывает индексы 256..319 (размер батча 64).
2025-10-13 11:06:33 [DEBUG] Аналитик функций ГО: Воркер Thread-7 (worker) обрабатывает индексы 320..383 (размер батча 64).
2025-10-13 11:06:33 [DEBUG] Аналитик функций ГО: Запрос эмбеддингов (batch=64, попытка 1/3).
2025-10-13 11:06:33 [DEBUG] Аналитик функций ГО: Запрос эмбеддингов (batch=64, попытка 1/3).
2025-10-13 11:06:33 [DEBUG] Аналитик функций ГО: Воркер Thread-8 (worker) обрабатывает индексы 384..447 (размер батча 64).
2025-10-13 11:06:33 [DEBUG] Аналитик функций ГО: Запрос эмбеддингов (batch=64, попытка 1/3).
2025-10-13 11:06:33 [DEBUG] Аналитик функций ГО: Запрос эмбеддингов (batch=64, попытка 1/3).
2025-10-13 11:06:33 [DEBUG] Аналитик функций ГО: Воркер Thread-9 (worker) обрабатывает индексы 448..511 (размер батча 64).
2025-10-13 11:06:33 [DEBUG] Аналитик функций ГО: Запрос эмбеддингов (batch=64, попытка 1/3).
2025-10-13 11:06:33 [DEBUG] Аналитик функций ГО: Запрос эмбеддингов (batch=64, попытка 1/3).
2025-10-13 11:06:50 [DEBUG] Аналитик функций ГО: Эмбеддинги получены за 16.87 с (batch=64).
2025-10-13 11:06:50 [DEBUG] Аналитик функций ГО: Воркер Thread-3 (worker) обрабатывает индексы 512..575 (размер батча 64).
2025-10-13 11:06:50 [DEBUG] Аналитик функций ГО: Запрос эмбеддингов (batch=64, попытка 1/3).
2025-10-13 11:06:50 [DEBUG] Аналитик функций ГО: Эмбеддинги получены за 17.69 с (batch=64).
2025-10-13 11:06:50 [DEBUG] Аналитик функций ГО: Воркер Thread-4 (worker) обрабатывает индексы 576..639 (размер батча 64).
2025-10-13 11:06:50 [DEBUG] Аналитик функций ГО: Запрос эмбеддингов (batch=64, попытка 1/3).
2025-10-13 11:06:52 [DEBUG] Аналитик функций ГО: Эмбеддинги получены за 19.13 с (batch=64).
2025-10-13 11:06:52 [DEBUG] Аналитик функций ГО: Воркер Thread-2 (worker) обрабатывает индексы 640..703 (размер батча 64).
2025-10-13 11:06:52 [DEBUG] Аналитик функций ГО: Запрос эмбеддингов (batch=64, попытка 1/3).
2025-10-13 11:06:52 [DEBUG] Аналитик функций ГО: Эмбеддинги получены за 19.37 с (batch=64).
2025-10-13 11:06:52 [DEBUG] Аналитик функций ГО: Воркер Thread-5 (worker) обрабатывает индексы 704..745 (размер батча 42).
2025-10-13 11:06:52 [DEBUG] Аналитик функций ГО: Запрос эмбеддингов (batch=42, попытка 1/3).
2025-10-13 11:06:52 [DEBUG] Аналитик функций ГО: Эмбеддинги получены за 19.64 с (batch=64).
2025-10-13 11:06:54 [DEBUG] Аналитик функций ГО: Эмбеддинги получены за 3.96 с (batch=64).
2025-10-13 11:06:54 [DEBUG] Аналитик функций ГО: Эмбеддинги получены за 21.58 с (batch=64).
2025-10-13 11:06:55 [DEBUG] Аналитик функций ГО: Эмбеддинги получены за 21.97 с (batch=64).
2025-10-13 11:06:55 [DEBUG] Аналитик функций ГО: Эмбеддинги получены за 21.99 с (batch=64).
2025-10-13 11:06:56 [DEBUG] Аналитик функций ГО: Эмбеддинги получены за 4.29 с (batch=42).
2025-10-13 11:06:59 [DEBUG] Аналитик функций ГО: Эмбеддинги получены за 9.03 с (batch=64).
2025-10-13 11:07:01 [DEBUG] Аналитик функций ГО: Эмбеддинги получены за 8.99 с (batch=64).
2025-10-13 11:07:01 [INFO] Аналитик функций ГО: Получено 746 векторных представлений.
2025-10-13 11:07:01 [INFO] Аналитик функций ГО: Валидация эмбеддингов — 746 векторов, размерность 4096, средняя норма 1.0000.
2025-10-13 11:07:01 [WARNING] Аналитик функций ГО: Обнаружено 37 пар идентичных векторов (примеры: МКИРК-137↔МКИРК-6, МКИРК-376↔ККМКИРК-11, МКИРК-324↔ККМКИРК-112).
2025-10-13 11:07:04 [INFO] Аналитик функций ГО: Запускаю AI-верификацию 220 пар (порог 0.50).
2025-10-13 11:07:10 [INFO] Аналитик функций ГО: AI-верификация 44/220.
2025-10-13 11:07:12 [INFO] Аналитик функций ГО: AI-верификация 88/220.
2025-10-13 11:07:14 [INFO] Аналитик функций ГО: AI-верификация 132/220.
2025-10-13 11:07:17 [INFO] Аналитик функций ГО: AI-верификация 176/220.
2025-10-13 11:07:31 [INFO] Аналитик функций ГО: AI-верификация 220/220.
2025-10-13 11:07:31 [INFO] Аналитик функций ГО: AI подтвердил связь ККМКИРК-112 (ККМКИРК) → МКИРК-324 (МКИРК) [sim 1.000] — AI-вердикт: CORRECT
2025-10-13 11:07:31 [INFO] Аналитик функций ГО: AI подтвердил связь КАДКДМКИРК-26 (КАДКДМКИРК) → МКИРК-470 (МКИРК) [sim 0.958] — AI-вердикт: CORRECT
2025-10-13 11:07:31 [INFO] Аналитик функций ГО: AI подтвердил связь ККМКИРК-122 (ККМКИРК) → МКИРК-301 (МКИРК) [sim 1.000] — AI-вердикт: CORRECT
2025-10-13 11:07:31 [INFO] Аналитик функций ГО: AI подтвердил связь ККМКИРК-114 (ККМКИРК) → МКИРК-237 (МКИРК) [sim 1.000] — AI-вердикт: CORRECT
2025-10-13 11:07:31 [INFO] Аналитик функций ГО: AI подтвердил связь КАДКДМКИРК-73 (КАДКДМКИРК) → МКИРК-535 (МКИРК) [sim 0.975] — AI-вердикт: CORRECT
2025-10-13 11:07:31 [INFO] Аналитик функций ГО: AI подтвердил связь КАДКДМКИРК-36 (КАДКДМКИРК) → МКИРК-475 (МКИРК) [sim 0.991] — AI-вердикт: CORRECT
2025-10-13 11:07:31 [INFO] Аналитик функций ГО: AI подтвердил связь КАДКДМКИРК-32 (КАДКДМКИРК) → МКИРК-473 (МКИРК) [sim 0.992] — AI-вердикт: CORRECT
2025-10-13 11:07:31 [INFO] Аналитик функций ГО: AI подтвердил связь КАДКДМКИРК-27 (КАДКДМКИРК) → МКИРК-469 (МКИРК) [sim 0.987] — AI-вердикт: CORRECT
2025-10-13 11:07:31 [INFO] Аналитик функций ГО: AI подтвердил связь КАДКДМКИРК-30 (КАДКДМКИРК) → МКИРК-472 (МКИРК) [sim 0.984] — AI-вердикт: CORRECT
2025-10-13 11:07:31 [INFO] Аналитик функций ГО: AI подтвердил связь КАДКДМКИРК-25 (КАДКДМКИРК) → МКИРК-468 (МКИРК) [sim 0.991] — AI-вердикт: CORRECT
2025-10-13 11:07:31 [INFO] Аналитик функций ГО: AI подтвердил связь КАДКДМКИРК-19 (КАДКДМКИРК) → МКИРК-467 (МКИРК) [sim 0.976] — AI-вердикт: CORRECT
2025-10-13 11:07:31 [INFO] Аналитик функций ГО: AI подтвердил связь ККМКИРК-118 (ККМКИРК) → МКИРК-264 (МКИРК) [sim 1.000] — AI-вердикт: CORRECT
2025-10-13 11:07:31 [INFO] Аналитик функций ГО: AI подтвердил связь ККМКИРК-117 (ККМКИРК) → МКИРК-490 (МКИРК) [sim 1.000] — AI-вердикт: CORRECT
2025-10-13 11:07:31 [INFO] Аналитик функций ГО: AI подтвердил связь КАДКДМКИРК-31 (КАДКДМКИРК) → МКИРК-474 (МКИРК) [sim 0.982] — AI-вердикт: CORRECT
2025-10-13 11:07:31 [INFO] Аналитик функций ГО: AI подтвердил связь ККМКИРК-11 (ККМКИРК) → МКИРК-376 (МКИРК) [sim 1.000] — AI-вердикт: CORRECT
2025-10-13 11:07:31 [INFO] Аналитик функций ГО: AI подтвердил связь КАДКДМКИРК-18 (КАДКДМКИРК) → МКИРК-333 (МКИРК) [sim 0.955] — AI-вердикт: CORRECT
2025-10-13 11:07:31 [INFO] Аналитик функций ГО: AI подтвердил связь КАДКДМКИРК-62 (КАДКДМКИРК) → МКИРК-352 (МКИРК) [sim 0.941] — AI-вердикт: CORRECT
2025-10-13 11:07:31 [INFO] Аналитик функций ГО: AI подтвердил связь КАДКДМКИРК-64 (КАДКДМКИРК) → МКИРК-356 (МКИРК) [sim 0.970] — AI-вердикт: CORRECT
2025-10-13 11:07:31 [INFO] Аналитик функций ГО: AI подтвердил связь КАДКДМКИРК-69 (КАДКДМКИРК) → МКИРК-434 (МКИРК) [sim 0.950] — AI-вердикт: CORRECT
2025-10-13 11:07:31 [INFO] Аналитик функций ГО: AI подтвердил связь КАДКДМКИРК-35 (КАДКДМКИРК) → МКИРК-478 (МКИРК) [sim 0.996] — AI-вердикт: CORRECT
2025-10-13 11:07:31 [INFO] Аналитик функций ГО: AI подтвердил связь КАДКДМКИРК-15 (КАДКДМКИРК) → МКИРК-320 (МКИРК) [sim 0.905] — AI-вердикт: CORRECT
2025-10-13 11:07:31 [INFO] Аналитик функций ГО: AI подтвердил связь КАДКДМКИРК-54 (КАДКДМКИРК) → МКИРК-372 (МКИРК) [sim 0.961] — AI-вердикт: CORRECT
2025-10-13 11:07:31 [INFO] Аналитик функций ГО: AI подтвердил связь ККМКИРК-104 (ККМКИРК) → МКИРК-400 (МКИРК) [sim 0.884] — AI-вердикт: CORRECT
2025-10-13 11:07:31 [INFO] Аналитик функций ГО: AI подтвердил связь КАДКДМКИРК-68 (КАДКДМКИРК) → МКИРК-433 (МКИРК) [sim 0.861] — AI-вердикт: CORRECT
2025-10-13 11:07:31 [INFO] Аналитик функций ГО: AI подтвердил связь КАДКДМКИРК-51 (КАДКДМКИРК) → МКИРК-485 (МКИРК) [sim 0.973] — AI-вердикт: CORRECT
2025-10-13 11:07:31 [INFO] Аналитик функций ГО: AI подтвердил связь ККМКИРК-12 (ККМКИРК) → МКИРК-329 (МКИРК) [sim 0.957] — AI-вердикт: CORRECT
2025-10-13 11:07:31 [INFO] Аналитик функций ГО: AI подтвердил связь ККМКИРК-10 (ККМКИРК) → МКИРК-375 (МКИРК) [sim 0.981] — AI-вердикт: CORRECT
2025-10-13 11:07:31 [INFO] Аналитик функций ГО: AI подтвердил связь КАДКДМКИРК-3 (КАДКДМКИРК) → МКИРК-479 (МКИРК) [sim 0.981] — AI-вердикт: CORRECT
2025-10-13 11:07:31 [INFO] Аналитик функций ГО: AI подтвердил связь ККМКИРК-102 (ККМКИРК) → МКИРК-17 (МКИРК) [sim 0.862] — AI-вердикт: CORRECT
2025-10-13 11:07:31 [INFO] Аналитик функций ГО: AI подтвердил связь КАДКДМКИРК-67 (КАДКДМКИРК) → МКИРК-432 (МКИРК) [sim 0.979] — AI-вердикт: CORRECT
2025-10-13 11:07:31 [INFO] Аналитик функций ГО: AI подтвердил связь КАДКДМКИРК-33 (КАДКДМКИРК) → МКИРК-471 (МКИРК) [sim 0.968] — AI-вердикт: CORRECT
2025-10-13 11:07:31 [INFO] Аналитик функций ГО: AI подтвердил связь КАДКДМКИРК-37 (КАДКДМКИРК) → МКИРК-459 (МКИРК) [sim 0.949] — AI-вердикт: CORRECT
2025-10-13 11:07:31 [INFO] Аналитик функций ГО: AI подтвердил связь ККМКИРК-119 (ККМКИРК) → МКИРК-298 (МКИРК) [sim 1.000] — AI-вердикт: CORRECT
2025-10-13 11:07:31 [INFO] Аналитик функций ГО: AI подтвердил связь КАДКДМКИРК-56 (КАДКДМКИРК) → МКИРК-396 (МКИРК) [sim 0.984] — AI-вердикт: CORRECT
2025-10-13 11:07:31 [INFO] Аналитик функций ГО: AI подтвердил связь КАДКДМКИРК-63 (КАДКДМКИРК) → МКИРК-353 (МКИРК) [sim 0.985] — AI-вердикт: CORRECT
2025-10-13 11:07:31 [INFO] Аналитик функций ГО: AI подтвердил связь КАДКДМКИРК-23 (КАДКДМКИРК) → МКИРК-477 (МКИРК) [sim 0.981] — AI-вердикт: CORRECT
2025-10-13 11:07:31 [INFO] Аналитик функций ГО: AI подтвердил связь КАДКДМКИРК-40 (КАДКДМКИРК) → МКИРК-17 (МКИРК) [sim 0.849] — AI-вердикт: CORRECT
2025-10-13 11:07:31 [INFO] Аналитик функций ГО: AI подтвердил связь ККМКИРК-120 (ККМКИРК) → МКИРК-299 (МКИРК) [sim 0.958] — AI-вердикт: CORRECT
2025-10-13 11:07:31 [INFO] Аналитик функций ГО: AI подтвердил связь ККМКИРК-109 (ККМКИРК) → МКИРК-401 (МКИРК) [sim 0.964] — AI-вердикт: CORRECT
2025-10-13 11:07:31 [INFO] Аналитик функций ГО: AI подтвердил связь КАДКДМКИРК-8 (КАДКДМКИРК) → МКИРК-65 (МКИРК) [sim 0.832] — AI-вердикт: CORRECT
2025-10-13 11:07:31 [INFO] Аналитик функций ГО: AI подтвердил связь КАДКДМКИРК-61 (КАДКДМКИРК) → МКИРК-351 (МКИРК) [sim 0.938] — AI-вердикт: CORRECT
2025-10-13 11:07:31 [INFO] Аналитик функций ГО: AI подтвердил связь ККМКИРК-108 (ККМКИРК) → МКИРК-333 (МКИРК) [sim 0.853] — AI-вердикт: CORRECT
2025-10-13 11:07:31 [INFO] Аналитик функций ГО: AI подтвердил связь ККМКИРК-130 (ККМКИРК) → МКИРК-371 (МКИРК) [sim 1.000] — AI-вердикт: CORRECT
2025-10-13 11:07:31 [INFO] Аналитик функций ГО: AI подтвердил связь КАДКДМКИРК-28 (КАДКДМКИРК) → МКИРК-472 (МКИРК) [sim 0.660] — AI-вердикт: CORRECT
2025-10-13 11:07:31 [INFO] Аналитик функций ГО: AI подтвердил связь КАДКДМКИРК-72 (КАДКДМКИРК) → МКИРК-59 (МКИРК) [sim 0.697] — AI-вердикт: CORRECT
2025-10-13 11:07:31 [INFO] Аналитик функций ГО: AI подтвердил связь КАДКДМКИРК-14 (КАДКДМКИРК) → МКИРК-70 (МКИРК) [sim 0.812] — AI-вердикт: CORRECT
2025-10-13 11:07:31 [INFO] Аналитик функций ГО: AI подтвердил связь ККМКИРК-121 (ККМКИРК) → МКИРК-300 (МКИРК) [sim 0.867] — AI-вердикт: CORRECT
2025-10-13 11:07:31 [INFO] Аналитик функций ГО: AI подтвердил связь КАДКДМКИРК-65 (КАДКДМКИРК) → МКИРК-366 (МКИРК) [sim 0.962] — AI-вердикт: CORRECT
2025-10-13 11:07:31 [INFO] Аналитик функций ГО: AI подтвердил связь КАДКДМКИРК-24 (КАДКДМКИРК) → МКИРК-466 (МКИРК) [sim 0.980] — AI-вердикт: CORRECT
2025-10-13 11:07:31 [INFO] Аналитик функций ГО: AI подтвердил связь ККМКИРК-13 (ККМКИРК) → МКИРК-386 (МКИРК) [sim 1.000] — AI-вердикт: CORRECT
2025-10-13 11:07:31 [INFO] Аналитик функций ГО: AI подтвердил связь ККМКИРК-115 (ККМКИРК) → МКИРК-237 (МКИРК) [sim 0.811] — AI-вердикт: CORRECT
2025-10-13 11:07:31 [INFO] Аналитик функций ГО: AI подтвердил связь ККМКИРК-105 (ККМКИРК) → МКИРК-364 (МКИРК) [sim 0.943] — AI-вердикт: CORRECT
2025-10-13 11:07:31 [INFO] Аналитик функций ГО: AI подтвердил связь ККМКИРК-138 (ККМКИРК) → МКИРК-488 (МКИРК) [sim 1.000] — AI-вердикт: CORRECT
2025-10-13 11:07:31 [INFO] Аналитик функций ГО: AI подтвердил связь ККМКИРК-132 (ККМКИРК) → МКИРК-321 (МКИРК) [sim 1.000] — AI-вердикт: CORRECT
2025-10-13 11:07:31 [INFO] Аналитик функций ГО: AI подтвердил связь КАДКДМКИРК-13 (КАДКДМКИРК) → МКИРК-71 (МКИРК) [sim 0.890] — AI-вердикт: CORRECT
2025-10-13 11:07:31 [INFO] Аналитик функций ГО: AI подтвердил связь ККМКИРК-125 (ККМКИРК) → МКИРК-362 (МКИРК) [sim 0.984] — AI-вердикт: CORRECT
2025-10-13 11:07:31 [INFO] Аналитик функций ГО: AI подтвердил связь ККМКИРК-133 (ККМКИРК) → МКИРК-326 (МКИРК) [sim 1.000] — AI-вердикт: CORRECT
2025-10-13 11:07:31 [INFO] Аналитик функций ГО: AI подтвердил связь ККМКИРК-20 (ККМКИРК) → МКИРК-395 (МКИРК) [sim 1.000] — AI-вердикт: CORRECT
2025-10-13 11:07:31 [INFO] Аналитик функций ГО: AI подтвердил связь ККМКИРК-137 (ККМКИРК) → МКИРК-387 (МКИРК) [sim 1.000] — AI-вердикт: CORRECT
2025-10-13 11:07:31 [INFO] Аналитик функций ГО: AI подтвердил связь ККМКИРК-123 (ККМКИРК) → МКИРК-320 (МКИРК) [sim 0.907] — AI-вердикт: CORRECT
2025-10-13 11:07:31 [INFO] Аналитик функций ГО: AI подтвердил связь КАДКДМКИРК-10 (КАДКДМКИРК) → МКИРК-62 (МКИРК) [sim 0.816] — AI-вердикт: CORRECT
2025-10-13 11:07:31 [INFO] Аналитик функций ГО: AI подтвердил связь ККМКИРК-16 (ККМКИРК) → МКИРК-348 (МКИРК) [sim 0.978] — AI-вердикт: CORRECT
2025-10-13 11:07:31 [INFO] Аналитик функций ГО: AI подтвердил связь ККМКИРК-106 (ККМКИРК) → МКИРК-364 (МКИРК) [sim 0.758] — AI-вердикт: CORRECT
2025-10-13 11:07:31 [INFO] Аналитик функций ГО: AI подтвердил связь ККМКИРК-23 (ККМКИРК) → МКИРК-448 (МКИРК) [sim 0.899] — AI-вердикт: CORRECT
2025-10-13 11:07:31 [INFO] Аналитик функций ГО: AI подтвердил связь ККМКИРК-26 (ККМКИРК) → МКИРК-389 (МКИРК) [sim 1.000] — AI-вердикт: CORRECT
2025-10-13 11:07:31 [INFO] Аналитик функций ГО: AI подтвердил связь КАДКДМКИРК-21 (КАДКДМКИРК) → МКИРК-471 (МКИРК) [sim 0.707] — AI-вердикт: CORRECT
2025-10-13 11:07:31 [INFO] Аналитик функций ГО: AI подтвердил связь ККМКИРК-15 (ККМКИРК) → МКИРК-350 (МКИРК) [sim 0.982] — AI-вердикт: CORRECT
2025-10-13 11:07:31 [INFO] Аналитик функций ГО: AI подтвердил связь ККМКИРК-126 (ККМКИРК) → МКИРК-363 (МКИРК) [sim 0.992] — AI-вердикт: CORRECT
2025-10-13 11:07:31 [INFO] Аналитик функций ГО: AI подтвердил связь ККМКИРК-14 (ККМКИРК) → МКИРК-346 (МКИРК) [sim 0.982] — AI-вердикт: CORRECT
2025-10-13 11:07:31 [INFO] Аналитик функций ГО: AI подтвердил связь ККМКИРК-127 (ККМКИРК) → МКИРК-440 (МКИРК) [sim 0.990] — AI-вердикт: CORRECT
2025-10-13 11:07:31 [INFO] Аналитик функций ГО: AI подтвердил связь ККМКИРК-52 (ККМКИРК) → МКИРК-431 (МКИРК) [sim 1.000] — AI-вердикт: CORRECT
2025-10-13 11:07:31 [INFO] Аналитик функций ГО: AI подтвердил связь ККМКИРК-134 (ККМКИРК) → МКИРК-330 (МКИРК) [sim 0.974] — AI-вердикт: CORRECT
2025-10-13 11:07:31 [INFO] Аналитик функций ГО: AI подтвердил связь КАДКДМКИРК-57 (КАДКДМКИРК) → МКИРК-373 (МКИРК) [sim 0.950] — AI-вердикт: CORRECT
2025-10-13 11:07:31 [INFO] Аналитик функций ГО: AI подтвердил связь ККМКИРК-21 (ККМКИРК) → МКИРК-446 (МКИРК) [sim 1.000] — AI-вердикт: CORRECT
2025-10-13 11:07:31 [INFO] Аналитик функций ГО: AI подтвердил связь ККМКИРК-32 (ККМКИРК) → МКИРК-327 (МКИРК) [sim 1.000] — AI-вердикт: CORRECT
2025-10-13 11:07:31 [INFO] Аналитик функций ГО: AI подтвердил связь ККМКИРК-24 (ККМКИРК) → МКИРК-391 (МКИРК) [sim 0.987] — AI-вердикт: CORRECT
2025-10-13 11:07:31 [INFO] Аналитик функций ГО: AI подтвердил связь ККМКИРК-54 (ККМКИРК) → МКИРК-367 (МКИРК) [sim 1.000] — AI-вердикт: CORRECT
2025-10-13 11:07:31 [INFO] Аналитик функций ГО: AI подтвердил связь ККМКИРК-30 (ККМКИРК) → МКИРК-341 (МКИРК) [sim 0.986] — AI-вердикт: CORRECT
2025-10-13 11:07:31 [INFO] Аналитик функций ГО: AI подтвердил связь ККМКИРК-38 (ККМКИРК) → МКИРК-441 (МКИРК) [sim 0.984] — AI-вердикт: CORRECT
2025-10-13 11:07:31 [INFO] Аналитик функций ГО: AI подтвердил связь ККМКИРК-40 (ККМКИРК) → МКИРК-449 (МКИРК) [sim 1.000] — AI-вердикт: CORRECT
2025-10-13 11:07:31 [INFO] Аналитик функций ГО: AI подтвердил связь ККМКИРК-35 (ККМКИРК) → МКИРК-438 (МКИРК) [sim 0.981] — AI-вердикт: CORRECT
2025-10-13 11:07:31 [INFO] Аналитик функций ГО: AI подтвердил связь КАДКДМКИРК-34 (КАДКДМКИРК) → МКИРК-476 (МКИРК) [sim 0.992] — AI-вердикт: CORRECT
2025-10-13 11:07:31 [INFO] Аналитик функций ГО: AI подтвердил связь ККМКИРК-44 (ККМКИРК) → МКИРК-453 (МКИРК) [sim 1.000] — AI-вердикт: CORRECT
2025-10-13 11:07:31 [INFO] Аналитик функций ГО: AI подтвердил связь ККМКИРК-51 (ККМКИРК) → МКИРК-430 (МКИРК) [sim 1.000] — AI-вердикт: CORRECT
2025-10-13 11:07:31 [INFO] Аналитик функций ГО: AI подтвердил связь ККМКИРК-57 (ККМКИРК) → МКИРК-422 (МКИРК) [sim 1.000] — AI-вердикт: CORRECT
2025-10-13 11:07:31 [INFO] Аналитик функций ГО: AI подтвердил связь ККМКИРК-78 (ККМКИРК) → МКИРК-416 (МКИРК) [sim 1.000] — AI-вердикт: CORRECT
2025-10-13 11:07:31 [INFO] Аналитик функций ГО: AI подтвердил связь ККМКИРК-43 (ККМКИРК) → МКИРК-452 (МКИРК) [sim 1.000] — AI-вердикт: CORRECT
2025-10-13 11:07:31 [INFO] Аналитик функций ГО: AI подтвердил связь ККМКИРК-36 (ККМКИРК) → МКИРК-436 (МКИРК) [sim 0.985] — AI-вердикт: CORRECT
2025-10-13 11:07:31 [INFO] Аналитик функций ГО: AI подтвердил связь ККМКИРК-76 (ККМКИРК) → МКИРК-418 (МКИРК) [sim 1.000] — AI-вердикт: CORRECT
2025-10-13 11:07:31 [INFO] Аналитик функций ГО: AI подтвердил связь ККМКИРК-17 (ККМКИРК) → МКИРК-336 (МКИРК) [sim 0.991] — AI-вердикт: CORRECT
2025-10-13 11:07:31 [INFO] Аналитик функций ГО: AI подтвердил связь ККМКИРК-37 (ККМКИРК) → МКИРК-439 (МКИРК) [sim 0.984] — AI-вердикт: CORRECT
2025-10-13 11:07:31 [INFO] Аналитик функций ГО: AI подтвердил связь ККМКИРК-31 (ККМКИРК) → МКИРК-61 (МКИРК) [sim 0.805] — AI-вердикт: CORRECT
2025-10-13 11:07:31 [INFO] Аналитик функций ГО: AI подтвердил связь ККМКИРК-29 (ККМКИРК) → МКИРК-349 (МКИРК) [sim 0.979] — AI-вердикт: CORRECT
2025-10-13 11:07:31 [INFO] Аналитик функций ГО: AI подтвердил связь ККМКИРК-144 (ККМКИРК) → МКИРК-458 (МКИРК) [sim 0.884] — AI-вердикт: CORRECT
2025-10-13 11:07:31 [INFO] Аналитик функций ГО: AI подтвердил связь ККМКИРК-33 (ККМКИРК) → МКИРК-393 (МКИРК) [sim 1.000] — AI-вердикт: CORRECT
2025-10-13 11:07:31 [INFO] Аналитик функций ГО: AI подтвердил связь ККМКИРК-53 (ККМКИРК) → МКИРК-437 (МКИРК) [sim 0.966] — AI-вердикт: CORRECT
2025-10-13 11:07:31 [INFO] Аналитик функций ГО: AI подтвердил связь ККМКИРК-136 (ККМКИРК) → МКИРК-347 (МКИРК) [sim 0.884] — AI-вердикт: CORRECT
2025-10-13 11:07:31 [INFO] Аналитик функций ГО: AI подтвердил связь ККМКИРК-124 (ККМКИРК) → МКИРК-301 (МКИРК) [sim 0.720] — AI-вердикт: CORRECT
2025-10-13 11:07:31 [INFO] Аналитик функций ГО: AI подтвердил связь ККМКИРК-81 (ККМКИРК) → МКИРК-419 (МКИРК) [sim 1.000] — AI-вердикт: CORRECT
2025-10-13 11:07:31 [INFO] Аналитик функций ГО: AI подтвердил связь ККМКИРК-70 (ККМКИРК) → МКИРК-411 (МКИРК) [sim 0.942] — AI-вердикт: CORRECT
2025-10-13 11:07:31 [INFO] Аналитик функций ГО: AI подтвердил связь ККМКИРК-60 (ККМКИРК) → МКИРК-369 (МКИРК) [sim 1.000] — AI-вердикт: CORRECT
2025-10-13 11:07:31 [INFO] Аналитик функций ГО: AI подтвердил связь ККМКИРК-77 (ККМКИРК) → МКИРК-414 (МКИРК) [sim 0.975] — AI-вердикт: CORRECT
2025-10-13 11:07:31 [INFO] Аналитик функций ГО: AI подтвердил связь ККМКИРК-46 (ККМКИРК) → МКИРК-445 (МКИРК) [sim 0.912] — AI-вердикт: CORRECT
2025-10-13 11:07:31 [INFO] Аналитик функций ГО: AI подтвердил связь ККМКИРК-56 (ККМКИРК) → МКИРК-412 (МКИРК) [sim 0.970] — AI-вердикт: CORRECT
2025-10-13 11:07:31 [INFO] Аналитик функций ГО: AI подтвердил связь ККМКИРК-69 (ККМКИРК) → МКИРК-410 (МКИРК) [sim 0.947] — AI-вердикт: CORRECT
2025-10-13 11:07:31 [INFO] Аналитик функций ГО: AI подтвердил связь ККМКИРК-74 (ККМКИРК) → МКИРК-413 (МКИРК) [sim 0.990] — AI-вердикт: CORRECT
2025-10-13 11:07:31 [INFO] Аналитик функций ГО: AI подтвердил связь ККМКИРК-73 (ККМКИРК) → МКИРК-405 (МКИРК) [sim 0.966] — AI-вердикт: CORRECT
2025-10-13 11:07:31 [INFO] Аналитик функций ГО: AI подтвердил связь ККМКИРК-59 (ККМКИРК) → МКИРК-368 (МКИРК) [sim 0.973] — AI-вердикт: CORRECT
2025-10-13 11:07:31 [INFO] Аналитик функций ГО: AI подтвердил связь ККМКИРК-84 (ККМКИРК) → МКИРК-402 (МКИРК) [sim 0.972] — AI-вердикт: CORRECT
2025-10-13 11:07:31 [INFO] Аналитик функций ГО: AI подтвердил связь ККМКИРК-83 (ККМКИРК) → МКИРК-421 (МКИРК) [sim 1.000] — AI-вердикт: CORRECT
2025-10-13 11:07:31 [INFO] Аналитик функций ГО: AI подтвердил связь КАДКДМКИРК-60 (КАДКДМКИРК) → МКИРК-337 (МКИРК) [sim 0.969] — AI-вердикт: CORRECT
2025-10-13 11:07:31 [INFO] Аналитик функций ГО: AI подтвердил связь ККМКИРК-42 (ККМКИРК) → МКИРК-451 (МКИРК) [sim 0.954] — AI-вердикт: CORRECT
2025-10-13 11:07:31 [INFO] Аналитик функций ГО: AI подтвердил связь ККМКИРК-82 (ККМКИРК) → МКИРК-420 (МКИРК) [sim 1.000] — AI-вердикт: CORRECT
2025-10-13 11:07:31 [INFO] Аналитик функций ГО: AI подтвердил связь ККМКИРК-45 (ККМКИРК) → МКИРК-454 (МКИРК) [sim 0.984] — AI-вердикт: CORRECT
2025-10-13 11:07:31 [INFO] Аналитик функций ГО: AI подтвердил связь ККМКИРК-63 (ККМКИРК) → МКИРК-426 (МКИРК) [sim 1.000] — AI-вердикт: CORRECT
2025-10-13 11:07:31 [INFO] Аналитик функций ГО: AI подтвердил связь ККМКИРК-41 (ККМКИРК) → МКИРК-450 (МКИРК) [sim 1.000] — AI-вердикт: CORRECT
2025-10-13 11:07:31 [INFO] Аналитик функций ГО: AI подтвердил связь ККМКИРК-61 (ККМКИРК) → МКИРК-338 (МКИРК) [sim 0.977] — AI-вердикт: CORRECT
2025-10-13 11:07:31 [INFO] Аналитик функций ГО: AI подтвердил связь ККМКИРК-50 (ККМКИРК) → МКИРК-354 (МКИРК) [sim 0.991] — AI-вердикт: CORRECT
2025-10-13 11:07:31 [INFO] Аналитик функций ГО: AI подтвердил связь ККМКИРК-71 (ККМКИРК) → МКИРК-424 (МКИРК) [sim 0.974] — AI-вердикт: CORRECT
2025-10-13 11:07:31 [INFO] Аналитик функций ГО: AI подтвердил связь ККМКИРК-67 (ККМКИРК) → МКИРК-406 (МКИРК) [sim 0.985] — AI-вердикт: CORRECT
2025-10-13 11:07:31 [INFO] Аналитик функций ГО: AI подтвердил связь ККМКИРК-4 (ККМКИРК) → МКИРК-183 (МКИРК) [sim 0.865] — AI-вердикт: CORRECT
2025-10-13 11:07:31 [INFO] Аналитик функций ГО: AI подтвердил связь ККМКИРК-142 (ККМКИРК) → МКИРК-456 (МКИРК) [sim 0.881] — AI-вердикт: CORRECT
2025-10-13 11:07:31 [INFO] Аналитик функций ГО: AI подтвердил связь ККМКИРК-75 (ККМКИРК) → МКИРК-404 (МКИРК) [sim 0.984] — AI-вердикт: CORRECT
2025-10-13 11:07:31 [INFO] Аналитик функций ГО: AI подтвердил связь ККМКИРК-68 (ККМКИРК) → МКИРК-407 (МКИРК) [sim 0.967] — AI-вердикт: CORRECT
2025-10-13 11:07:31 [INFO] Аналитик функций ГО: AI подтвердил связь ККМКИРК-90 (ККМКИРК) → МКИРК-358 (МКИРК) [sim 0.984] — AI-вердикт: CORRECT
2025-10-13 11:07:31 [INFO] Аналитик функций ГО: AI подтвердил связь ККМКИРК-92 (ККМКИРК) → МКИРК-360 (МКИРК) [sim 0.969] — AI-вердикт: CORRECT
2025-10-13 11:07:31 [INFO] Аналитик функций ГО: AI подтвердил связь ККМКИРК-72 (ККМКИРК) → МКИРК-403 (МКИРК) [sim 0.987] — AI-вердикт: CORRECT
2025-10-13 11:07:31 [INFO] Аналитик функций ГО: AI подтвердил связь ККМКИРК-93 (ККМКИРК) → МКИРК-361 (МКИРК) [sim 0.961] — AI-вердикт: CORRECT
2025-10-13 11:07:31 [INFO] Аналитик функций ГО: AI подтвердил связь ККМКИРК-96 (ККМКИРК) → МКИРК-357 (МКИРК) [sim 0.972] — AI-вердикт: CORRECT
2025-10-13 11:07:31 [INFO] Аналитик функций ГО: AI подтвердил связь ККМКИРК-86 (ККМКИРК) → МКИРК-427 (МКИРК) [sim 0.988] — AI-вердикт: CORRECT
2025-10-13 11:07:31 [INFO] Аналитик функций ГО: AI подтвердил связь ККМКИРК-28 (ККМКИРК) → МКИРК-328 (МКИРК) [sim 0.958] — AI-вердикт: CORRECT
2025-10-13 11:07:31 [INFO] Аналитик функций ГО: AI подтвердил связь ККМКИРК-85 (ККМКИРК) → МКИРК-409 (МКИРК) [sim 0.963] — AI-вердикт: CORRECT
2025-10-13 11:07:31 [INFO] Аналитик функций ГО: AI подтвердил связь ККМКИРК-89 (ККМКИРК) → МКИРК-392 (МКИРК) [sim 0.975] — AI-вердикт: CORRECT
2025-10-13 11:07:31 [INFO] Аналитик функций ГО: AI подтвердил связь ККМКИРК-9 (ККМКИРК) → МКИРК-71 (МКИРК) [sim 0.896] — AI-вердикт: CORRECT
2025-10-13 11:07:31 [INFO] Аналитик функций ГО: AI подтвердил связь ККМКИРК-95 (ККМКИРК) → МКИРК-355 (МКИРК) [sim 0.981] — AI-вердикт: CORRECT
2025-10-13 11:07:31 [INFO] Аналитик функций ГО: AI подтвердил связь ККМКИРК-99 (ККМКИРК) → МКИРК-408 (МКИРК) [sim 0.877] — AI-вердикт: CORRECT
2025-10-13 11:07:31 [INFO] Аналитик функций ГО: AI подтвердил связь ККМКИРК-91 (ККМКИРК) → МКИРК-359 (МКИРК) [sim 0.982] — AI-вердикт: CORRECT
2025-10-13 11:07:31 [INFO] Аналитик функций ГО: AI подтвердил связь ККМКИРК-62 (ККМКИРК) → МКИРК-370 (МКИРК) [sim 1.000] — AI-вердикт: CORRECT
2025-10-13 11:07:31 [INFO] Аналитик функций ГО: AI подтвердил связь ККМКИРК-79 (ККМКИРК) → МКИРК-417 (МКИРК) [sim 1.000] — AI-вердикт: CORRECT
2025-10-13 11:07:31 [INFO] Аналитик функций ГО: AI подтвердил связь ККМКИРК-94 (ККМКИРК) → МКИРК-67 (МКИРК) [sim 0.880] — AI-вердикт: CORRECT
2025-10-13 11:07:31 [INFO] Аналитик функций ГО: AI подтвердил связь ККМКИРК-7 (ККМКИРК) → МКИРК-65 (МКИРК) [sim 0.878] — AI-вердикт: CORRECT
2025-10-13 11:07:31 [INFO] Аналитик функций ГО: AI подтвердил связь ККМКИРК-48 (ККМКИРК) → МКИРК-444 (МКИРК) [sim 0.889] — AI-вердикт: CORRECT
2025-10-13 11:07:31 [WARNING] Аналитик функций ГО: AI отклонил связь ККМКИРК-103 (ККМКИРК) → МКИРК-442 (МКИРК) [sim 0.916] — AI-вердикт: NOT_CORRECT
2025-10-13 11:07:31 [WARNING] Аналитик функций ГО: AI отклонил связь КАДКДМКИРК-39 (КАДКДМКИРК) → МКИРК-464 (МКИРК) [sim 0.893] — AI-вердикт: NOT_CORRECT
2025-10-13 11:07:31 [WARNING] Аналитик функций ГО: AI отклонил связь КАДКДМКИРК-44 (КАДКДМКИРК) → МКИРК-481 (МКИРК) [sim 0.962] — AI-вердикт: NOT_CORRECT
2025-10-13 11:07:31 [WARNING] Аналитик функций ГО: AI отклонил связь КАДКДМКИРК-41 (КАДКДМКИРК) → МКИРК-460 (МКИРК) [sim 0.955] — AI-вердикт: NOT_CORRECT
2025-10-13 11:07:31 [WARNING] Аналитик функций ГО: AI отклонил связь КАДКДМКИРК-59 (КАДКДМКИРК) → МКИРК-397 (МКИРК) [sim 0.952] — AI-вердикт: NOT_CORRECT
2025-10-13 11:07:31 [WARNING] Аналитик функций ГО: AI отклонил связь ККМКИРК-107 (ККМКИРК) → МКИРК-390 (МКИРК) [sim 0.768] — AI-вердикт: NOT_CORRECT
2025-10-13 11:07:31 [WARNING] Аналитик функций ГО: AI отклонил связь ККМКИРК-101 (ККМКИРК) → МКИРК-343 (МКИРК) [sim 0.978] — AI-вердикт: NOT_CORRECT
2025-10-13 11:07:31 [WARNING] Аналитик функций ГО: AI отклонил связь ККМКИРК-100 (ККМКИРК) → МКИРК-415 (МКИРК) [sim 0.928] — AI-вердикт: NOT_CORRECT
2025-10-13 11:07:31 [WARNING] Аналитик функций ГО: AI отклонил связь КАДКДМКИРК-22 (КАДКДМКИРК) → МКИРК-462 (МКИРК) [sim 0.792] — AI-вердикт: NOT_CORRECT
2025-10-13 11:07:31 [WARNING] Аналитик функций ГО: AI отклонил связь КАДКДМКИРК-71 (КАДКДМКИРК) → МКИРК-324 (МКИРК) [sim 0.888] — AI-вердикт: NOT_CORRECT
2025-10-13 11:07:31 [WARNING] Аналитик функций ГО: AI отклонил связь КАДКДМКИРК-45 (КАДКДМКИРК) → МКИРК-461 (МКИРК) [sim 0.830] — AI-вердикт: NOT_CORRECT
2025-10-13 11:07:31 [WARNING] Аналитик функций ГО: AI отклонил связь КАДКДМКИРК-6 (КАДКДМКИРК) → МКИРК-61 (МКИРК) [sim 0.847] — AI-вердикт: NOT_CORRECT
2025-10-13 11:07:31 [WARNING] Аналитик функций ГО: AI отклонил связь КАДКДМКИРК-47 (КАДКДМКИРК) → МКИРК-17 (МКИРК) [sim 0.681] — AI-вердикт: NOT_CORRECT
2025-10-13 11:07:31 [WARNING] Аналитик функций ГО: AI отклонил связь КАДКДМКИРК-52 (КАДКДМКИРК) → МКИРК-485 (МКИРК) [sim 0.799] — AI-вердикт: NOT_CORRECT
2025-10-13 11:07:31 [WARNING] Аналитик функций ГО: AI отклонил связь КАДКДМКИРК-5 (КАДКДМКИРК) → МКИРК-187 (МКИРК) [sim 0.856] — AI-вердикт: NOT_CORRECT
2025-10-13 11:07:31 [WARNING] Аналитик функций ГО: AI отклонил связь КАДКДМКИРК-48 (КАДКДМКИРК) → МКИРК-486 (МКИРК) [sim 0.955] — AI-вердикт: NOT_CORRECT
2025-10-13 11:07:31 [WARNING] Аналитик функций ГО: AI отклонил связь КАДКДМКИРК-66 (КАДКДМКИРК) → МКИРК-365 (МКИРК) [sim 0.622] — AI-вердикт: NOT_CORRECT
2025-10-13 11:07:31 [WARNING] Аналитик функций ГО: AI отклонил связь КАДКДМКИРК-42 (КАДКДМКИРК) → МКИРК-480 (МКИРК) [sim 0.948] — AI-вердикт: NOT_CORRECT
2025-10-13 11:07:31 [WARNING] Аналитик функций ГО: AI отклонил связь КАДКДМКИРК-43 (КАДКДМКИРК) → МКИРК-482 (МКИРК) [sim 0.944] — AI-вердикт: NOT_CORRECT
2025-10-13 11:07:31 [WARNING] Аналитик функций ГО: AI отклонил связь ККМКИРК-116 (ККМКИРК) → МКИРК-236 (МКИРК) [sim 0.964] — AI-вердикт: NOT_CORRECT
2025-10-13 11:07:31 [WARNING] Аналитик функций ГО: AI отклонил связь КАДКДМКИРК-11 (КАДКДМКИРК) → МКИРК-66 (МКИРК) [sim 0.643] — AI-вердикт: NOT_CORRECT
2025-10-13 11:07:31 [WARNING] Аналитик функций ГО: AI отклонил связь КАДКДМКИРК-38 (КАДКДМКИРК) → МКИРК-465 (МКИРК) [sim 0.937] — AI-вердикт: NOT_CORRECT
2025-10-13 11:07:31 [WARNING] Аналитик функций ГО: AI отклонил связь ККМКИРК-111 (ККМКИРК) → МКИРК-410 (МКИРК) [sim 0.801] — AI-вердикт: NOT_CORRECT
2025-10-13 11:07:31 [WARNING] Аналитик функций ГО: AI отклонил связь КАДКДМКИРК-2 (КАДКДМКИРК) → МКИРК-63 (МКИРК) [sim 0.747] — AI-вердикт: NOT_CORRECT
2025-10-13 11:07:31 [WARNING] Аналитик функций ГО: AI отклонил связь КАДКДМКИРК-49 (КАДКДМКИРК) → МКИРК-486 (МКИРК) [sim 0.652] — AI-вердикт: NOT_CORRECT
2025-10-13 11:07:31 [WARNING] Аналитик функций ГО: AI отклонил связь КАДКДМКИРК-46 (КАДКДМКИРК) → МКИРК-463 (МКИРК) [sim 0.946] — AI-вердикт: NOT_CORRECT
2025-10-13 11:07:31 [WARNING] Аналитик функций ГО: AI отклонил связь КАДКДМКИРК-29 (КАДКДМКИРК) → МКИРК-477 (МКИРК) [sim 0.825] — AI-вердикт: NOT_CORRECT
2025-10-13 11:07:31 [WARNING] Аналитик функций ГО: AI отклонил связь КАДКДМКИРК-58 (КАДКДМКИРК) → МКИРК-374 (МКИРК) [sim 0.974] — AI-вердикт: NOT_CORRECT
2025-10-13 11:07:31 [WARNING] Аналитик функций ГО: AI отклонил связь КАДКДМКИРК-4 (КАДКДМКИРК) → МКИРК-55 (МКИРК) [sim 0.671] — AI-вердикт: NOT_CORRECT
2025-10-13 11:07:31 [WARNING] Аналитик функций ГО: AI отклонил связь ККМКИРК-110 (ККМКИРК) → МКИРК-338 (МКИРК) [sim 0.737] — AI-вердикт: NOT_CORRECT
2025-10-13 11:07:31 [WARNING] Аналитик функций ГО: AI отклонил связь КАДКДМКИРК-53 (КАДКДМКИРК) → МКИРК-432 (МКИРК) [sim 0.680] — AI-вердикт: NOT_CORRECT
2025-10-13 11:07:31 [WARNING] Аналитик функций ГО: AI отклонил связь ККМКИРК-131 (ККМКИРК) → МКИРК-17 (МКИРК) [sim 0.697] — AI-вердикт: NOT_CORRECT
2025-10-13 11:07:31 [WARNING] Аналитик функций ГО: AI отклонил связь КАДКДМКИРК-55 (КАДКДМКИРК) → МКИРК-301 (МКИРК) [sim 0.581] — AI-вердикт: NOT_CORRECT
2025-10-13 11:07:31 [WARNING] Аналитик функций ГО: AI отклонил связь ККМКИРК-128 (ККМКИРК) → МКИРК-443 (МКИРК) [sim 0.909] — AI-вердикт: NOT_CORRECT
2025-10-13 11:07:31 [WARNING] Аналитик функций ГО: AI отклонил связь ККМКИРК-1 (ККМКИРК) → МКИРК-315 (МКИРК) [sim 0.840] — AI-вердикт: NOT_CORRECT
2025-10-13 11:07:31 [WARNING] Аналитик функций ГО: AI отклонил связь ККМКИРК-135 (ККМКИРК) → МКИРК-334 (МКИРК) [sim 0.953] — AI-вердикт: NOT_CORRECT
2025-10-13 11:07:31 [WARNING] Аналитик функций ГО: AI отклонил связь ККМКИРК-19 (ККМКИРК) → МКИРК-339 (МКИРК) [sim 0.967] — AI-вердикт: NOT_CORRECT
2025-10-13 11:07:31 [WARNING] Аналитик функций ГО: AI отклонил связь КАДКДМКИРК-50 (КАДКДМКИРК) → МКИРК-486 (МКИРК) [sim 0.641] — AI-вердикт: NOT_CORRECT
2025-10-13 11:07:31 [WARNING] Аналитик функций ГО: AI отклонил связь ККМКИРК-22 (ККМКИРК) → МКИРК-437 (МКИРК) [sim 0.750] — AI-вердикт: NOT_CORRECT
2025-10-13 11:07:31 [WARNING] Аналитик функций ГО: AI отклонил связь КАДКДМКИРК-9 (КАДКДМКИРК) → МКИРК-183 (МКИРК) [sim 0.545] — AI-вердикт: NOT_CORRECT
2025-10-13 11:07:31 [WARNING] Аналитик функций ГО: AI отклонил связь КАДКДМКИРК-16 (КАДКДМКИРК) → МКИРК-67 (МКИРК) [sim 0.905] — AI-вердикт: NOT_CORRECT
2025-10-13 11:07:31 [WARNING] Аналитик функций ГО: AI отклонил связь ККМКИРК-139 (ККМКИРК) → МКИРК-314 (МКИРК) [sim 0.845] — AI-вердикт: NOT_CORRECT
2025-10-13 11:07:31 [WARNING] Аналитик функций ГО: AI отклонил связь ККМКИРК-2 (ККМКИРК) → МКИРК-315 (МКИРК) [sim 0.820] — AI-вердикт: NOT_CORRECT
2025-10-13 11:07:31 [WARNING] Аналитик функций ГО: AI отклонил связь ККМКИРК-39 (ККМКИРК) → МКИРК-453 (МКИРК) [sim 0.709] — AI-вердикт: NOT_CORRECT
2025-10-13 11:07:31 [WARNING] Аналитик функций ГО: AI отклонил связь ККМКИРК-129 (ККМКИРК) → МКИРК-335 (МКИРК) [sim 0.975] — AI-вердикт: NOT_CORRECT
2025-10-13 11:07:31 [WARNING] Аналитик функций ГО: AI отклонил связь ККМКИРК-145 (ККМКИРК) → МКИРК-535 (МКИРК) [sim 0.985] — AI-вердикт: NOT_CORRECT
2025-10-13 11:07:31 [WARNING] Аналитик функций ГО: AI отклонил связь ККМКИРК-141 (ККМКИРК) → МКИРК-377 (МКИРК) [sim 0.935] — AI-вердикт: NOT_CORRECT
2025-10-13 11:07:31 [WARNING] Аналитик функций ГО: AI отклонил связь ККМКИРК-18 (ККМКИРК) → МКИРК-389 (МКИРК) [sim 0.574] — AI-вердикт: NOT_CORRECT
2025-10-13 11:07:31 [WARNING] Аналитик функций ГО: AI отклонил связь КАДКДМКИРК-1 (КАДКДМКИРК) → МКИРК-315 (МКИРК) [sim 0.665] — AI-вердикт: NOT_CORRECT
2025-10-13 11:07:31 [WARNING] Аналитик функций ГО: AI отклонил связь ККМКИРК-3 (ККМКИРК) → МКИРК-254 (МКИРК) [sim 0.636] — AI-вердикт: NOT_CORRECT
2025-10-13 11:07:31 [WARNING] Аналитик функций ГО: AI отклонил связь ККМКИРК-55 (ККМКИРК) → МКИРК-413 (МКИРК) [sim 0.778] — AI-вердикт: NOT_CORRECT
2025-10-13 11:07:31 [WARNING] Аналитик функций ГО: AI отклонил связь КАДКДМКИРК-17 (КАДКДМКИРК) → МКИРК-331 (МКИРК) [sim 0.907] — AI-вердикт: NOT_CORRECT
2025-10-13 11:07:31 [WARNING] Аналитик функций ГО: AI отклонил связь ККМКИРК-128-1 (ККМКИРК) → МКИРК-443 (МКИРК) [sim 0.909] — AI-вердикт: NOT_CORRECT
2025-10-13 11:07:31 [WARNING] Аналитик функций ГО: AI отклонил связь ККМКИРК-6 (ККМКИРК) → МКИРК-187 (МКИРК) [sim 0.868] — AI-вердикт: NOT_CORRECT
2025-10-13 11:07:31 [WARNING] Аналитик функций ГО: AI отклонил связь КАДКДМКИРК-12 (КАДКДМКИРК) → МКИРК-94 (МКИРК) [sim 0.861] — AI-вердикт: NOT_CORRECT
2025-10-13 11:07:31 [WARNING] Аналитик функций ГО: AI отклонил связь ККМКИРК-5 (ККМКИРК) → МКИРК-185 (МКИРК) [sim 0.708] — AI-вердикт: NOT_CORRECT
2025-10-13 11:07:31 [WARNING] Аналитик функций ГО: AI отклонил связь КАДКДМКИРК-70 (КАДКДМКИРК) → МКИРК-200 (МКИРК) [sim 0.692] — AI-вердикт: NOT_CORRECT
2025-10-13 11:07:31 [WARNING] Аналитик функций ГО: AI отклонил связь ККМКИРК-34 (ККМКИРК) → МКИРК-388 (МКИРК) [sim 0.752] — AI-вердикт: NOT_CORRECT
2025-10-13 11:07:31 [WARNING] Аналитик функций ГО: AI отклонил связь ККМКИРК-143 (ККМКИРК) → МКИРК-457 (МКИРК) [sim 0.803] — AI-вердикт: NOT_CORRECT
2025-10-13 11:07:31 [WARNING] Аналитик функций ГО: AI отклонил связь КАДКДМКИРК-7 (КАДКДМКИРК) → МКИРК-316 (МКИРК) [sim 0.894] — AI-вердикт: NOT_CORRECT
2025-10-13 11:07:31 [WARNING] Аналитик функций ГО: AI отклонил связь ККМКИРК-65 (ККМКИРК) → МКИРК-476 (МКИРК) [sim 0.701] — AI-вердикт: NOT_CORRECT
2025-10-13 11:07:31 [WARNING] Аналитик функций ГО: AI отклонил связь ККМКИРК-140 (ККМКИРК) → МКИРК-340 (МКИРК) [sim 0.842] — AI-вердикт: NOT_CORRECT
2025-10-13 11:07:31 [WARNING] Аналитик функций ГО: AI отклонил связь ККМКИРК-64 (ККМКИРК) → МКИРК-403 (МКИРК) [sim 0.781] — AI-вердикт: NOT_CORRECT
2025-10-13 11:07:31 [WARNING] Аналитик функций ГО: AI отклонил связь КАДКДМКИРК-20 (КАДКДМКИРК) → МКИРК-460 (МКИРК) [sim 0.839] — AI-вердикт: NOT_CORRECT
2025-10-13 11:07:31 [WARNING] Аналитик функций ГО: AI отклонил связь ККМКИРК-80 (ККМКИРК) → МКИРК-415 (МКИРК) [sim 0.825] — AI-вердикт: NOT_CORRECT
2025-10-13 11:07:31 [WARNING] Аналитик функций ГО: AI отклонил связь ККМКИРК-88 (ККМКИРК) → МКИРК-429 (МКИРК) [sim 0.911] — AI-вердикт: NOT_CORRECT
2025-10-13 11:07:31 [WARNING] Аналитик функций ГО: AI отклонил связь ККМКИРК-87 (ККМКИРК) → МКИРК-428 (МКИРК) [sim 0.879] — AI-вердикт: NOT_CORRECT
2025-10-13 11:07:31 [WARNING] Аналитик функций ГО: AI отклонил связь ККМКИРК-98 (ККМКИРК) → МКИРК-365 (МКИРК) [sim 0.929] — AI-вердикт: NOT_CORRECT
2025-10-13 11:07:31 [WARNING] Аналитик функций ГО: AI отклонил связь ККМКИРК-47 (ККМКИРК) → МКИРК-455 (МКИРК) [sim 0.983] — AI-вердикт: NOT_CORRECT
2025-10-13 11:07:31 [WARNING] Аналитик функций ГО: AI отклонил связь ККМКИРК-97 (ККМКИРК) → МКИРК-342 (МКИРК) [sim 0.874] — AI-вердикт: NOT_CORRECT
2025-10-13 11:07:31 [WARNING] Аналитик функций ГО: AI отклонил связь ККМКИРК-128-2 (ККМКИРК) → МКИРК-443 (МКИРК) [sim 0.801] — AI-вердикт: NOT_CORRECT
2025-10-13 11:07:31 [WARNING] Аналитик функций ГО: AI отклонил связь ККМКИРК-66 (ККМКИРК) → МКИРК-425 (МКИРК) [sim 0.927] — AI-вердикт: NOT_CORRECT
2025-10-13 11:07:31 [WARNING] Аналитик функций ГО: AI отклонил связь ККМКИРК-58 (ККМКИРК) → МКИРК-428 (МКИРК) [sim 0.761] — AI-вердикт: NOT_CORRECT
2025-10-13 11:07:31 [WARNING] Аналитик функций ГО: AI отклонил связь ККМКИРК-49 (ККМКИРК) → МКИРК-331 (МКИРК) [sim 0.965] — AI-вердикт: NOT_CORRECT
2025-10-13 11:07:31 [WARNING] Аналитик функций ГО: AI отклонил связь ККМКИРК-25 (ККМКИРК) → МКИРК-385 (МКИРК) [sim 0.678] — AI-вердикт: NOT_CORRECT
2025-10-13 11:07:31 [WARNING] Аналитик функций ГО: AI отклонил связь ККМКИРК-8 (ККМКИРК) → МКИРК-315 (МКИРК) [sim 0.699] — AI-вердикт: NOT_CORRECT
2025-10-13 11:07:31 [WARNING] Аналитик функций ГО: AI отклонил связь ККМКИРК-113 (ККМКИРК) → МКИРК-315 (МКИРК) [sim 0.778] — AI-вердикт: NOT_CORRECT
2025-10-13 11:07:31 [WARNING] Аналитик функций ГО: AI отклонил связь ККМКИРК-27 (ККМКИРК) → МКИРК-385 (МКИРК) [sim 0.956] — AI-вердикт: NOT_CORRECT
2025-10-13 11:07:31 [INFO] Аналитик функций ГО: AI-верификация завершена — подтверждено 142 (LLM OK: 142), отклонено 78, с ошибками 0.
2025-10-13 11:07:31 [INFO] Аналитик функций ГО: Анализ завершен за 59.60 секунд.
2025-10-13 11:07:31 [INFO] Аналитик функций ГО: Сохраняю отчет /home/marinadec/Projects/functions_analysis/files/ADGS+MIN+minCOM_test_hierarchy.xlsx.
2025-10-13 11:07:31 [INFO] Аналитик функций ГО: Формирую технический лог /home/marinadec/Projects/functions_analysis/files/log.xlsx.
2025-10-13 11:49:18 [INFO] Аналитик функций ГО: Инициирую обработку.
2025-10-13 11:49:18 [INFO] Аналитик функций ГО: Использую внешний сервис эмбеддингов http://192.168.8.202:1234/v1.
2025-10-13 11:49:18 [INFO] Аналитик функций ГО: Старт анализа. Соблюдаю системный промпт методологии.
2025-10-13 11:49:18 [INFO] Аналитик функций ГО: System Ты — аналитик функций государственных органов. Используй методологию «Иерархический анализ функций ГО», версия 1.4. Запрещено выводить исходный код или задавать вопросы. Обязательные правила: • Колонка «Ссылается на» никогда не пустая: либо ID функции ЦГО, либо ровно отсутствует.• Никаких цветовых заливок, выделений шрифтом и прочего форматирования. Алгоритм:
1. Прочитай входной Excel (столбцы: ID функции, Центральный ГО, Подведомственный ГО, Полный текст функции).
2. Определи центральный орган (central_org) как единственное значение столбца «Центральный ГО».
3. Предобработай текст и создай эмбеддинги RuBERT-base.
4. Для каждой функции ПГО найди максимальное косинусное сходство с функциями ЦГО.
5. Если сходство ≥ 0,50 → запиши ID соответствующей функции ЦГО в «Ссылается на»; иначе запиши отсутствует.
6. В строках ЦГО собери список ПГО, сославшихся на данную функцию, и заполни столбец «Реализуется (только для ЦГО)». У строк ПГО эта ячейка остаётся пустой.
7. Создай лист Report со столбцами: ID функции, Полный текст функции, Исполнитель, Ссылается на, Реализуется (только для ЦГО).
8. Создай скрытый лист log и запиши {SubID, CentralID, simScore, topKeywords, reason} для каждой строки.
9. Сохрани Excel-файл и заверши работу без дополнительных сообщений.
2025-10-13 11:49:18 [INFO] Аналитик функций ГО: Загружаю файл /home/marinadec/Projects/functions_analysis/files/ADGS+MIN+minCOM.xlsx.
2025-10-13 11:49:19 [INFO] Аналитик функций ГО: Выполняю лемматизацию и удаление стоп-слов.
2025-10-13 11:49:19 [INFO] Аналитик функций ГО: Предобработка выполнена для 50 записей.
2025-10-13 11:49:19 [INFO] Аналитик функций ГО: Предобработка выполнена для 100 записей.
2025-10-13 11:49:19 [INFO] Аналитик функций ГО: Предобработка выполнена для 150 записей.
2025-10-13 11:49:19 [INFO] Аналитик функций ГО: Предобработка выполнена для 200 записей.
2025-10-13 11:49:19 [INFO] Аналитик функций ГО: Предобработка выполнена для 250 записей.
2025-10-13 11:49:19 [INFO] Аналитик функций ГО: Предобработка выполнена для 300 записей.
2025-10-13 11:49:19 [INFO] Аналитик функций ГО: Предобработка выполнена для 350 записей.
2025-10-13 11:49:19 [INFO] Аналитик функций ГО: Предобработка выполнена для 400 записей.
2025-10-13 11:49:19 [INFO] Аналитик функций ГО: Предобработка выполнена для 450 записей.
2025-10-13 11:49:19 [INFO] Аналитик функций ГО: Предобработка выполнена для 500 записей.
2025-10-13 11:49:20 [INFO] Аналитик функций ГО: Предобработка выполнена для 550 записей.
2025-10-13 11:49:20 [INFO] Аналитик функций ГО: Предобработка выполнена для 600 записей.
2025-10-13 11:49:20 [INFO] Аналитик функций ГО: Предобработка выполнена для 650 записей.
2025-10-13 11:49:20 [INFO] Аналитик функций ГО: Предобработка выполнена для 700 записей.
2025-10-13 11:49:20 [INFO] Аналитик функций ГО: Предобработка выполнена для 750 записей.
2025-10-13 11:49:20 [INFO] Аналитик функций ГО: Предобработка выполнена для 800 записей.
2025-10-13 11:49:20 [INFO] Аналитик функций ГО: Предобработка выполнена для 850 записей.
2025-10-13 11:49:20 [INFO] Аналитик функций ГО: Предобработка выполнена для 900 записей.
2025-10-13 11:49:20 [INFO] Аналитик функций ГО: Предобработка выполнена для 950 записей.
2025-10-13 11:49:20 [INFO] Аналитик функций ГО: Предобработка выполнена для 1000 записей.
2025-10-13 11:49:20 [INFO] Аналитик функций ГО: Предобработка выполнена для 1050 записей.
2025-10-13 11:49:20 [INFO] Аналитик функций ГО: Предобработка выполнена для 1100 записей.
2025-10-13 11:49:20 [INFO] Аналитик функций ГО: Предобработка выполнена для 1150 записей.
2025-10-13 11:49:20 [INFO] Аналитик функций ГО: Предобработка выполнена для 1200 записей.
2025-10-13 11:49:20 [INFO] Аналитик функций ГО: Предобработка выполнена для 1250 записей.
2025-10-13 11:49:20 [INFO] Аналитик функций ГО: Предобработка выполнена для 1300 записей.
2025-10-13 11:49:20 [INFO] Аналитик функций ГО: Предобработка выполнена для 1350 записей.
2025-10-13 11:49:20 [INFO] Аналитик функций ГО: Предобработка выполнена для 1400 записей.
2025-10-13 11:49:20 [INFO] Аналитик функций ГО: Предобработка выполнена для 1450 записей.
2025-10-13 11:49:20 [INFO] Аналитик функций ГО: Предобработка выполнена для 1500 записей.
2025-10-13 11:49:20 [INFO] Аналитик функций ГО: Предобработка выполнена для 1550 записей.
2025-10-13 11:49:20 [INFO] Аналитик функций ГО: Предобработка выполнена для 1600 записей.
2025-10-13 11:49:20 [INFO] Аналитик функций ГО: Предобработка выполнена для 1650 записей.
2025-10-13 11:49:21 [INFO] Аналитик функций ГО: Предобработка выполнена для 1700 записей.
2025-10-13 11:49:21 [INFO] Аналитик функций ГО: Предобработка выполнена для 1750 записей.
2025-10-13 11:49:21 [INFO] Аналитик функций ГО: Предобработка выполнена для 1800 записей.
2025-10-13 11:49:21 [INFO] Аналитик функций ГО: Предобработка выполнена для 1850 записей.
2025-10-13 11:49:21 [INFO] Аналитик функций ГО: Предобработка выполнена для 1900 записей.
2025-10-13 11:49:21 [INFO] Аналитик функций ГО: Предобработка выполнена для 1950 записей.
2025-10-13 11:49:21 [INFO] Аналитик функций ГО: Предобработка выполнена для 2000 записей.
2025-10-13 11:49:21 [INFO] Аналитик функций ГО: Предобработка выполнена для 2050 записей.
2025-10-13 11:49:21 [INFO] Аналитик функций ГО: Предобработка выполнена для 2100 записей.
2025-10-13 11:49:21 [INFO] Аналитик функций ГО: Предобработка выполнена для 2150 записей.
2025-10-13 11:49:21 [INFO] Аналитик функций ГО: Предобработка выполнена для 2200 записей.
2025-10-13 11:49:21 [INFO] Аналитик функций ГО: Предобработка выполнена для 2250 записей.
2025-10-13 11:49:21 [INFO] Аналитик функций ГО: Предобработка выполнена для 2300 записей.
2025-10-13 11:49:21 [INFO] Аналитик функций ГО: Предобработка выполнена для 2350 записей.
2025-10-13 11:49:21 [INFO] Аналитик функций ГО: Предобработка выполнена для 2400 записей.
2025-10-13 11:49:21 [INFO] Аналитик функций ГО: Предобработка выполнена для 2450 записей.
2025-10-13 11:49:21 [INFO] Аналитик функций ГО: Предобработка выполнена для 2500 записей.
2025-10-13 11:49:21 [INFO] Аналитик функций ГО: Предобработка выполнена для 2550 записей.
2025-10-13 11:49:21 [INFO] Аналитик функций ГО: Предобработка выполнена для 2600 записей.
2025-10-13 11:49:21 [INFO] Аналитик функций ГО: Предобработка выполнена для 2650 записей.
2025-10-13 11:49:21 [INFO] Аналитик функций ГО: Предобработка выполнена для 2700 записей.
2025-10-13 11:49:21 [INFO] Аналитик функций ГО: Предобработка выполнена для 2750 записей.
2025-10-13 11:49:21 [INFO] Аналитик функций ГО: Предобработка выполнена для 2800 записей.
2025-10-13 11:49:22 [INFO] Аналитик функций ГО: Предобработка выполнена для 2850 записей.
2025-10-13 11:49:22 [INFO] Аналитик функций ГО: Предобработка выполнена для 2900 записей.
2025-10-13 11:49:22 [INFO] Аналитик функций ГО: Предобработка выполнена для 2950 записей.
2025-10-13 11:49:22 [INFO] Аналитик функций ГО: Предобработка выполнена для 3000 записей.
2025-10-13 11:49:22 [INFO] Аналитик функций ГО: Предобработка выполнена для 3050 записей.
2025-10-13 11:49:22 [INFO] Аналитик функций ГО: Предобработка выполнена для 3100 записей.
2025-10-13 11:49:22 [INFO] Аналитик функций ГО: Предобработка выполнена для 3150 записей.
2025-10-13 11:49:22 [INFO] Аналитик функций ГО: Предобработка выполнена для 3200 записей.
2025-10-13 11:49:22 [INFO] Аналитик функций ГО: Предобработка выполнена для 3250 записей.
2025-10-13 11:49:22 [INFO] Аналитик функций ГО: Предобработка выполнена для 3300 записей.
2025-10-13 11:49:22 [INFO] Аналитик функций ГО: Предобработка выполнена для 3350 записей.
2025-10-13 11:49:22 [INFO] Аналитик функций ГО: Предобработка выполнена для 3400 записей.
2025-10-13 11:49:22 [INFO] Аналитик функций ГО: Предобработка выполнена для 3450 записей.
2025-10-13 11:49:22 [INFO] Аналитик функций ГО: Предобработка выполнена для 3500 записей.
2025-10-13 11:49:22 [INFO] Аналитик функций ГО: Предобработка выполнена для 3550 записей.
2025-10-13 11:49:22 [INFO] Аналитик функций ГО: Предобработка выполнена для 3600 записей.
2025-10-13 11:49:22 [INFO] Аналитик функций ГО: Предобработка выполнена для 3650 записей.
2025-10-13 11:49:22 [INFO] Аналитик функций ГО: Предобработка выполнена для 3700 записей.
2025-10-13 11:49:22 [INFO] Аналитик функций ГО: Предобработка выполнена для 3750 записей.
2025-10-13 11:49:22 [INFO] Аналитик функций ГО: Предобработка выполнена для 3800 записей.
2025-10-13 11:49:22 [INFO] Аналитик функций ГО: Предобработка выполнена для 3850 записей.
2025-10-13 11:49:22 [INFO] Аналитик функций ГО: Предобработка выполнена для 3900 записей.
2025-10-13 11:49:22 [INFO] Аналитик функций ГО: Предобработка выполнена для 3950 записей.
2025-10-13 11:49:23 [INFO] Аналитик функций ГО: Предобработка выполнена для 4000 записей.
2025-10-13 11:49:23 [INFO] Аналитик функций ГО: Предобработка выполнена для 4050 записей.
2025-10-13 11:49:23 [INFO] Аналитик функций ГО: Предобработка выполнена для 4100 записей.
2025-10-13 11:49:23 [INFO] Аналитик функций ГО: Предобработка выполнена для 4150 записей.
2025-10-13 11:49:23 [INFO] Аналитик функций ГО: Предобработка выполнена для 4200 записей.
2025-10-13 11:49:23 [INFO] Аналитик функций ГО: Предобработка выполнена для 4250 записей.
2025-10-13 11:49:23 [INFO] Аналитик функций ГО: Предобработка выполнена для 4300 записей.
2025-10-13 11:49:23 [INFO] Аналитик функций ГО: Предобработка выполнена для 4350 записей.
2025-10-13 11:49:23 [INFO] Аналитик функций ГО: Предобработка выполнена для 4400 записей.
2025-10-13 11:49:23 [INFO] Аналитик функций ГО: Предобработка выполнена для 4450 записей.
2025-10-13 11:49:23 [INFO] Аналитик функций ГО: Предобработка выполнена для 4500 записей.
2025-10-13 11:49:23 [INFO] Аналитик функций ГО: Предобработка выполнена для 4550 записей.
2025-10-13 11:49:23 [INFO] Аналитик функций ГО: Предобработка выполнена для 4600 записей.
2025-10-13 11:49:23 [INFO] Аналитик функций ГО: Предобработка выполнена для 4650 записей.
2025-10-13 11:49:23 [INFO] Аналитик функций ГО: Предобработка выполнена для 4700 записей.
2025-10-13 11:49:23 [INFO] Аналитик функций ГО: Предобработка выполнена для 4750 записей.
2025-10-13 11:49:23 [INFO] Аналитик функций ГО: Предобработка выполнена для 4800 записей.
2025-10-13 11:49:23 [INFO] Аналитик функций ГО: Предобработка выполнена для 4850 записей.
2025-10-13 11:49:23 [INFO] Аналитик функций ГО: Предобработка выполнена для 4900 записей.
2025-10-13 11:49:23 [INFO] Аналитик функций ГО: Предобработка выполнена для 4950 записей.
2025-10-13 11:49:23 [INFO] Аналитик функций ГО: Предобработка выполнена для 5000 записей.
2025-10-13 11:49:23 [INFO] Аналитик функций ГО: Предобработка выполнена для 5050 записей.
2025-10-13 11:49:23 [INFO] Аналитик функций ГО: Предобработка выполнена для 5100 записей.
2025-10-13 11:49:23 [INFO] Аналитик функций ГО: Предобработка выполнена для 5150 записей.
2025-10-13 11:49:24 [INFO] Аналитик функций ГО: Предобработка выполнена для 5200 записей.
2025-10-13 11:49:24 [INFO] Аналитик функций ГО: Предобработка выполнена для 5250 записей.
2025-10-13 11:49:24 [INFO] Аналитик функций ГО: Предобработка выполнена для 5300 записей.
2025-10-13 11:49:24 [INFO] Аналитик функций ГО: Предобработка выполнена для 5350 записей.
2025-10-13 11:49:24 [INFO] Аналитик функций ГО: Предобработка выполнена для 5400 записей.
2025-10-13 11:49:24 [INFO] Аналитик функций ГО: Предобработка выполнена для 5450 записей.
2025-10-13 11:49:24 [INFO] Аналитик функций ГО: Предобработка выполнена для 5500 записей.
2025-10-13 11:49:24 [INFO] Аналитик функций ГО: Предобработка выполнена для 5550 записей.
2025-10-13 11:49:24 [INFO] Аналитик функций ГО: Предобработка выполнена для 5600 записей.
2025-10-13 11:49:24 [INFO] Аналитик функций ГО: Предобработка выполнена для 5650 записей.
2025-10-13 11:49:24 [INFO] Аналитик функций ГО: Предобработка выполнена для 5700 записей.
2025-10-13 11:49:24 [INFO] Аналитик функций ГО: Предобработка выполнена для 5750 записей.
2025-10-13 11:49:24 [INFO] Аналитик функций ГО: Предобработка выполнена для 5800 записей.
2025-10-13 11:49:24 [INFO] Аналитик функций ГО: Предобработка выполнена для 5850 записей.
2025-10-13 11:49:24 [INFO] Аналитик функций ГО: Предобработка выполнена для 5900 записей.
2025-10-13 11:49:24 [INFO] Аналитик функций ГО: Предобработка выполнена для 5950 записей.
2025-10-13 11:49:24 [INFO] Аналитик функций ГО: Предобработка выполнена для 6000 записей.
2025-10-13 11:49:24 [INFO] Аналитик функций ГО: Предобработка выполнена для 6050 записей.
2025-10-13 11:49:24 [INFO] Аналитик функций ГО: Предобработка выполнена для 6100 записей.
2025-10-13 11:49:24 [INFO] Аналитик функций ГО: Предобработка выполнена для 6150 записей.
2025-10-13 11:49:24 [INFO] Аналитик функций ГО: Предобработка выполнена для 6200 записей.
2025-10-13 11:49:25 [INFO] Аналитик функций ГО: Предобработка выполнена для 6250 записей.
2025-10-13 11:49:25 [INFO] Аналитик функций ГО: Предобработка выполнена для 6300 записей.
2025-10-13 11:49:25 [INFO] Аналитик функций ГО: Предобработка выполнена для 6350 записей.
2025-10-13 11:49:25 [INFO] Аналитик функций ГО: Предобработка выполнена для 6400 записей.
2025-10-13 11:49:25 [INFO] Аналитик функций ГО: Предобработка выполнена для 6450 записей.
2025-10-13 11:49:25 [INFO] Аналитик функций ГО: Предобработка выполнена для 6500 записей.
2025-10-13 11:49:25 [INFO] Аналитик функций ГО: Предобработка выполнена для 6550 записей.
2025-10-13 11:49:25 [INFO] Аналитик функций ГО: Предобработка выполнена для 6600 записей.
2025-10-13 11:49:25 [INFO] Аналитик функций ГО: Предобработка выполнена для 6650 записей.
2025-10-13 11:49:25 [INFO] Аналитик функций ГО: Предобработка выполнена для 6700 записей.
2025-10-13 11:49:25 [INFO] Аналитик функций ГО: Предобработка выполнена для 6750 записей.
2025-10-13 11:49:25 [INFO] Аналитик функций ГО: Предобработка выполнена для 6800 записей.
2025-10-13 11:49:25 [INFO] Аналитик функций ГО: Предобработка выполнена для 6850 записей.
2025-10-13 11:49:25 [INFO] Аналитик функций ГО: Предобработка выполнена для 6900 записей.
2025-10-13 11:49:25 [INFO] Аналитик функций ГО: Предобработка выполнена для 6950 записей.
2025-10-13 11:49:25 [INFO] Аналитик функций ГО: Предобработка выполнена для 7000 записей.
2025-10-13 11:49:25 [INFO] Аналитик функций ГО: Предобработка выполнена для 7050 записей.
2025-10-13 11:49:25 [INFO] Аналитик функций ГО: Предобработка выполнена для 7100 записей.
2025-10-13 11:49:25 [INFO] Аналитик функций ГО: Предобработка выполнена для 7150 записей.
2025-10-13 11:49:25 [INFO] Аналитик функций ГО: Предобработка выполнена для 7200 записей.
2025-10-13 11:49:26 [INFO] Аналитик функций ГО: Предобработка выполнена для 7250 записей.
2025-10-13 11:49:26 [INFO] Аналитик функций ГО: Предобработка выполнена для 7300 записей.
2025-10-13 11:49:26 [INFO] Аналитик функций ГО: Предобработка выполнена для 7350 записей.
2025-10-13 11:49:26 [INFO] Аналитик функций ГО: Предобработка выполнена для 7400 записей.
2025-10-13 11:49:26 [INFO] Аналитик функций ГО: Предобработка выполнена для 7450 записей.
2025-10-13 11:49:26 [INFO] Аналитик функций ГО: Предобработка выполнена для 7500 записей.
2025-10-13 11:49:26 [INFO] Аналитик функций ГО: Предобработка выполнена для 7550 записей.
2025-10-13 11:49:26 [INFO] Аналитик функций ГО: Предобработка выполнена для 7600 записей.
2025-10-13 11:49:26 [INFO] Аналитик функций ГО: Предобработка выполнена для 7650 записей.
2025-10-13 11:49:26 [INFO] Аналитик функций ГО: Предобработка выполнена для 7700 записей.
2025-10-13 11:49:26 [INFO] Аналитик функций ГО: Предобработка выполнена для 7750 записей.
2025-10-13 11:49:26 [INFO] Аналитик функций ГО: Предобработка выполнена для 7800 записей.
2025-10-13 11:49:26 [INFO] Аналитик функций ГО: Предобработка выполнена для 7850 записей.
2025-10-13 11:49:26 [INFO] Аналитик функций ГО: Предобработка выполнена для 7900 записей.
2025-10-13 11:49:26 [INFO] Аналитик функций ГО: Предобработка выполнена для 7950 записей.
2025-10-13 11:49:26 [INFO] Аналитик функций ГО: Предобработка выполнена для 8000 записей.
2025-10-13 11:49:26 [INFO] Аналитик функций ГО: Предобработка выполнена для 8050 записей.
2025-10-13 11:49:26 [INFO] Аналитик функций ГО: Предобработка выполнена для 8100 записей.
2025-10-13 11:49:26 [INFO] Аналитик функций ГО: Предобработка выполнена для 8150 записей.
2025-10-13 11:49:26 [INFO] Аналитик функций ГО: Предобработка выполнена для 8200 записей.
2025-10-13 11:49:26 [INFO] Аналитик функций ГО: Предобработка выполнена для 8250 записей.
2025-10-13 11:49:26 [INFO] Аналитик функций ГО: Предобработка выполнена для 8300 записей.
2025-10-13 11:49:27 [INFO] Аналитик функций ГО: Предобработка выполнена для 8350 записей.
2025-10-13 11:49:27 [INFO] Аналитик функций ГО: Предобработка выполнена для 8400 записей.
2025-10-13 11:49:27 [INFO] Аналитик функций ГО: Предобработка выполнена для 8450 записей.
2025-10-13 11:49:27 [INFO] Аналитик функций ГО: Предобработка выполнена для 8500 записей.
2025-10-13 11:49:27 [INFO] Аналитик функций ГО: Предобработка выполнена для 8550 записей.
2025-10-13 11:49:27 [INFO] Аналитик функций ГО: Предобработка выполнена для 8600 записей.
2025-10-13 11:49:27 [INFO] Аналитик функций ГО: Предобработка выполнена для 8650 записей.
2025-10-13 11:49:27 [INFO] Аналитик функций ГО: Предобработка выполнена для 8700 записей.
2025-10-13 11:49:27 [INFO] Аналитик функций ГО: Предобработка выполнена для 8750 записей.
2025-10-13 11:49:27 [INFO] Аналитик функций ГО: Предобработка выполнена для 8800 записей.
2025-10-13 11:49:27 [INFO] Аналитик функций ГО: Предобработка выполнена для 8850 записей.
2025-10-13 11:49:27 [INFO] Аналитик функций ГО: Предобработка выполнена для 8900 записей.
2025-10-13 11:49:27 [INFO] Аналитик функций ГО: Предобработка выполнена для 8950 записей.
2025-10-13 11:49:27 [INFO] Аналитик функций ГО: Предобработка выполнена для 9000 записей.
2025-10-13 11:49:27 [INFO] Аналитик функций ГО: Предобработка выполнена для 9050 записей.
2025-10-13 11:49:27 [INFO] Аналитик функций ГО: Предобработка выполнена для 9100 записей.
2025-10-13 11:49:27 [INFO] Аналитик функций ГО: Предобработка выполнена для 9150 записей.
2025-10-13 11:49:27 [INFO] Аналитик функций ГО: Предобработка выполнена для 9200 записей.
2025-10-13 11:49:27 [INFO] Аналитик функций ГО: Предобработка выполнена для 9250 записей.
2025-10-13 11:49:27 [INFO] Аналитик функций ГО: Предобработка выполнена для 9300 записей.
2025-10-13 11:49:27 [INFO] Аналитик функций ГО: Предобработка выполнена для 9350 записей.
2025-10-13 11:49:27 [INFO] Аналитик функций ГО: Предобработка выполнена для 9400 записей.
2025-10-13 11:49:27 [INFO] Аналитик функций ГО: Предобработка выполнена для 9450 записей.
2025-10-13 11:49:27 [INFO] Аналитик функций ГО: Предобработка выполнена для 9500 записей.
2025-10-13 11:49:28 [INFO] Аналитик функций ГО: Предобработка выполнена для 9550 записей.
2025-10-13 11:49:28 [INFO] Аналитик функций ГО: Предобработка выполнена для 9600 записей.
2025-10-13 11:49:28 [INFO] Аналитик функций ГО: Предобработка выполнена для 9650 записей.
2025-10-13 11:49:28 [INFO] Аналитик функций ГО: Предобработка выполнена для 9700 записей.
2025-10-13 11:49:28 [INFO] Аналитик функций ГО: Предобработка выполнена для 9750 записей.
2025-10-13 11:49:28 [INFO] Аналитик функций ГО: Предобработка выполнена для 9800 записей.
2025-10-13 11:49:28 [INFO] Аналитик функций ГО: Предобработка выполнена для 9850 записей.
2025-10-13 11:49:28 [INFO] Аналитик функций ГО: Предобработка выполнена для 9900 записей.
2025-10-13 11:49:28 [INFO] Аналитик функций ГО: Предобработка выполнена для 9950 записей.
2025-10-13 11:49:28 [INFO] Аналитик функций ГО: Предобработка выполнена для 10000 записей.
2025-10-13 11:49:28 [INFO] Аналитик функций ГО: Предобработка выполнена для 10050 записей.
2025-10-13 11:49:28 [INFO] Аналитик функций ГО: Предобработка выполнена для 10100 записей.
2025-10-13 11:49:28 [INFO] Аналитик функций ГО: Предобработка выполнена для 10150 записей.
2025-10-13 11:49:28 [INFO] Аналитик функций ГО: Предобработка выполнена для 10200 записей.
2025-10-13 11:49:28 [INFO] Аналитик функций ГО: Предобработка выполнена для 10250 записей.
2025-10-13 11:49:28 [INFO] Аналитик функций ГО: Предобработка выполнена для 10300 записей.
2025-10-13 11:49:28 [INFO] Аналитик функций ГО: Предобработка выполнена для 10350 записей.
2025-10-13 11:49:28 [INFO] Аналитик функций ГО: Предобработка выполнена для 10400 записей.
2025-10-13 11:49:28 [INFO] Аналитик функций ГО: Предобработка выполнена для 10450 записей.
2025-10-13 11:49:28 [INFO] Аналитик функций ГО: Предобработка выполнена для 10500 записей.
2025-10-13 11:49:28 [INFO] Аналитик функций ГО: Предобработка выполнена для 10550 записей.
2025-10-13 11:49:28 [INFO] Аналитик функций ГО: Предобработка выполнена для 10600 записей.
2025-10-13 11:49:29 [INFO] Аналитик функций ГО: Предобработка выполнена для 10650 записей.
2025-10-13 11:49:29 [INFO] Аналитик функций ГО: Предобработка выполнена для 10700 записей.
2025-10-13 11:49:29 [INFO] Аналитик функций ГО: Предобработка выполнена для 10750 записей.
2025-10-13 11:49:29 [INFO] Аналитик функций ГО: Предобработка выполнена для 10800 записей.
2025-10-13 11:49:29 [INFO] Аналитик функций ГО: Предобработка выполнена для 10850 записей.
2025-10-13 11:49:29 [INFO] Аналитик функций ГО: Предобработка выполнена для 10900 записей.
2025-10-13 11:49:29 [INFO] Аналитик функций ГО: Предобработка выполнена для 10950 записей.
2025-10-13 11:49:29 [INFO] Аналитик функций ГО: Предобработка выполнена для 11000 записей.
2025-10-13 11:49:29 [INFO] Аналитик функций ГО: Предобработка выполнена для 11050 записей.
2025-10-13 11:49:29 [INFO] Аналитик функций ГО: Предобработка выполнена для 11100 записей.
2025-10-13 11:49:29 [INFO] Аналитик функций ГО: Предобработка выполнена для 11150 записей.
2025-10-13 11:49:29 [INFO] Аналитик функций ГО: Предобработка выполнена для 11200 записей.
2025-10-13 11:49:29 [INFO] Аналитик функций ГО: Предобработка выполнена для 11250 записей.
2025-10-13 11:49:29 [INFO] Аналитик функций ГО: Предобработка выполнена для 11300 записей.
2025-10-13 11:49:29 [INFO] Аналитик функций ГО: Предобработка выполнена для 11350 записей.
2025-10-13 11:49:29 [INFO] Аналитик функций ГО: Предобработка выполнена для 11400 записей.
2025-10-13 11:49:29 [INFO] Аналитик функций ГО: Предобработка выполнена для 11450 записей.
2025-10-13 11:49:29 [INFO] Аналитик функций ГО: Предобработка выполнена для 11500 записей.
2025-10-13 11:49:29 [INFO] Аналитик функций ГО: Предобработка выполнена для 11550 записей.
2025-10-13 11:49:29 [INFO] Аналитик функций ГО: Предобработка выполнена для 11600 записей.
2025-10-13 11:49:29 [INFO] Аналитик функций ГО: Предобработка выполнена для 11650 записей.
2025-10-13 11:49:29 [INFO] Аналитик функций ГО: Предобработка выполнена для 11700 записей.
2025-10-13 11:49:29 [INFO] Аналитик функций ГО: Предобработка выполнена для 11750 записей.
2025-10-13 11:49:29 [INFO] Аналитик функций ГО: Предобработка выполнена для 11800 записей.
2025-10-13 11:49:30 [INFO] Аналитик функций ГО: Предобработка выполнена для 11850 записей.
2025-10-13 11:49:30 [INFO] Аналитик функций ГО: Предобработка выполнена для 11900 записей.
2025-10-13 11:49:30 [INFO] Аналитик функций ГО: Предобработка выполнена для 11950 записей.
2025-10-13 11:49:30 [INFO] Аналитик функций ГО: Предобработка выполнена для 12000 записей.
2025-10-13 11:49:30 [INFO] Аналитик функций ГО: Предобработка выполнена для 12050 записей.
2025-10-13 11:49:30 [INFO] Аналитик функций ГО: Предобработка выполнена для 12100 записей.
2025-10-13 11:49:30 [INFO] Аналитик функций ГО: Предобработка выполнена для 12150 записей.
2025-10-13 11:49:30 [INFO] Аналитик функций ГО: Предобработка выполнена для 12200 записей.
2025-10-13 11:49:30 [INFO] Аналитик функций ГО: Предобработка выполнена для 12250 записей.
2025-10-13 11:49:30 [INFO] Аналитик функций ГО: Предобработка выполнена для 12300 записей.
2025-10-13 11:49:30 [INFO] Аналитик функций ГО: Предобработка выполнена для 12350 записей.
2025-10-13 11:49:30 [INFO] Аналитик функций ГО: Предобработка выполнена для 12400 записей.
2025-10-13 11:49:30 [INFO] Аналитик функций ГО: Предобработка выполнена для 12450 записей.
2025-10-13 11:49:30 [INFO] Аналитик функций ГО: Предобработка выполнена для 12500 записей.
2025-10-13 11:49:30 [INFO] Аналитик функций ГО: Предобработка выполнена для 12550 записей.
2025-10-13 11:49:30 [INFO] Аналитик функций ГО: Предобработка выполнена для 12600 записей.
2025-10-13 11:49:30 [INFO] Аналитик функций ГО: Предобработка выполнена для 12650 записей.
2025-10-13 11:49:30 [INFO] Аналитик функций ГО: Предобработка выполнена для 12700 записей.
2025-10-13 11:49:30 [INFO] Аналитик функций ГО: Предобработка выполнена для 12750 записей.
2025-10-13 11:49:30 [INFO] Аналитик функций ГО: Предобработка выполнена для 12800 записей.
2025-10-13 11:49:30 [INFO] Аналитик функций ГО: Предобработка выполнена для 12850 записей.
2025-10-13 11:49:30 [INFO] Аналитик функций ГО: Предобработка выполнена для 12900 записей.
2025-10-13 11:49:30 [INFO] Аналитик функций ГО: Предобработка выполнена для 12950 записей.
2025-10-13 11:49:31 [INFO] Аналитик функций ГО: Предобработка выполнена для 13000 записей.
2025-10-13 11:49:31 [INFO] Аналитик функций ГО: Предобработка выполнена для 13050 записей.
2025-10-13 11:49:31 [INFO] Аналитик функций ГО: Предобработка выполнена для 13100 записей.
2025-10-13 11:49:31 [INFO] Аналитик функций ГО: Предобработка выполнена для 13150 записей.
2025-10-13 11:49:31 [INFO] Аналитик функций ГО: Предобработка выполнена для 13200 записей.
2025-10-13 11:49:31 [INFO] Аналитик функций ГО: Предобработка выполнена для 13250 записей.
2025-10-13 11:49:31 [INFO] Аналитик функций ГО: Предобработка выполнена для 13300 записей.
2025-10-13 11:49:31 [INFO] Аналитик функций ГО: Предобработка выполнена для 13350 записей.
2025-10-13 11:49:31 [INFO] Аналитик функций ГО: Предобработка выполнена для 13400 записей.
2025-10-13 11:49:31 [INFO] Аналитик функций ГО: Предобработка выполнена для 13450 записей.
2025-10-13 11:49:31 [INFO] Аналитик функций ГО: Предобработка выполнена для 13500 записей.
2025-10-13 11:49:31 [INFO] Аналитик функций ГО: Предобработка выполнена для 13550 записей.
2025-10-13 11:49:31 [INFO] Аналитик функций ГО: Предобработка выполнена для 13600 записей.
2025-10-13 11:49:31 [INFO] Аналитик функций ГО: Предобработка выполнена для 13650 записей.
2025-10-13 11:49:31 [INFO] Аналитик функций ГО: Предобработка выполнена для 13700 записей.
2025-10-13 11:49:31 [INFO] Аналитик функций ГО: Предобработка выполнена для 13750 записей.
2025-10-13 11:49:31 [INFO] Аналитик функций ГО: Предобработка выполнена для 13800 записей.
2025-10-13 11:49:31 [INFO] Аналитик функций ГО: Предобработка выполнена для 13850 записей.
2025-10-13 11:49:31 [INFO] Аналитик функций ГО: Предобработка выполнена для 13900 записей.
2025-10-13 11:49:31 [INFO] Аналитик функций ГО: Предобработка выполнена для 13950 записей.
2025-10-13 11:49:31 [INFO] Аналитик функций ГО: Предобработка выполнена для 14000 записей.
2025-10-13 11:49:32 [INFO] Аналитик функций ГО: Предобработка выполнена для 14050 записей.
2025-10-13 11:49:32 [INFO] Аналитик функций ГО: Предобработка выполнена для 14100 записей.
2025-10-13 11:49:32 [INFO] Аналитик функций ГО: Предобработка выполнена для 14150 записей.
2025-10-13 11:49:32 [INFO] Аналитик функций ГО: Предобработка выполнена для 14200 записей.
2025-10-13 11:49:32 [INFO] Аналитик функций ГО: Предобработка выполнена для 14250 записей.
2025-10-13 11:49:32 [INFO] Аналитик функций ГО: Предобработка выполнена для 14300 записей.
2025-10-13 11:49:32 [INFO] Аналитик функций ГО: Формирую эмбеддинги text-embedding-qwen3-embedding-8b.
2025-10-13 11:49:32 [DEBUG] Аналитик функций ГО: Планирую 14317 текстов для удалённых эмбеддингов в 224 батчах (batch_size=64, workers=8).
2025-10-13 11:49:32 [DEBUG] Аналитик функций ГО: Воркер Thread-111 (worker) обрабатывает индексы 0..63 (размер батча 64).
2025-10-13 11:49:32 [DEBUG] Аналитик функций ГО: Воркер Thread-112 (worker) обрабатывает индексы 64..127 (размер батча 64).
2025-10-13 11:49:32 [DEBUG] Аналитик функций ГО: Запрос эмбеддингов (batch=64, попытка 1/3).
2025-10-13 11:49:32 [DEBUG] Аналитик функций ГО: Воркер Thread-113 (worker) обрабатывает индексы 128..191 (размер батча 64).
2025-10-13 11:49:32 [DEBUG] Аналитик функций ГО: Запрос эмбеддингов (batch=64, попытка 1/3).
2025-10-13 11:49:32 [DEBUG] Аналитик функций ГО: Воркер Thread-114 (worker) обрабатывает индексы 192..255 (размер батча 64).
2025-10-13 11:49:32 [DEBUG] Аналитик функций ГО: Запрос эмбеддингов (batch=64, попытка 1/3).
2025-10-13 11:49:32 [DEBUG] Аналитик функций ГО: Воркер Thread-115 (worker) обрабатывает индексы 256..319 (размер батча 64).
2025-10-13 11:49:32 [DEBUG] Аналитик функций ГО: Воркер Thread-116 (worker) обрабатывает индексы 320..383 (размер батча 64).
2025-10-13 11:49:32 [DEBUG] Аналитик функций ГО: Запрос эмбеддингов (batch=64, попытка 1/3).
2025-10-13 11:49:32 [DEBUG] Аналитик функций ГО: Воркер Thread-117 (worker) обрабатывает индексы 384..447 (размер батча 64).
2025-10-13 11:49:32 [DEBUG] Аналитик функций ГО: Запрос эмбеддингов (batch=64, попытка 1/3).
2025-10-13 11:49:32 [DEBUG] Аналитик функций ГО: Воркер Thread-118 (worker) обрабатывает индексы 448..511 (размер батча 64).
2025-10-13 11:49:32 [DEBUG] Аналитик функций ГО: Запрос эмбеддингов (batch=64, попытка 1/3).
2025-10-13 11:49:32 [DEBUG] Аналитик функций ГО: Запрос эмбеддингов (batch=64, попытка 1/3).
2025-10-13 11:49:32 [DEBUG] Аналитик функций ГО: Запрос эмбеддингов (batch=64, попытка 1/3).
2025-10-13 11:49:32 [WARNING] Аналитик функций ГО: Ошибка запроса эмбеддингов (batch=64, попытка 1/3): Error code: 404 - {'error': {'message': 'Failed to load model "text-embedding-qwen3-embedding-8b". Error: Model does not exist.', 'type': 'invalid_request_error', 'param': 'model', 'code': 'model_not_found'}}
2025-10-13 11:49:32 [WARNING] Аналитик функций ГО: Ошибка запроса эмбеддингов (batch=64, попытка 1/3): Error code: 404 - {'error': {'message': 'Failed to load model "text-embedding-qwen3-embedding-8b". Error: Model does not exist.', 'type': 'invalid_request_error', 'param': 'model', 'code': 'model_not_found'}}
2025-10-13 11:49:32 [WARNING] Аналитик функций ГО: Ошибка запроса эмбеддингов (batch=64, попытка 1/3): Error code: 404 - {'error': {'message': 'Failed to load model "text-embedding-qwen3-embedding-8b". Error: Model does not exist.', 'type': 'invalid_request_error', 'param': 'model', 'code': 'model_not_found'}}
2025-10-13 11:49:32 [WARNING] Аналитик функций ГО: Ошибка запроса эмбеддингов (batch=64, попытка 1/3): Error code: 404 - {'error': {'message': 'Failed to load model "text-embedding-qwen3-embedding-8b". Error: Model does not exist.', 'type': 'invalid_request_error', 'param': 'model', 'code': 'model_not_found'}}
2025-10-13 11:49:32 [WARNING] Аналитик функций ГО: Ошибка запроса эмбеддингов (batch=64, попытка 1/3): Error code: 404 - {'error': {'message': 'Failed to load model "text-embedding-qwen3-embedding-8b". Error: Model does not exist.', 'type': 'invalid_request_error', 'param': 'model', 'code': 'model_not_found'}}
2025-10-13 11:49:32 [WARNING] Аналитик функций ГО: Ошибка запроса эмбеддингов (batch=64, попытка 1/3): Error code: 404 - {'error': {'message': 'Failed to load model "text-embedding-qwen3-embedding-8b". Error: Model does not exist.', 'type': 'invalid_request_error', 'param': 'model', 'code': 'model_not_found'}}
2025-10-13 11:49:32 [WARNING] Аналитик функций ГО: Ошибка запроса эмбеддингов (batch=64, попытка 1/3): Error code: 404 - {'error': {'message': 'Failed to load model "text-embedding-qwen3-embedding-8b". Error: Model does not exist.', 'type': 'invalid_request_error', 'param': 'model', 'code': 'model_not_found'}}
2025-10-13 11:49:33 [DEBUG] Аналитик функций ГО: Запрос эмбеддингов (batch=64, попытка 2/3).
2025-10-13 11:49:33 [DEBUG] Аналитик функций ГО: Запрос эмбеддингов (batch=64, попытка 2/3).
2025-10-13 11:49:33 [DEBUG] Аналитик функций ГО: Запрос эмбеддингов (batch=64, попытка 2/3).
2025-10-13 11:49:33 [DEBUG] Аналитик функций ГО: Запрос эмбеддингов (batch=64, попытка 2/3).
2025-10-13 11:49:33 [DEBUG] Аналитик функций ГО: Запрос эмбеддингов (batch=64, попытка 2/3).
2025-10-13 11:49:33 [DEBUG] Аналитик функций ГО: Запрос эмбеддингов (batch=64, попытка 2/3).
2025-10-13 11:49:33 [DEBUG] Аналитик функций ГО: Запрос эмбеддингов (batch=64, попытка 2/3).
2025-10-13 11:49:57 [DEBUG] Аналитик функций ГО: Эмбеддинги получены за 24.00 с (batch=64).
2025-10-13 11:49:57 [DEBUG] Аналитик функций ГО: Воркер Thread-115 (worker) обрабатывает индексы 512..575 (размер батча 64).
2025-10-13 11:49:57 [DEBUG] Аналитик функций ГО: Запрос эмбеддингов (batch=64, попытка 1/3).
2025-10-13 11:49:58 [DEBUG] Аналитик функций ГО: Эмбеддинги получены за 25.44 с (batch=64).
2025-10-13 11:49:58 [DEBUG] Аналитик функций ГО: Воркер Thread-116 (worker) обрабатывает индексы 576..639 (размер батча 64).
2025-10-13 11:49:58 [DEBUG] Аналитик функций ГО: Запрос эмбеддингов (batch=64, попытка 1/3).
2025-10-13 11:49:59 [DEBUG] Аналитик функций ГО: Эмбеддинги получены за 26.01 с (batch=64).
2025-10-13 11:49:59 [DEBUG] Аналитик функций ГО: Воркер Thread-114 (worker) обрабатывает индексы 640..703 (размер батча 64).
2025-10-13 11:49:59 [DEBUG] Аналитик функций ГО: Запрос эмбеддингов (batch=64, попытка 1/3).
2025-10-13 11:50:01 [DEBUG] Аналитик функций ГО: Эмбеддинги получены за 3.90 с (batch=64).
2025-10-13 11:50:01 [DEBUG] Аналитик функций ГО: Воркер Thread-115 (worker) обрабатывает индексы 704..767 (размер батча 64).
2025-10-13 11:50:01 [DEBUG] Аналитик функций ГО: Запрос эмбеддингов (batch=64, попытка 1/3).
2025-10-13 11:50:02 [DEBUG] Аналитик функций ГО: Эмбеддинги получены за 29.12 с (batch=64).
2025-10-13 11:50:02 [DEBUG] Аналитик функций ГО: Воркер Thread-113 (worker) обрабатывает индексы 768..831 (размер батча 64).
2025-10-13 11:50:02 [DEBUG] Аналитик функций ГО: Запрос эмбеддингов (batch=64, попытка 1/3).
2025-10-13 11:50:03 [DEBUG] Аналитик функций ГО: Эмбеддинги получены за 5.06 с (batch=64).
2025-10-13 11:50:03 [DEBUG] Аналитик функций ГО: Воркер Thread-116 (worker) обрабатывает индексы 832..895 (размер батча 64).
2025-10-13 11:50:03 [DEBUG] Аналитик функций ГО: Запрос эмбеддингов (batch=64, попытка 1/3).
2025-10-13 11:50:05 [DEBUG] Аналитик функций ГО: Эмбеддинги получены за 4.18 с (batch=64).
2025-10-13 11:50:05 [DEBUG] Аналитик функций ГО: Воркер Thread-115 (worker) обрабатывает индексы 896..959 (размер батча 64).
2025-10-13 11:50:05 [DEBUG] Аналитик функций ГО: Запрос эмбеддингов (batch=64, попытка 1/3).
2025-10-13 11:50:05 [DEBUG] Аналитик функций ГО: Эмбеддинги получены за 6.36 с (batch=64).
2025-10-13 11:50:05 [DEBUG] Аналитик функций ГО: Воркер Thread-114 (worker) обрабатывает индексы 960..1023 (размер батча 64).
2025-10-13 11:50:05 [DEBUG] Аналитик функций ГО: Запрос эмбеддингов (batch=64, попытка 1/3).
2025-10-13 11:50:06 [DEBUG] Аналитик функций ГО: Эмбеддинги получены за 33.21 с (batch=64).
2025-10-13 11:50:06 [DEBUG] Аналитик функций ГО: Воркер Thread-117 (worker) обрабатывает индексы 1024..1087 (размер батча 64).
2025-10-13 11:50:06 [DEBUG] Аналитик функций ГО: Запрос эмбеддингов (batch=64, попытка 1/3).
2025-10-13 11:50:06 [DEBUG] Аналитик функций ГО: Эмбеддинги получены за 33.60 с (batch=64).
2025-10-13 11:50:06 [DEBUG] Аналитик функций ГО: Воркер Thread-118 (worker) обрабатывает индексы 1088..1151 (размер батча 64).
2025-10-13 11:50:06 [DEBUG] Аналитик функций ГО: Запрос эмбеддингов (batch=64, попытка 1/3).
2025-10-13 11:50:09 [DEBUG] Аналитик функций ГО: Эмбеддинги получены за 35.88 с (batch=64).
2025-10-13 11:50:09 [DEBUG] Аналитик функций ГО: Воркер Thread-111 (worker) обрабатывает индексы 1152..1215 (размер батча 64).
2025-10-13 11:50:09 [DEBUG] Аналитик функций ГО: Запрос эмбеддингов (batch=64, попытка 1/3).
2025-10-13 11:50:12 [DEBUG] Аналитик функций ГО: Эмбеддинги получены за 7.15 с (batch=64).
2025-10-13 11:50:12 [DEBUG] Аналитик функций ГО: Воркер Thread-114 (worker) обрабатывает индексы 1216..1279 (размер батча 64).
2025-10-13 11:50:12 [DEBUG] Аналитик функций ГО: Запрос эмбеддингов (batch=64, попытка 1/3).
2025-10-13 11:50:13 [DEBUG] Аналитик функций ГО: Эмбеддинги получены за 9.20 с (batch=64).
2025-10-13 11:50:13 [DEBUG] Аналитик функций ГО: Воркер Thread-116 (worker) обрабатывает индексы 1280..1343 (размер батча 64).
2025-10-13 11:50:13 [DEBUG] Аналитик функций ГО: Запрос эмбеддингов (batch=64, попытка 1/3).
2025-10-13 11:50:13 [DEBUG] Аналитик функций ГО: Эмбеддинги получены за 8.48 с (batch=64).
2025-10-13 11:50:13 [DEBUG] Аналитик функций ГО: Воркер Thread-115 (worker) обрабатывает индексы 1344..1407 (размер батча 64).
2025-10-13 11:50:13 [DEBUG] Аналитик функций ГО: Запрос эмбеддингов (batch=64, попытка 1/3).
2025-10-13 11:50:16 [DEBUG] Аналитик функций ГО: Эмбеддинги получены за 7.48 с (batch=64).
2025-10-13 11:50:16 [DEBUG] Аналитик функций ГО: Воркер Thread-111 (worker) обрабатывает индексы 1408..1471 (размер батча 64).
2025-10-13 11:50:16 [DEBUG] Аналитик функций ГО: Запрос эмбеддингов (batch=64, попытка 1/3).
2025-10-13 11:50:17 [DEBUG] Аналитик функций ГО: Эмбеддинги получены за 44.87 с (batch=64).
2025-10-13 11:50:17 [DEBUG] Аналитик функций ГО: Воркер Thread-112 (worker) обрабатывает индексы 1472..1535 (размер батча 64).
2025-10-13 11:50:17 [DEBUG] Аналитик функций ГО: Запрос эмбеддингов (batch=64, попытка 1/3).
2025-10-13 11:50:17 [DEBUG] Аналитик функций ГО: Эмбеддинги получены за 10.76 с (batch=64).
2025-10-13 11:50:17 [DEBUG] Аналитик функций ГО: Воркер Thread-117 (worker) обрабатывает индексы 1536..1599 (размер батча 64).
2025-10-13 11:50:17 [DEBUG] Аналитик функций ГО: Запрос эмбеддингов (batch=64, попытка 1/3).
2025-10-13 11:50:17 [DEBUG] Аналитик функций ГО: Эмбеддинги получены за 10.56 с (batch=64).
2025-10-13 11:50:17 [DEBUG] Аналитик функций ГО: Воркер Thread-118 (worker) обрабатывает индексы 1600..1663 (размер батча 64).
2025-10-13 11:50:17 [DEBUG] Аналитик функций ГО: Запрос эмбеддингов (batch=64, попытка 1/3).
2025-10-13 11:50:18 [DEBUG] Аналитик функций ГО: Эмбеддинги получены за 5.33 с (batch=64).
2025-10-13 11:50:18 [DEBUG] Аналитик функций ГО: Воркер Thread-114 (worker) обрабатывает индексы 1664..1727 (размер батча 64).
2025-10-13 11:50:18 [DEBUG] Аналитик функций ГО: Запрос эмбеддингов (batch=64, попытка 1/3).
2025-10-13 11:50:18 [DEBUG] Аналитик функций ГО: Эмбеддинги получены за 15.92 с (batch=64).
2025-10-13 11:50:18 [DEBUG] Аналитик функций ГО: Воркер Thread-113 (worker) обрабатывает индексы 1728..1791 (размер батча 64).
2025-10-13 11:50:18 [DEBUG] Аналитик функций ГО: Запрос эмбеддингов (batch=64, попытка 1/3).
2025-10-13 11:50:23 [DEBUG] Аналитик функций ГО: Эмбеддинги получены за 9.15 с (batch=64).
2025-10-13 11:50:23 [DEBUG] Аналитик функций ГО: Воркер Thread-115 (worker) обрабатывает индексы 1792..1855 (размер батча 64).
2025-10-13 11:50:23 [DEBUG] Аналитик функций ГО: Запрос эмбеддингов (batch=64, попытка 1/3).
2025-10-13 11:50:23 [DEBUG] Аналитик функций ГО: Эмбеддинги получены за 10.47 с (batch=64).
2025-10-13 11:50:23 [DEBUG] Аналитик функций ГО: Воркер Thread-116 (worker) обрабатывает индексы 1856..1919 (размер батча 64).
2025-10-13 11:50:23 [DEBUG] Аналитик функций ГО: Запрос эмбеддингов (batch=64, попытка 1/3).
2025-10-13 11:50:26 [DEBUG] Аналитик функций ГО: Эмбеддинги получены за 9.85 с (batch=64).
2025-10-13 11:50:26 [DEBUG] Аналитик функций ГО: Воркер Thread-111 (worker) обрабатывает индексы 1920..1983 (размер батча 64).
2025-10-13 11:50:26 [DEBUG] Аналитик функций ГО: Запрос эмбеддингов (batch=64, попытка 1/3).
2025-10-13 11:50:27 [DEBUG] Аналитик функций ГО: Эмбеддинги получены за 9.85 с (batch=64).
2025-10-13 11:50:27 [DEBUG] Аналитик функций ГО: Воркер Thread-117 (worker) обрабатывает индексы 1984..2047 (размер батча 64).
2025-10-13 11:50:27 [DEBUG] Аналитик функций ГО: Запрос эмбеддингов (batch=64, попытка 1/3).
2025-10-13 11:50:27 [DEBUG] Аналитик функций ГО: Эмбеддинги получены за 9.62 с (batch=64).
2025-10-13 11:50:27 [DEBUG] Аналитик функций ГО: Воркер Thread-114 (worker) обрабатывает индексы 2048..2111 (размер батча 64).
2025-10-13 11:50:27 [DEBUG] Аналитик функций ГО: Запрос эмбеддингов (batch=64, попытка 1/3).
2025-10-13 11:50:28 [DEBUG] Аналитик функций ГО: Эмбеддинги получены за 10.93 с (batch=64).
2025-10-13 11:50:28 [DEBUG] Аналитик функций ГО: Воркер Thread-112 (worker) обрабатывает индексы 2112..2175 (размер батча 64).
2025-10-13 11:50:28 [DEBUG] Аналитик функций ГО: Запрос эмбеддингов (batch=64, попытка 1/3).
2025-10-13 11:50:32 [DEBUG] Аналитик функций ГО: Эмбеддинги получены за 15.03 с (batch=64).
2025-10-13 11:50:32 [DEBUG] Аналитик функций ГО: Воркер Thread-118 (worker) обрабатывает индексы 2176..2239 (размер батча 64).
2025-10-13 11:50:32 [DEBUG] Аналитик функций ГО: Запрос эмбеддингов (batch=64, попытка 1/3).
2025-10-13 11:50:33 [DEBUG] Аналитик функций ГО: Эмбеддинги получены за 14.79 с (batch=64).
2025-10-13 11:50:33 [DEBUG] Аналитик функций ГО: Воркер Thread-113 (worker) обрабатывает индексы 2240..2303 (размер батча 64).
2025-10-13 11:50:33 [DEBUG] Аналитик функций ГО: Запрос эмбеддингов (batch=64, попытка 1/3).
2025-10-13 11:50:34 [DEBUG] Аналитик функций ГО: Эмбеддинги получены за 10.71 с (batch=64).
2025-10-13 11:50:34 [DEBUG] Аналитик функций ГО: Воркер Thread-116 (worker) обрабатывает индексы 2304..2367 (размер батча 64).
2025-10-13 11:50:34 [DEBUG] Аналитик функций ГО: Запрос эмбеддингов (batch=64, попытка 1/3).
2025-10-13 11:50:35 [DEBUG] Аналитик функций ГО: Эмбеддинги получены за 7.86 с (batch=64).
2025-10-13 11:50:35 [DEBUG] Аналитик функций ГО: Воркер Thread-117 (worker) обрабатывает индексы 2368..2431 (размер батча 64).
2025-10-13 11:50:35 [DEBUG] Аналитик функций ГО: Запрос эмбеддингов (batch=64, попытка 1/3).
2025-10-13 11:50:36 [DEBUG] Аналитик функций ГО: Эмбеддинги получены за 13.59 с (batch=64).
2025-10-13 11:50:36 [DEBUG] Аналитик функций ГО: Воркер Thread-115 (worker) обрабатывает индексы 2432..2495 (размер батча 64).
2025-10-13 11:50:36 [DEBUG] Аналитик функций ГО: Запрос эмбеддингов (batch=64, попытка 1/3).
2025-10-13 11:50:36 [DEBUG] Аналитик функций ГО: Эмбеддинги получены за 8.94 с (batch=64).
2025-10-13 11:50:36 [DEBUG] Аналитик функций ГО: Воркер Thread-114 (worker) обрабатывает индексы 2496..2559 (размер батча 64).
2025-10-13 11:50:36 [DEBUG] Аналитик функций ГО: Запрос эмбеддингов (batch=64, попытка 1/3).
2025-10-13 11:50:36 [DEBUG] Аналитик функций ГО: Эмбеддинги получены за 10.07 с (batch=64).
2025-10-13 11:50:36 [DEBUG] Аналитик функций ГО: Воркер Thread-111 (worker) обрабатывает индексы 2560..2623 (размер батча 64).
2025-10-13 11:50:36 [DEBUG] Аналитик функций ГО: Запрос эмбеддингов (batch=64, попытка 1/3).
2025-10-13 11:50:37 [DEBUG] Аналитик функций ГО: Эмбеддинги получены за 9.64 с (batch=64).
2025-10-13 11:50:37 [DEBUG] Аналитик функций ГО: Воркер Thread-112 (worker) обрабатывает индексы 2624..2687 (размер батча 64).
2025-10-13 11:50:37 [DEBUG] Аналитик функций ГО: Запрос эмбеддингов (batch=64, попытка 1/3).
2025-10-13 11:50:43 [DEBUG] Аналитик функций ГО: Эмбеддинги получены за 10.61 с (batch=64).
2025-10-13 11:50:43 [DEBUG] Аналитик функций ГО: Воркер Thread-118 (worker) обрабатывает индексы 2688..2751 (размер батча 64).
2025-10-13 11:50:43 [DEBUG] Аналитик функций ГО: Запрос эмбеддингов (batch=64, попытка 1/3).
2025-10-13 11:50:44 [DEBUG] Аналитик функций ГО: Эмбеддинги получены за 9.83 с (batch=64).
2025-10-13 11:50:44 [DEBUG] Аналитик функций ГО: Воркер Thread-117 (worker) обрабатывает индексы 2752..2815 (размер батча 64).
2025-10-13 11:50:44 [DEBUG] Аналитик функций ГО: Запрос эмбеддингов (batch=64, попытка 1/3).
2025-10-13 11:50:45 [DEBUG] Аналитик функций ГО: Эмбеддинги получены за 10.78 с (batch=64).
2025-10-13 11:50:45 [DEBUG] Аналитик функций ГО: Воркер Thread-116 (worker) обрабатывает индексы 2816..2879 (размер батча 64).
2025-10-13 11:50:45 [DEBUG] Аналитик функций ГО: Запрос эмбеддингов (batch=64, попытка 1/3).
2025-10-13 11:50:46 [DEBUG] Аналитик функций ГО: Эмбеддинги получены за 9.99 с (batch=64).
2025-10-13 11:50:46 [DEBUG] Аналитик функций ГО: Воркер Thread-115 (worker) обрабатывает индексы 2880..2943 (размер батча 64).
2025-10-13 11:50:46 [DEBUG] Аналитик функций ГО: Запрос эмбеддингов (batch=64, попытка 1/3).
2025-10-13 11:50:47 [DEBUG] Аналитик функций ГО: Эмбеддинги получены за 14.72 с (batch=64).
2025-10-13 11:50:47 [DEBUG] Аналитик функций ГО: Воркер Thread-113 (worker) обрабатывает индексы 2944..3007 (размер батча 64).
2025-10-13 11:50:47 [DEBUG] Аналитик функций ГО: Запрос эмбеддингов (batch=64, попытка 1/3).
2025-10-13 11:50:48 [DEBUG] Аналитик функций ГО: Эмбеддинги получены за 11.70 с (batch=64).
2025-10-13 11:50:48 [DEBUG] Аналитик функций ГО: Воркер Thread-114 (worker) обрабатывает индексы 3008..3071 (размер батча 64).
2025-10-13 11:50:48 [DEBUG] Аналитик функций ГО: Запрос эмбеддингов (batch=64, попытка 1/3).
2025-10-13 11:50:49 [DEBUG] Аналитик функций ГО: Эмбеддинги получены за 12.21 с (batch=64).
2025-10-13 11:50:49 [DEBUG] Аналитик функций ГО: Воркер Thread-111 (worker) обрабатывает индексы 3072..3135 (размер батча 64).
2025-10-13 11:50:49 [DEBUG] Аналитик функций ГО: Запрос эмбеддингов (batch=64, попытка 1/3).
2025-10-13 11:50:49 [DEBUG] Аналитик функций ГО: Эмбеддинги получены за 11.89 с (batch=64).
2025-10-13 11:50:49 [DEBUG] Аналитик функций ГО: Воркер Thread-112 (worker) обрабатывает индексы 3136..3199 (размер батча 64).
2025-10-13 11:50:49 [DEBUG] Аналитик функций ГО: Запрос эмбеддингов (batch=64, попытка 1/3).
2025-10-13 11:50:54 [DEBUG] Аналитик функций ГО: Эмбеддинги получены за 9.14 с (batch=64).
2025-10-13 11:50:54 [DEBUG] Аналитик функций ГО: Воркер Thread-117 (worker) обрабатывает индексы 3200..3263 (размер батча 64).
2025-10-13 11:50:54 [DEBUG] Аналитик функций ГО: Запрос эмбеддингов (batch=64, попытка 1/3).
2025-10-13 11:50:56 [DEBUG] Аналитик функций ГО: Эмбеддинги получены за 10.11 с (batch=64).
2025-10-13 11:50:56 [DEBUG] Аналитик функций ГО: Воркер Thread-115 (worker) обрабатывает индексы 3264..3327 (размер батча 64).
2025-10-13 11:50:56 [DEBUG] Аналитик функций ГО: Запрос эмбеддингов (batch=64, попытка 1/3).
2025-10-13 11:50:58 [DEBUG] Аналитик функций ГО: Эмбеддинги получены за 9.19 с (batch=64).
2025-10-13 11:50:58 [DEBUG] Аналитик функций ГО: Воркер Thread-111 (worker) обрабатывает индексы 3328..3391 (размер батча 64).
2025-10-13 11:50:58 [DEBUG] Аналитик функций ГО: Запрос эмбеддингов (batch=64, попытка 1/3).
2025-10-13 11:50:59 [DEBUG] Аналитик функций ГО: Эмбеддинги получены за 11.31 с (batch=64).
2025-10-13 11:50:59 [DEBUG] Аналитик функций ГО: Воркер Thread-114 (worker) обрабатывает индексы 3392..3455 (размер батча 64).
2025-10-13 11:50:59 [DEBUG] Аналитик функций ГО: Запрос эмбеддингов (batch=64, попытка 1/3).
2025-10-13 11:51:02 [DEBUG] Аналитик функций ГО: Эмбеддинги получены за 8.06 с (batch=64).
2025-10-13 11:51:02 [DEBUG] Аналитик функций ГО: Воркер Thread-117 (worker) обрабатывает индексы 3456..3519 (размер батча 64).
2025-10-13 11:51:02 [DEBUG] Аналитик функций ГО: Запрос эмбеддингов (batch=64, попытка 1/3).
2025-10-13 11:51:04 [DEBUG] Аналитик функций ГО: Эмбеддинги получены за 6.57 с (batch=64).
2025-10-13 11:51:04 [DEBUG] Аналитик функций ГО: Воркер Thread-111 (worker) обрабатывает индексы 3520..3583 (размер батча 64).
2025-10-13 11:51:04 [DEBUG] Аналитик функций ГО: Запрос эмбеддингов (batch=64, попытка 1/3).
2025-10-13 11:51:07 [DEBUG] Аналитик функций ГО: Эмбеддинги получены за 10.67 с (batch=64).
2025-10-13 11:51:07 [DEBUG] Аналитик функций ГО: Воркер Thread-115 (worker) обрабатывает индексы 3584..3647 (размер батча 64).
2025-10-13 11:51:07 [DEBUG] Аналитик функций ГО: Запрос эмбеддингов (batch=64, попытка 1/3).
2025-10-13 11:51:07 [DEBUG] Аналитик функций ГО: Эмбеддинги получены за 7.90 с (batch=64).
2025-10-13 11:51:07 [DEBUG] Аналитик функций ГО: Воркер Thread-114 (worker) обрабатывает индексы 3648..3711 (размер батча 64).
2025-10-13 11:51:07 [DEBUG] Аналитик функций ГО: Запрос эмбеддингов (batch=64, попытка 1/3).
2025-10-13 11:51:08 [DEBUG] Аналитик функций ГО: Эмбеддинги получены за 6.29 с (batch=64).
2025-10-13 11:51:08 [DEBUG] Аналитик функций ГО: Воркер Thread-117 (worker) обрабатывает индексы 3712..3775 (размер батча 64).
2025-10-13 11:51:08 [DEBUG] Аналитик функций ГО: Запрос эмбеддингов (batch=64, попытка 1/3).
2025-10-13 11:51:08 [DEBUG] Аналитик функций ГО: Эмбеддинги получены за 25.61 с (batch=64).
2025-10-13 11:51:08 [DEBUG] Аналитик функций ГО: Воркер Thread-118 (worker) обрабатывает индексы 3776..3839 (размер батча 64).
2025-10-13 11:51:08 [DEBUG] Аналитик функций ГО: Запрос эмбеддингов (batch=64, попытка 1/3).
2025-10-13 11:51:09 [DEBUG] Аналитик функций ГО: Эмбеддинги получены за 4.89 с (batch=64).
2025-10-13 11:51:09 [DEBUG] Аналитик функций ГО: Воркер Thread-111 (worker) обрабатывает индексы 3840..3903 (размер батча 64).
2025-10-13 11:51:09 [DEBUG] Аналитик функций ГО: Запрос эмбеддингов (batch=64, попытка 1/3).
2025-10-13 11:51:12 [DEBUG] Аналитик функций ГО: Эмбеддинги получены за 27.69 с (batch=64).
2025-10-13 11:51:12 [DEBUG] Аналитик функций ГО: Воркер Thread-116 (worker) обрабатывает индексы 3904..3967 (размер батча 64).
2025-10-13 11:51:12 [DEBUG] Аналитик функций ГО: Запрос эмбеддингов (batch=64, попытка 1/3).
2025-10-13 11:51:16 [DEBUG] Аналитик функций ГО: Эмбеддинги получены за 8.55 с (batch=64).
2025-10-13 11:51:16 [DEBUG] Аналитик функций ГО: Воркер Thread-115 (worker) обрабатывает индексы 3968..4031 (размер батча 64).
2025-10-13 11:51:16 [DEBUG] Аналитик функций ГО: Запрос эмбеддингов (batch=64, попытка 1/3).
2025-10-13 11:51:16 [DEBUG] Аналитик функций ГО: Эмбеддинги получены за 27.19 с (batch=64).
2025-10-13 11:51:16 [DEBUG] Аналитик функций ГО: Воркер Thread-112 (worker) обрабатывает индексы 4032..4095 (размер батча 64).
2025-10-13 11:51:16 [DEBUG] Аналитик функций ГО: Запрос эмбеддингов (batch=64, попытка 1/3).
2025-10-13 11:51:19 [DEBUG] Аналитик функций ГО: Эмбеддинги получены за 31.16 с (batch=64).
2025-10-13 11:51:19 [DEBUG] Аналитик функций ГО: Воркер Thread-113 (worker) обрабатывает индексы 4096..4159 (размер батча 64).
2025-10-13 11:51:19 [DEBUG] Аналитик функций ГО: Запрос эмбеддингов (batch=64, попытка 1/3).
2025-10-13 11:51:20 [DEBUG] Аналитик функций ГО: Эмбеддинги получены за 4.93 с (batch=64).
2025-10-13 11:51:20 [DEBUG] Аналитик функций ГО: Воркер Thread-115 (worker) обрабатывает индексы 4160..4223 (размер батча 64).
2025-10-13 11:51:20 [DEBUG] Аналитик функций ГО: Запрос эмбеддингов (batch=64, попытка 1/3).
2025-10-13 11:51:23 [DEBUG] Аналитик функций ГО: Эмбеддинги получены за 13.92 с (batch=64).
2025-10-13 11:51:23 [DEBUG] Аналитик функций ГО: Воркер Thread-111 (worker) обрабатывает индексы 4224..4287 (размер батча 64).
2025-10-13 11:51:23 [DEBUG] Аналитик функций ГО: Запрос эмбеддингов (batch=64, попытка 1/3).
2025-10-13 11:51:26 [DEBUG] Аналитик функций ГО: Эмбеддинги получены за 5.61 с (batch=64).
2025-10-13 11:51:26 [DEBUG] Аналитик функций ГО: Воркер Thread-115 (worker) обрабатывает индексы 4288..4351 (размер батча 64).
2025-10-13 11:51:26 [DEBUG] Аналитик функций ГО: Запрос эмбеддингов (batch=64, попытка 1/3).
2025-10-13 11:51:27 [DEBUG] Аналитик функций ГО: Эмбеддинги получены за 8.39 с (batch=64).
2025-10-13 11:51:27 [DEBUG] Аналитик функций ГО: Воркер Thread-113 (worker) обрабатывает индексы 4352..4415 (размер батча 64).
2025-10-13 11:51:27 [DEBUG] Аналитик функций ГО: Запрос эмбеддингов (batch=64, попытка 1/3).
2025-10-13 11:51:27 [DEBUG] Аналитик функций ГО: Эмбеддинги получены за 19.45 с (batch=64).
2025-10-13 11:51:27 [DEBUG] Аналитик функций ГО: Воркер Thread-117 (worker) обрабатывает индексы 4416..4479 (размер батча 64).
2025-10-13 11:51:27 [DEBUG] Аналитик функций ГО: Запрос эмбеддингов (batch=64, попытка 1/3).
2025-10-13 11:51:28 [DEBUG] Аналитик функций ГО: Эмбеддинги получены за 11.52 с (batch=64).
2025-10-13 11:51:28 [DEBUG] Аналитик функций ГО: Воркер Thread-112 (worker) обрабатывает индексы 4480..4543 (размер батча 64).
2025-10-13 11:51:28 [DEBUG] Аналитик функций ГО: Запрос эмбеддингов (batch=64, попытка 1/3).
2025-10-13 11:51:29 [DEBUG] Аналитик функций ГО: Эмбеддинги получены за 20.32 с (batch=64).
2025-10-13 11:51:29 [DEBUG] Аналитик функций ГО: Воркер Thread-118 (worker) обрабатывает индексы 4544..4607 (размер батча 64).
2025-10-13 11:51:29 [DEBUG] Аналитик функций ГО: Запрос эмбеддингов (batch=64, попытка 1/3).
2025-10-13 11:51:32 [DEBUG] Аналитик функций ГО: Эмбеддинги получены за 6.40 с (batch=64).
2025-10-13 11:51:32 [DEBUG] Аналитик функций ГО: Воркер Thread-115 (worker) обрабатывает индексы 4608..4671 (размер батча 64).
2025-10-13 11:51:32 [DEBUG] Аналитик функций ГО: Запрос эмбеддингов (batch=64, попытка 1/3).
2025-10-13 11:51:38 [DEBUG] Аналитик функций ГО: Эмбеддинги получены за 25.41 с (batch=64).
2025-10-13 11:51:38 [DEBUG] Аналитик функций ГО: Воркер Thread-116 (worker) обрабатывает индексы 4672..4735 (размер батча 64).
2025-10-13 11:51:38 [DEBUG] Аналитик функций ГО: Запрос эмбеддингов (batch=64, попытка 1/3).
2025-10-13 11:51:45 [DEBUG] Аналитик функций ГО: Эмбеддинги получены за 16.35 с (batch=64).
2025-10-13 11:51:45 [DEBUG] Аналитик функций ГО: Воркер Thread-118 (worker) обрабатывает индексы 4736..4799 (размер батча 64).
2025-10-13 11:51:45 [DEBUG] Аналитик функций ГО: Запрос эмбеддингов (batch=64, попытка 1/3).
2025-10-13 11:51:46 [DEBUG] Аналитик функций ГО: Эмбеддинги получены за 18.03 с (batch=64).
2025-10-13 11:51:46 [DEBUG] Аналитик функций ГО: Воркер Thread-112 (worker) обрабатывает индексы 4800..4863 (размер батча 64).
2025-10-13 11:51:46 [DEBUG] Аналитик функций ГО: Запрос эмбеддингов (batch=64, попытка 1/3).
2025-10-13 11:51:49 [DEBUG] Аналитик функций ГО: Эмбеддинги получены за 41.84 с (batch=64).
2025-10-13 11:51:49 [DEBUG] Аналитик функций ГО: Воркер Thread-114 (worker) обрабатывает индексы 4864..4927 (размер батча 64).
2025-10-13 11:51:49 [DEBUG] Аналитик функций ГО: Запрос эмбеддингов (batch=64, попытка 1/3).
2025-10-13 11:51:50 [DEBUG] Аналитик функций ГО: Эмбеддинги получены за 17.82 с (batch=64).
2025-10-13 11:51:50 [DEBUG] Аналитик функций ГО: Воркер Thread-115 (worker) обрабатывает индексы 4928..4991 (размер батча 64).
2025-10-13 11:51:50 [DEBUG] Аналитик функций ГО: Запрос эмбеддингов (batch=64, попытка 1/3).
2025-10-13 11:51:55 [DEBUG] Аналитик функций ГО: Эмбеддинги получены за 27.27 с (batch=64).
2025-10-13 11:51:55 [DEBUG] Аналитик функций ГО: Воркер Thread-117 (worker) обрабатывает индексы 4992..5055 (размер батча 64).
2025-10-13 11:51:55 [DEBUG] Аналитик функций ГО: Запрос эмбеддингов (batch=64, попытка 1/3).
2025-10-13 11:51:59 [DEBUG] Аналитик функций ГО: Эмбеддинги получены за 21.29 с (batch=64).
2025-10-13 11:51:59 [DEBUG] Аналитик функций ГО: Воркер Thread-116 (worker) обрабатывает индексы 5056..5119 (размер батча 64).
2025-10-13 11:51:59 [DEBUG] Аналитик функций ГО: Запрос эмбеддингов (batch=64, попытка 1/3).
2025-10-13 11:51:59 [DEBUG] Аналитик функций ГО: Эмбеддинги получены за 36.07 с (batch=64).
2025-10-13 11:51:59 [DEBUG] Аналитик функций ГО: Воркер Thread-111 (worker) обрабатывает индексы 5120..5183 (размер батча 64).
2025-10-13 11:51:59 [DEBUG] Аналитик функций ГО: Запрос эмбеддингов (batch=64, попытка 1/3).
2025-10-13 11:52:00 [DEBUG] Аналитик функций ГО: Эмбеддинги получены за 10.60 с (batch=64).
2025-10-13 11:52:00 [DEBUG] Аналитик функций ГО: Воркер Thread-114 (worker) обрабатывает индексы 5184..5247 (размер батча 64).
2025-10-13 11:52:00 [DEBUG] Аналитик функций ГО: Запрос эмбеддингов (batch=64, попытка 1/3).
2025-10-13 11:52:01 [DEBUG] Аналитик функций ГО: Эмбеддинги получены за 5.92 с (batch=64).
2025-10-13 11:52:01 [DEBUG] Аналитик функций ГО: Воркер Thread-117 (worker) обрабатывает индексы 5248..5311 (размер батча 64).
2025-10-13 11:52:01 [DEBUG] Аналитик функций ГО: Запрос эмбеддингов (batch=64, попытка 1/3).
2025-10-13 11:52:01 [DEBUG] Аналитик функций ГО: Эмбеддинги получены за 34.01 с (batch=64).
2025-10-13 11:52:01 [DEBUG] Аналитик функций ГО: Воркер Thread-113 (worker) обрабатывает индексы 5312..5375 (размер батча 64).
2025-10-13 11:52:01 [DEBUG] Аналитик функций ГО: Запрос эмбеддингов (batch=64, попытка 1/3).
2025-10-13 11:52:02 [DEBUG] Аналитик функций ГО: Эмбеддинги получены за 16.80 с (batch=64).
2025-10-13 11:52:02 [DEBUG] Аналитик функций ГО: Воркер Thread-118 (worker) обрабатывает индексы 5376..5439 (размер батча 64).
2025-10-13 11:52:02 [DEBUG] Аналитик функций ГО: Запрос эмбеддингов (batch=64, попытка 1/3).
2025-10-13 11:52:07 [DEBUG] Аналитик функций ГО: Эмбеддинги получены за 7.67 с (batch=64).
2025-10-13 11:52:07 [DEBUG] Аналитик функций ГО: Воркер Thread-116 (worker) обрабатывает индексы 5440..5503 (размер батча 64).
2025-10-13 11:52:07 [DEBUG] Аналитик функций ГО: Запрос эмбеддингов (batch=64, попытка 1/3).
2025-10-13 11:52:07 [DEBUG] Аналитик функций ГО: Эмбеддинги получены за 20.78 с (batch=64).
2025-10-13 11:52:07 [DEBUG] Аналитик функций ГО: Воркер Thread-112 (worker) обрабатывает индексы 5504..5567 (размер батча 64).
2025-10-13 11:52:07 [DEBUG] Аналитик функций ГО: Запрос эмбеддингов (batch=64, попытка 1/3).
2025-10-13 11:52:09 [DEBUG] Аналитик функций ГО: Эмбеддинги получены за 9.67 с (batch=64).
2025-10-13 11:52:09 [DEBUG] Аналитик функций ГО: Воркер Thread-114 (worker) обрабатывает индексы 5568..5631 (размер батча 64).
2025-10-13 11:52:09 [DEBUG] Аналитик функций ГО: Запрос эмбеддингов (batch=64, попытка 1/3).
2025-10-13 11:52:11 [DEBUG] Аналитик функций ГО: Эмбеддинги получены за 20.27 с (batch=64).
2025-10-13 11:52:11 [DEBUG] Аналитик функций ГО: Воркер Thread-115 (worker) обрабатывает индексы 5632..5695 (размер батча 64).
2025-10-13 11:52:11 [DEBUG] Аналитик функций ГО: Запрос эмбеддингов (batch=64, попытка 1/3).
2025-10-13 11:52:13 [DEBUG] Аналитик функций ГО: Эмбеддинги получены за 6.16 с (batch=64).
2025-10-13 11:52:13 [DEBUG] Аналитик функций ГО: Воркер Thread-116 (worker) обрабатывает индексы 5696..5759 (размер батча 64).
2025-10-13 11:52:13 [DEBUG] Аналитик функций ГО: Запрос эмбеддингов (batch=64, попытка 1/3).
2025-10-13 11:52:13 [DEBUG] Аналитик функций ГО: Эмбеддинги получены за 12.24 с (batch=64).
2025-10-13 11:52:13 [DEBUG] Аналитик функций ГО: Воркер Thread-117 (worker) обрабатывает индексы 5760..5823 (размер батча 64).
2025-10-13 11:52:13 [DEBUG] Аналитик функций ГО: Запрос эмбеддингов (batch=64, попытка 1/3).
2025-10-13 11:52:14 [DEBUG] Аналитик функций ГО: Эмбеддинги получены за 14.35 с (batch=64).
2025-10-13 11:52:14 [DEBUG] Аналитик функций ГО: Воркер Thread-111 (worker) обрабатывает индексы 5824..5887 (размер батча 64).
2025-10-13 11:52:14 [DEBUG] Аналитик функций ГО: Запрос эмбеддингов (batch=64, попытка 1/3).
2025-10-13 11:52:15 [DEBUG] Аналитик функций ГО: Эмбеддинги получены за 5.92 с (batch=64).
2025-10-13 11:52:15 [DEBUG] Аналитик функций ГО: Воркер Thread-114 (worker) обрабатывает индексы 5888..5951 (размер батча 64).
2025-10-13 11:52:15 [DEBUG] Аналитик функций ГО: Запрос эмбеддингов (batch=64, попытка 1/3).
2025-10-13 11:52:19 [DEBUG] Аналитик функций ГО: Эмбеддинги получены за 8.02 с (batch=64).
2025-10-13 11:52:19 [DEBUG] Аналитик функций ГО: Воркер Thread-115 (worker) обрабатывает индексы 5952..6015 (размер батча 64).
2025-10-13 11:52:19 [DEBUG] Аналитик функций ГО: Запрос эмбеддингов (batch=64, попытка 1/3).
2025-10-13 11:52:21 [DEBUG] Аналитик функций ГО: Эмбеддинги получены за 8.08 с (batch=64).
2025-10-13 11:52:21 [DEBUG] Аналитик функций ГО: Воркер Thread-117 (worker) обрабатывает индексы 6016..6079 (размер батча 64).
2025-10-13 11:52:21 [DEBUG] Аналитик функций ГО: Запрос эмбеддингов (batch=64, попытка 1/3).
2025-10-13 11:52:23 [DEBUG] Аналитик функций ГО: Эмбеддинги получены за 7.95 с (batch=64).
2025-10-13 11:52:23 [DEBUG] Аналитик функций ГО: Воркер Thread-114 (worker) обрабатывает индексы 6080..6143 (размер батча 64).
2025-10-13 11:52:23 [DEBUG] Аналитик функций ГО: Запрос эмбеддингов (batch=64, попытка 1/3).
2025-10-13 11:52:23 [DEBUG] Аналитик функций ГО: Эмбеддинги получены за 4.80 с (batch=64).
2025-10-13 11:52:23 [DEBUG] Аналитик функций ГО: Воркер Thread-115 (worker) обрабатывает индексы 6144..6207 (размер батча 64).
2025-10-13 11:52:23 [DEBUG] Аналитик функций ГО: Запрос эмбеддингов (batch=64, попытка 1/3).
2025-10-13 11:52:28 [DEBUG] Аналитик функций ГО: Эмбеддинги получены за 26.64 с (batch=64).
2025-10-13 11:52:28 [DEBUG] Аналитик функций ГО: Воркер Thread-113 (worker) обрабатывает индексы 6208..6271 (размер батча 64).
2025-10-13 11:52:28 [DEBUG] Аналитик функций ГО: Запрос эмбеддингов (batch=64, попытка 1/3).
2025-10-13 11:52:29 [DEBUG] Аналитик функций ГО: Эмбеддинги получены за 5.63 с (batch=64).
2025-10-13 11:52:29 [DEBUG] Аналитик функций ГО: Воркер Thread-115 (worker) обрабатывает индексы 6272..6335 (размер батча 64).
2025-10-13 11:52:29 [DEBUG] Аналитик функций ГО: Запрос эмбеддингов (batch=64, попытка 1/3).
2025-10-13 11:52:33 [DEBUG] Аналитик функций ГО: Эмбеддинги получены за 11.98 с (batch=64).
2025-10-13 11:52:33 [DEBUG] Аналитик функций ГО: Воркер Thread-117 (worker) обрабатывает индексы 6336..6399 (размер батча 64).
2025-10-13 11:52:33 [DEBUG] Аналитик функций ГО: Запрос эмбеддингов (batch=64, попытка 1/3).
2025-10-13 11:52:35 [DEBUG] Аналитик функций ГО: Эмбеддинги получены за 5.73 с (batch=64).
2025-10-13 11:52:35 [DEBUG] Аналитик функций ГО: Воркер Thread-115 (worker) обрабатывает индексы 6400..6463 (размер батча 64).
2025-10-13 11:52:35 [DEBUG] Аналитик функций ГО: Запрос эмбеддингов (batch=64, попытка 1/3).
2025-10-13 11:52:38 [DEBUG] Аналитик функций ГО: Эмбеддинги получены за 14.36 с (batch=64).
2025-10-13 11:52:38 [DEBUG] Аналитик функций ГО: Воркер Thread-114 (worker) обрабатывает индексы 6464..6527 (размер батча 64).
2025-10-13 11:52:38 [DEBUG] Аналитик функций ГО: Запрос эмбеддингов (batch=64, попытка 1/3).
2025-10-13 11:52:41 [DEBUG] Аналитик функций ГО: Эмбеддинги получены за 34.29 с (batch=64).
2025-10-13 11:52:41 [DEBUG] Аналитик функций ГО: Воркер Thread-112 (worker) обрабатывает индексы 6528..6591 (размер батча 64).
2025-10-13 11:52:41 [DEBUG] Аналитик функций ГО: Запрос эмбеддингов (batch=64, попытка 1/3).
2025-10-13 11:52:41 [DEBUG] Аналитик функций ГО: Эмбеддинги получены за 6.30 с (batch=64).
2025-10-13 11:52:41 [DEBUG] Аналитик функций ГО: Воркер Thread-115 (worker) обрабатывает индексы 6592..6655 (размер батча 64).
2025-10-13 11:52:41 [DEBUG] Аналитик функций ГО: Запрос эмбеддингов (batch=64, попытка 1/3).
2025-10-13 11:52:43 [DEBUG] Аналитик функций ГО: Эмбеддинги получены за 28.86 с (batch=64).
2025-10-13 11:52:43 [DEBUG] Аналитик функций ГО: Воркер Thread-111 (worker) обрабатывает индексы 6656..6719 (размер батча 64).
2025-10-13 11:52:43 [DEBUG] Аналитик функций ГО: Запрос эмбеддингов (batch=64, попытка 1/3).
2025-10-13 11:52:45 [DEBUG] Аналитик функций ГО: Эмбеддинги получены за 32.61 с (batch=64).
2025-10-13 11:52:45 [DEBUG] Аналитик функций ГО: Воркер Thread-116 (worker) обрабатывает индексы 6720..6783 (размер батча 64).
2025-10-13 11:52:45 [DEBUG] Аналитик функций ГО: Запрос эмбеддингов (batch=64, попытка 1/3).
2025-10-13 11:52:46 [DEBUG] Аналитик функций ГО: Эмбеддинги получены за 44.55 с (batch=64).
2025-10-13 11:52:46 [DEBUG] Аналитик функций ГО: Воркер Thread-118 (worker) обрабатывает индексы 6784..6847 (размер батча 64).
2025-10-13 11:52:46 [DEBUG] Аналитик функций ГО: Запрос эмбеддингов (batch=64, попытка 1/3).
2025-10-13 11:52:46 [DEBUG] Аналитик функций ГО: Эмбеддинги получены за 18.73 с (batch=64).
2025-10-13 11:52:46 [DEBUG] Аналитик функций ГО: Воркер Thread-113 (worker) обрабатывает индексы 6848..6911 (размер батча 64).
2025-10-13 11:52:46 [DEBUG] Аналитик функций ГО: Запрос эмбеддингов (batch=64, попытка 1/3).
2025-10-13 11:52:49 [DEBUG] Аналитик функций ГО: Эмбеддинги получены за 7.78 с (batch=64).
2025-10-13 11:52:49 [DEBUG] Аналитик функций ГО: Воркер Thread-115 (worker) обрабатывает индексы 6912..6975 (размер батча 64).
2025-10-13 11:52:49 [DEBUG] Аналитик функций ГО: Запрос эмбеддингов (batch=64, попытка 1/3).
2025-10-13 11:52:49 [DEBUG] Аналитик функций ГО: Эмбеддинги получены за 8.41 с (batch=64).
2025-10-13 11:52:49 [DEBUG] Аналитик функций ГО: Воркер Thread-112 (worker) обрабатывает индексы 6976..7039 (размер батча 64).
2025-10-13 11:52:49 [DEBUG] Аналитик функций ГО: Запрос эмбеддингов (batch=64, попытка 1/3).
2025-10-13 11:52:50 [DEBUG] Аналитик функций ГО: Эмбеддинги получены за 12.07 с (batch=64).
2025-10-13 11:52:50 [DEBUG] Аналитик функций ГО: Воркер Thread-114 (worker) обрабатывает индексы 7040..7103 (размер батча 64).
2025-10-13 11:52:50 [DEBUG] Аналитик функций ГО: Запрос эмбеддингов (batch=64, попытка 1/3).
2025-10-13 11:52:51 [DEBUG] Аналитик функций ГО: Эмбеддинги получены за 8.41 с (batch=64).
2025-10-13 11:52:51 [DEBUG] Аналитик функций ГО: Воркер Thread-111 (worker) обрабатывает индексы 7104..7167 (размер батча 64).
2025-10-13 11:52:51 [DEBUG] Аналитик функций ГО: Запрос эмбеддингов (batch=64, попытка 1/3).
2025-10-13 11:52:53 [DEBUG] Аналитик функций ГО: Эмбеддинги получены за 7.15 с (batch=64).
2025-10-13 11:52:53 [DEBUG] Аналитик функций ГО: Воркер Thread-116 (worker) обрабатывает индексы 7168..7231 (размер батча 64).
2025-10-13 11:52:53 [DEBUG] Аналитик функций ГО: Запрос эмбеддингов (batch=64, попытка 1/3).
2025-10-13 11:52:54 [DEBUG] Аналитик функций ГО: Эмбеддинги получены за 7.84 с (batch=64).
2025-10-13 11:52:54 [DEBUG] Аналитик функций ГО: Воркер Thread-118 (worker) обрабатывает индексы 7232..7295 (размер батча 64).
2025-10-13 11:52:54 [DEBUG] Аналитик функций ГО: Запрос эмбеддингов (batch=64, попытка 1/3).
2025-10-13 11:53:00 [DEBUG] Аналитик функций ГО: Эмбеддинги получены за 10.77 с (batch=64).
2025-10-13 11:53:00 [DEBUG] Аналитик функций ГО: Воркер Thread-115 (worker) обрабатывает индексы 7296..7359 (размер батча 64).
2025-10-13 11:53:00 [DEBUG] Аналитик функций ГО: Запрос эмбеддингов (batch=64, попытка 1/3).
2025-10-13 11:53:00 [DEBUG] Аналитик функций ГО: Эмбеддинги получены за 27.13 с (batch=64).
2025-10-13 11:53:00 [DEBUG] Аналитик функций ГО: Воркер Thread-117 (worker) обрабатывает индексы 7360..7423 (размер батча 64).
2025-10-13 11:53:00 [DEBUG] Аналитик функций ГО: Запрос эмбеддингов (batch=64, попытка 1/3).
2025-10-13 11:53:01 [DEBUG] Аналитик функций ГО: Эмбеддинги получены за 6.78 с (batch=64).
2025-10-13 11:53:01 [DEBUG] Аналитик функций ГО: Воркер Thread-118 (worker) обрабатывает индексы 7424..7487 (размер батча 64).
2025-10-13 11:53:01 [DEBUG] Аналитик функций ГО: Запрос эмбеддингов (batch=64, попытка 1/3).
2025-10-13 11:53:06 [DEBUG] Аналитик функций ГО: Эмбеддинги получены за 16.27 с (batch=64).
2025-10-13 11:53:06 [DEBUG] Аналитик функций ГО: Воркер Thread-112 (worker) обрабатывает индексы 7488..7551 (размер батча 64).
2025-10-13 11:53:06 [DEBUG] Аналитик функций ГО: Запрос эмбеддингов (batch=64, попытка 1/3).
2025-10-13 11:53:10 [DEBUG] Аналитик функций ГО: Эмбеддинги получены за 17.50 с (batch=64).
2025-10-13 11:53:10 [DEBUG] Аналитик функций ГО: Воркер Thread-116 (worker) обрабатывает индексы 7552..7615 (размер батча 64).
2025-10-13 11:53:10 [DEBUG] Аналитик функций ГО: Запрос эмбеддингов (batch=64, попытка 1/3).
2025-10-13 11:53:10 [DEBUG] Аналитик функций ГО: Эмбеддинги получены за 19.15 с (batch=64).
2025-10-13 11:53:10 [DEBUG] Аналитик функций ГО: Воркер Thread-111 (worker) обрабатывает индексы 7616..7679 (размер батча 64).
2025-10-13 11:53:10 [DEBUG] Аналитик функций ГО: Запрос эмбеддингов (batch=64, попытка 1/3).
2025-10-13 11:53:11 [DEBUG] Аналитик функций ГО: Эмбеддинги получены за 9.66 с (batch=64).
2025-10-13 11:53:11 [DEBUG] Аналитик функций ГО: Воркер Thread-118 (worker) обрабатывает индексы 7680..7743 (размер батча 64).
2025-10-13 11:53:11 [DEBUG] Аналитик функций ГО: Запрос эмбеддингов (batch=64, попытка 1/3).
2025-10-13 11:53:11 [DEBUG] Аналитик функций ГО: Эмбеддинги получены за 11.68 с (batch=64).
2025-10-13 11:53:11 [DEBUG] Аналитик функций ГО: Воркер Thread-115 (worker) обрабатывает индексы 7744..7807 (размер батча 64).
2025-10-13 11:53:11 [DEBUG] Аналитик функций ГО: Запрос эмбеддингов (batch=64, попытка 1/3).
2025-10-13 11:53:21 [DEBUG] Аналитик функций ГО: Эмбеддинги получены за 10.74 с (batch=64).
2025-10-13 11:53:21 [DEBUG] Аналитик функций ГО: Воркер Thread-111 (worker) обрабатывает индексы 7808..7871 (размер батча 64).
2025-10-13 11:53:21 [DEBUG] Аналитик функций ГО: Запрос эмбеддингов (batch=64, попытка 1/3).
2025-10-13 11:53:22 [DEBUG] Аналитик функций ГО: Эмбеддинги получены за 36.14 с (batch=64).
2025-10-13 11:53:22 [DEBUG] Аналитик функций ГО: Воркер Thread-113 (worker) обрабатывает индексы 7872..7935 (размер батча 64).
2025-10-13 11:53:22 [DEBUG] Аналитик функций ГО: Запрос эмбеддингов (batch=64, попытка 1/3).
2025-10-13 11:53:25 [DEBUG] Аналитик функций ГО: Эмбеддинги получены за 4.05 с (batch=64).
2025-10-13 11:53:25 [DEBUG] Аналитик функций ГО: Воркер Thread-111 (worker) обрабатывает индексы 7936..7999 (размер батча 64).
2025-10-13 11:53:25 [DEBUG] Аналитик функций ГО: Запрос эмбеддингов (batch=64, попытка 1/3).
2025-10-13 11:53:27 [DEBUG] Аналитик функций ГО: Эмбеддинги получены за 36.87 с (batch=64).
2025-10-13 11:53:27 [DEBUG] Аналитик функций ГО: Воркер Thread-114 (worker) обрабатывает индексы 8000..8063 (размер батча 64).
2025-10-13 11:53:27 [DEBUG] Аналитик функций ГО: Запрос эмбеддингов (batch=64, попытка 1/3).
2025-10-13 11:53:30 [DEBUG] Аналитик функций ГО: Эмбеддинги получены за 5.59 с (batch=64).
2025-10-13 11:53:30 [DEBUG] Аналитик функций ГО: Воркер Thread-111 (worker) обрабатывает индексы 8064..8127 (размер батча 64).
2025-10-13 11:53:30 [DEBUG] Аналитик функций ГО: Запрос эмбеддингов (batch=64, попытка 1/3).
2025-10-13 11:53:32 [DEBUG] Аналитик функций ГО: Эмбеддинги получены за 20.62 с (batch=64).
2025-10-13 11:53:32 [DEBUG] Аналитик функций ГО: Воркер Thread-115 (worker) обрабатывает индексы 8128..8191 (размер батча 64).
2025-10-13 11:53:32 [DEBUG] Аналитик функций ГО: Запрос эмбеддингов (batch=64, попытка 1/3).
2025-10-13 11:53:32 [DEBUG] Аналитик функций ГО: Эмбеддинги получены за 26.55 с (batch=64).
2025-10-13 11:53:32 [DEBUG] Аналитик функций ГО: Воркер Thread-112 (worker) обрабатывает индексы 8192..8255 (размер батча 64).
2025-10-13 11:53:32 [DEBUG] Аналитик функций ГО: Запрос эмбеддингов (batch=64, попытка 1/3).
2025-10-13 11:53:33 [DEBUG] Аналитик функций ГО: Эмбеддинги получены за 22.65 с (batch=64).
2025-10-13 11:53:33 [DEBUG] Аналитик функций ГО: Воркер Thread-116 (worker) обрабатывает индексы 8256..8319 (размер батча 64).
2025-10-13 11:53:33 [DEBUG] Аналитик функций ГО: Запрос эмбеддингов (batch=64, попытка 1/3).
2025-10-13 11:53:33 [DEBUG] Аналитик функций ГО: Эмбеддинги получены за 2.86 с (batch=64).
2025-10-13 11:53:33 [DEBUG] Аналитик функций ГО: Воркер Thread-111 (worker) обрабатывает индексы 8320..8383 (размер батча 64).
2025-10-13 11:53:33 [DEBUG] Аналитик функций ГО: Запрос эмбеддингов (batch=64, попытка 1/3).
2025-10-13 11:53:33 [DEBUG] Аналитик функций ГО: Эмбеддинги получены за 33.51 с (batch=64).
2025-10-13 11:53:33 [DEBUG] Аналитик функций ГО: Воркер Thread-117 (worker) обрабатывает индексы 8384..8447 (размер батча 64).
2025-10-13 11:53:33 [DEBUG] Аналитик функций ГО: Запрос эмбеддингов (batch=64, попытка 1/3).
2025-10-13 11:53:34 [DEBUG] Аналитик функций ГО: Эмбеддинги получены за 23.29 с (batch=64).
2025-10-13 11:53:34 [DEBUG] Аналитик функций ГО: Воркер Thread-118 (worker) обрабатывает индексы 8448..8511 (размер батча 64).
2025-10-13 11:53:34 [DEBUG] Аналитик функций ГО: Запрос эмбеддингов (batch=64, попытка 1/3).
2025-10-13 11:53:40 [DEBUG] Аналитик функций ГО: Эмбеддинги получены за 17.42 с (batch=64).
2025-10-13 11:53:40 [DEBUG] Аналитик функций ГО: Воркер Thread-113 (worker) обрабатывает индексы 8512..8575 (размер батча 64).
2025-10-13 11:53:40 [DEBUG] Аналитик функций ГО: Запрос эмбеддингов (batch=64, попытка 1/3).
2025-10-13 11:53:41 [DEBUG] Аналитик функций ГО: Эмбеддинги получены за 14.14 с (batch=64).
2025-10-13 11:53:41 [DEBUG] Аналитик функций ГО: Воркер Thread-114 (worker) обрабатывает индексы 8576..8639 (размер батча 64).
2025-10-13 11:53:41 [DEBUG] Аналитик функций ГО: Запрос эмбеддингов (batch=64, попытка 1/3).
2025-10-13 11:53:43 [DEBUG] Аналитик функций ГО: Эмбеддинги получены за 9.86 с (batch=64).
2025-10-13 11:53:43 [DEBUG] Аналитик функций ГО: Воркер Thread-111 (worker) обрабатывает индексы 8640..8703 (размер батча 64).
2025-10-13 11:53:43 [DEBUG] Аналитик функций ГО: Запрос эмбеддингов (batch=64, попытка 1/3).
2025-10-13 11:53:45 [DEBUG] Аналитик функций ГО: Эмбеддинги получены за 13.03 с (batch=64).
2025-10-13 11:53:45 [DEBUG] Аналитик функций ГО: Воркер Thread-115 (worker) обрабатывает индексы 8704..8767 (размер батча 64).
2025-10-13 11:53:45 [DEBUG] Аналитик функций ГО: Запрос эмбеддингов (batch=64, попытка 1/3).
2025-10-13 11:53:48 [DEBUG] Аналитик функций ГО: Эмбеддинги получены за 5.20 с (batch=64).
2025-10-13 11:53:48 [DEBUG] Аналитик функций ГО: Воркер Thread-111 (worker) обрабатывает индексы 8768..8831 (размер батча 64).
2025-10-13 11:53:48 [DEBUG] Аналитик функций ГО: Запрос эмбеддингов (batch=64, попытка 1/3).
2025-10-13 11:53:52 [DEBUG] Аналитик функций ГО: Эмбеддинги получены за 19.40 с (batch=64).
2025-10-13 11:53:52 [DEBUG] Аналитик функций ГО: Воркер Thread-116 (worker) обрабатывает индексы 8832..8895 (размер батча 64).
2025-10-13 11:53:52 [DEBUG] Аналитик функций ГО: Запрос эмбеддингов (batch=64, попытка 1/3).
2025-10-13 11:53:53 [DEBUG] Аналитик функций ГО: Эмбеддинги получены за 4.53 с (batch=64).
2025-10-13 11:53:53 [DEBUG] Аналитик функций ГО: Воркер Thread-111 (worker) обрабатывает индексы 8896..8959 (размер батча 64).
2025-10-13 11:53:53 [DEBUG] Аналитик функций ГО: Запрос эмбеддингов (batch=64, попытка 1/3).
2025-10-13 11:53:55 [DEBUG] Аналитик функций ГО: Эмбеддинги получены за 10.22 с (batch=64).
2025-10-13 11:53:55 [DEBUG] Аналитик функций ГО: Воркер Thread-115 (worker) обрабатывает индексы 8960..9023 (размер батча 64).
2025-10-13 11:53:55 [DEBUG] Аналитик функций ГО: Запрос эмбеддингов (batch=64, попытка 1/3).
2025-10-13 11:53:58 [DEBUG] Аналитик функций ГО: Эмбеддинги получены за 5.15 с (batch=64).
2025-10-13 11:53:58 [DEBUG] Аналитик функций ГО: Воркер Thread-111 (worker) обрабатывает индексы 9024..9087 (размер батча 64).
2025-10-13 11:53:58 [DEBUG] Аналитик функций ГО: Запрос эмбеддингов (batch=64, попытка 1/3).
2025-10-13 11:53:58 [DEBUG] Аналитик функций ГО: Эмбеддинги получены за 18.39 с (batch=64).
2025-10-13 11:53:58 [DEBUG] Аналитик функций ГО: Воркер Thread-113 (worker) обрабатывает индексы 9088..9151 (размер батча 64).
2025-10-13 11:53:58 [DEBUG] Аналитик функций ГО: Запрос эмбеддингов (batch=64, попытка 1/3).
2025-10-13 11:54:04 [DEBUG] Аналитик функций ГО: Эмбеддинги получены за 8.60 с (batch=64).
2025-10-13 11:54:04 [DEBUG] Аналитик функций ГО: Воркер Thread-115 (worker) обрабатывает индексы 9152..9215 (размер батча 64).
2025-10-13 11:54:04 [DEBUG] Аналитик функций ГО: Запрос эмбеддингов (batch=64, попытка 1/3).
2025-10-13 11:54:04 [DEBUG] Аналитик функций ГО: Эмбеддинги получены за 12.34 с (batch=64).
2025-10-13 11:54:04 [DEBUG] Аналитик функций ГО: Воркер Thread-116 (worker) обрабатывает индексы 9216..9279 (размер батча 64).
2025-10-13 11:54:04 [DEBUG] Аналитик функций ГО: Запрос эмбеддингов (batch=64, попытка 1/3).
2025-10-13 11:54:05 [DEBUG] Аналитик функций ГО: Эмбеддинги получены за 6.76 с (batch=64).
2025-10-13 11:54:05 [DEBUG] Аналитик функций ГО: Воркер Thread-111 (worker) обрабатывает индексы 9280..9343 (размер батча 64).
2025-10-13 11:54:05 [DEBUG] Аналитик функций ГО: Запрос эмбеддингов (batch=64, попытка 1/3).
2025-10-13 11:54:07 [DEBUG] Аналитик функций ГО: Эмбеддинги получены за 32.96 с (batch=64).
2025-10-13 11:54:07 [DEBUG] Аналитик функций ГО: Воркер Thread-118 (worker) обрабатывает индексы 9344..9407 (размер батча 64).
2025-10-13 11:54:07 [DEBUG] Аналитик функций ГО: Запрос эмбеддингов (batch=64, попытка 1/3).
2025-10-13 11:54:11 [DEBUG] Аналитик функций ГО: Эмбеддинги получены за 6.62 с (batch=64).
2025-10-13 11:54:11 [DEBUG] Аналитик функций ГО: Воркер Thread-111 (worker) обрабатывает индексы 9408..9471 (размер батча 64).
2025-10-13 11:54:12 [DEBUG] Аналитик функций ГО: Запрос эмбеддингов (batch=64, попытка 1/3).
2025-10-13 11:54:12 [DEBUG] Аналитик функций ГО: Эмбеддинги получены за 38.16 с (batch=64).
2025-10-13 11:54:12 [DEBUG] Аналитик функций ГО: Воркер Thread-117 (worker) обрабатывает индексы 9472..9535 (размер батча 64).
2025-10-13 11:54:12 [DEBUG] Аналитик функций ГО: Запрос эмбеддингов (batch=64, попытка 1/3).
2025-10-13 11:54:15 [DEBUG] Аналитик функций ГО: Эмбеддинги получены за 42.92 с (batch=64).
2025-10-13 11:54:15 [DEBUG] Аналитик функций ГО: Воркер Thread-112 (worker) обрабатывает индексы 9536..9599 (размер батча 64).
2025-10-13 11:54:15 [DEBUG] Аналитик функций ГО: Запрос эмбеддингов (batch=64, попытка 1/3).
2025-10-13 11:54:16 [DEBUG] Аналитик функций ГО: Эмбеддинги получены за 4.25 с (batch=64).
2025-10-13 11:54:16 [DEBUG] Аналитик функций ГО: Воркер Thread-111 (worker) обрабатывает индексы 9600..9663 (размер батча 64).
2025-10-13 11:54:16 [DEBUG] Аналитик функций ГО: Запрос эмбеддингов (batch=64, попытка 1/3).
2025-10-13 11:54:24 [DEBUG] Аналитик функций ГО: Эмбеддинги получены за 12.44 с (batch=64).
2025-10-13 11:54:24 [DEBUG] Аналитик функций ГО: Воркер Thread-117 (worker) обрабатывает индексы 9664..9727 (размер батча 64).
2025-10-13 11:54:24 [DEBUG] Аналитик функций ГО: Запрос эмбеддингов (batch=64, попытка 1/3).
2025-10-13 11:54:24 [DEBUG] Аналитик функций ГО: Эмбеддинги получены за 9.25 с (batch=64).
2025-10-13 11:54:24 [DEBUG] Аналитик функций ГО: Воркер Thread-112 (worker) обрабатывает индексы 9728..9791 (размер батча 64).
2025-10-13 11:54:24 [DEBUG] Аналитик функций ГО: Запрос эмбеддингов (batch=64, попытка 1/3).
2025-10-13 11:54:25 [DEBUG] Аналитик функций ГО: Эмбеддинги получены за 9.08 с (batch=64).
2025-10-13 11:54:25 [DEBUG] Аналитик функций ГО: Воркер Thread-111 (worker) обрабатывает индексы 9792..9855 (размер батча 64).
2025-10-13 11:54:25 [DEBUG] Аналитик функций ГО: Запрос эмбеддингов (batch=64, попытка 1/3).
2025-10-13 11:54:26 [DEBUG] Аналитик функций ГО: Эмбеддинги получены за 18.66 с (batch=64).
2025-10-13 11:54:26 [DEBUG] Аналитик функций ГО: Воркер Thread-118 (worker) обрабатывает индексы 9856..9919 (размер батча 64).
2025-10-13 11:54:26 [DEBUG] Аналитик функций ГО: Запрос эмбеддингов (batch=64, попытка 1/3).
2025-10-13 11:54:26 [DEBUG] Аналитик функций ГО: Эмбеддинги получены за 44.95 с (batch=64).
2025-10-13 11:54:26 [DEBUG] Аналитик функций ГО: Воркер Thread-114 (worker) обрабатывает индексы 9920..9983 (размер батча 64).
2025-10-13 11:54:26 [DEBUG] Аналитик функций ГО: Запрос эмбеддингов (batch=64, попытка 1/3).
2025-10-13 11:54:26 [DEBUG] Аналитик функций ГО: Эмбеддинги получены за 27.84 с (batch=64).
2025-10-13 11:54:26 [DEBUG] Аналитик функций ГО: Воркер Thread-113 (worker) обрабатывает индексы 9984..10047 (размер батча 64).
2025-10-13 11:54:26 [DEBUG] Аналитик функций ГО: Запрос эмбеддингов (batch=64, попытка 1/3).
2025-10-13 11:54:29 [DEBUG] Аналитик функций ГО: Эмбеддинги получены за 24.82 с (batch=64).
2025-10-13 11:54:29 [DEBUG] Аналитик функций ГО: Воркер Thread-115 (worker) обрабатывает индексы 10048..10111 (размер батча 64).
2025-10-13 11:54:29 [DEBUG] Аналитик функций ГО: Запрос эмбеддингов (batch=64, попытка 1/3).
2025-10-13 11:54:30 [DEBUG] Аналитик функций ГО: Эмбеддинги получены за 25.57 с (batch=64).
2025-10-13 11:54:30 [DEBUG] Аналитик функций ГО: Воркер Thread-116 (worker) обрабатывает индексы 10112..10175 (размер батча 64).
2025-10-13 11:54:30 [DEBUG] Аналитик функций ГО: Запрос эмбеддингов (batch=64, попытка 1/3).
2025-10-13 11:54:36 [DEBUG] Аналитик функций ГО: Эмбеддинги получены за 11.85 с (batch=64).
2025-10-13 11:54:36 [DEBUG] Аналитик функций ГО: Воркер Thread-112 (worker) обрабатывает индексы 10176..10239 (размер батча 64).
2025-10-13 11:54:36 [DEBUG] Аналитик функций ГО: Запрос эмбеддингов (batch=64, попытка 1/3).
2025-10-13 11:54:43 [DEBUG] Аналитик функций ГО: Эмбеддинги получены за 6.30 с (batch=64).
2025-10-13 11:54:43 [DEBUG] Аналитик функций ГО: Воркер Thread-112 (worker) обрабатывает индексы 10240..10303 (размер батча 64).
2025-10-13 11:54:43 [DEBUG] Аналитик функций ГО: Запрос эмбеддингов (batch=64, попытка 1/3).
2025-10-13 11:54:45 [DEBUG] Аналитик функций ГО: Эмбеддинги получены за 19.44 с (batch=64).
2025-10-13 11:54:45 [DEBUG] Аналитик функций ГО: Воркер Thread-118 (worker) обрабатывает индексы 10304..10367 (размер батча 64).
2025-10-13 11:54:45 [DEBUG] Аналитик функций ГО: Запрос эмбеддингов (batch=64, попытка 1/3).
2025-10-13 11:54:46 [DEBUG] Аналитик функций ГО: Эмбеддинги получены за 15.79 с (batch=64).
2025-10-13 11:54:46 [DEBUG] Аналитик функций ГО: Воркер Thread-116 (worker) обрабатывает индексы 10368..10431 (размер батча 64).
2025-10-13 11:54:46 [DEBUG] Аналитик функций ГО: Запрос эмбеддингов (batch=64, попытка 1/3).
2025-10-13 11:54:47 [DEBUG] Аналитик функций ГО: Эмбеддинги получены за 4.11 с (batch=64).
2025-10-13 11:54:47 [DEBUG] Аналитик функций ГО: Воркер Thread-112 (worker) обрабатывает индексы 10432..10495 (размер батча 64).
2025-10-13 11:54:47 [DEBUG] Аналитик функций ГО: Запрос эмбеддингов (batch=64, попытка 1/3).
2025-10-13 11:54:47 [DEBUG] Аналитик функций ГО: Эмбеддинги получены за 21.02 с (batch=64).
2025-10-13 11:54:47 [DEBUG] Аналитик функций ГО: Воркер Thread-114 (worker) обрабатывает индексы 10496..10559 (размер батча 64).
2025-10-13 11:54:47 [DEBUG] Аналитик функций ГО: Запрос эмбеддингов (batch=64, попытка 1/3).
2025-10-13 11:54:47 [DEBUG] Аналитик функций ГО: Эмбеддинги получены за 22.18 с (batch=64).
2025-10-13 11:54:47 [DEBUG] Аналитик функций ГО: Воркер Thread-111 (worker) обрабатывает индексы 10560..10623 (размер батча 64).
2025-10-13 11:54:47 [DEBUG] Аналитик функций ГО: Запрос эмбеддингов (batch=64, попытка 1/3).
2025-10-13 11:54:49 [DEBUG] Аналитик функций ГО: Эмбеддинги получены за 24.78 с (batch=64).
2025-10-13 11:54:49 [DEBUG] Аналитик функций ГО: Воркер Thread-117 (worker) обрабатывает индексы 10624..10687 (размер батча 64).
2025-10-13 11:54:49 [DEBUG] Аналитик функций ГО: Запрос эмбеддингов (batch=64, попытка 1/3).
2025-10-13 11:54:51 [DEBUG] Аналитик функций ГО: Эмбеддинги получены за 24.94 с (batch=64).
2025-10-13 11:54:51 [DEBUG] Аналитик функций ГО: Воркер Thread-113 (worker) обрабатывает индексы 10688..10751 (размер батча 64).
2025-10-13 11:54:51 [DEBUG] Аналитик функций ГО: Запрос эмбеддингов (batch=64, попытка 1/3).
2025-10-13 11:54:53 [DEBUG] Аналитик функций ГО: Эмбеддинги получены за 24.32 с (batch=64).
2025-10-13 11:54:53 [DEBUG] Аналитик функций ГО: Воркер Thread-115 (worker) обрабатывает индексы 10752..10815 (размер батча 64).
2025-10-13 11:54:53 [DEBUG] Аналитик функций ГО: Запрос эмбеддингов (batch=64, попытка 1/3).
2025-10-13 11:54:56 [DEBUG] Аналитик функций ГО: Эмбеддинги получены за 9.44 с (batch=64).
2025-10-13 11:54:56 [DEBUG] Аналитик функций ГО: Воркер Thread-112 (worker) обрабатывает индексы 10816..10879 (размер батча 64).
2025-10-13 11:54:56 [DEBUG] Аналитик функций ГО: Запрос эмбеддингов (batch=64, попытка 1/3).
2025-10-13 11:54:58 [DEBUG] Аналитик функций ГО: Эмбеддинги получены за 10.69 с (batch=64).
2025-10-13 11:54:58 [DEBUG] Аналитик функций ГО: Воркер Thread-111 (worker) обрабатывает индексы 10880..10943 (размер батча 64).
2025-10-13 11:54:58 [DEBUG] Аналитик функций ГО: Запрос эмбеддингов (batch=64, попытка 1/3).
2025-10-13 11:55:00 [DEBUG] Аналитик функций ГО: Эмбеддинги получены за 13.00 с (batch=64).
2025-10-13 11:55:00 [DEBUG] Аналитик функций ГО: Воркер Thread-114 (worker) обрабатывает индексы 10944..11007 (размер батча 64).
2025-10-13 11:55:00 [DEBUG] Аналитик функций ГО: Запрос эмбеддингов (batch=64, попытка 1/3).
2025-10-13 11:55:02 [DEBUG] Аналитик функций ГО: Эмбеддинги получены за 16.38 с (batch=64).
2025-10-13 11:55:02 [DEBUG] Аналитик функций ГО: Воркер Thread-116 (worker) обрабатывает индексы 11008..11071 (размер батча 64).
2025-10-13 11:55:02 [DEBUG] Аналитик функций ГО: Запрос эмбеддингов (batch=64, попытка 1/3).
2025-10-13 11:55:02 [DEBUG] Аналитик функций ГО: Эмбеддинги получены за 11.35 с (batch=64).
2025-10-13 11:55:02 [DEBUG] Аналитик функций ГО: Воркер Thread-113 (worker) обрабатывает индексы 11072..11135 (размер батча 64).
2025-10-13 11:55:02 [DEBUG] Аналитик функций ГО: Запрос эмбеддингов (batch=64, попытка 1/3).
2025-10-13 11:55:04 [DEBUG] Аналитик функций ГО: Эмбеддинги получены за 15.13 с (batch=64).
2025-10-13 11:55:04 [DEBUG] Аналитик функций ГО: Воркер Thread-117 (worker) обрабатывает индексы 11136..11199 (размер батча 64).
2025-10-13 11:55:04 [DEBUG] Аналитик функций ГО: Запрос эмбеддингов (batch=64, попытка 1/3).
2025-10-13 11:55:04 [DEBUG] Аналитик функций ГО: Эмбеддинги получены за 6.71 с (batch=64).
2025-10-13 11:55:04 [DEBUG] Аналитик функций ГО: Воркер Thread-111 (worker) обрабатывает индексы 11200..11263 (размер батча 64).
2025-10-13 11:55:04 [DEBUG] Аналитик функций ГО: Запрос эмбеддингов (batch=64, попытка 1/3).
2025-10-13 11:55:05 [DEBUG] Аналитик функций ГО: Эмбеддинги получены за 9.19 с (batch=64).
2025-10-13 11:55:05 [DEBUG] Аналитик функций ГО: Воркер Thread-112 (worker) обрабатывает индексы 11264..11327 (размер батча 64).
2025-10-13 11:55:05 [DEBUG] Аналитик функций ГО: Запрос эмбеддингов (batch=64, попытка 1/3).
2025-10-13 11:55:06 [DEBUG] Аналитик функций ГО: Эмбеддинги получены за 21.07 с (batch=64).
2025-10-13 11:55:06 [DEBUG] Аналитик функций ГО: Воркер Thread-118 (worker) обрабатывает индексы 11328..11391 (размер батча 64).
2025-10-13 11:55:06 [DEBUG] Аналитик функций ГО: Запрос эмбеддингов (batch=64, попытка 1/3).
2025-10-13 11:55:06 [DEBUG] Аналитик функций ГО: Эмбеддинги получены за 13.50 с (batch=64).
2025-10-13 11:55:06 [DEBUG] Аналитик функций ГО: Воркер Thread-115 (worker) обрабатывает индексы 11392..11455 (размер батча 64).
2025-10-13 11:55:06 [DEBUG] Аналитик функций ГО: Запрос эмбеддингов (batch=64, попытка 1/3).
2025-10-13 11:55:08 [DEBUG] Аналитик функций ГО: Эмбеддинги получены за 8.17 с (batch=64).
2025-10-13 11:55:08 [DEBUG] Аналитик функций ГО: Воркер Thread-114 (worker) обрабатывает индексы 11456..11519 (размер батча 64).
2025-10-13 11:55:08 [DEBUG] Аналитик функций ГО: Запрос эмбеддингов (batch=64, попытка 1/3).
2025-10-13 11:55:14 [DEBUG] Аналитик функций ГО: Эмбеддинги получены за 11.99 с (batch=64).
2025-10-13 11:55:14 [DEBUG] Аналитик функций ГО: Воркер Thread-113 (worker) обрабатывает индексы 11520..11583 (размер батча 64).
2025-10-13 11:55:14 [DEBUG] Аналитик функций ГО: Запрос эмбеддингов (batch=64, попытка 1/3).
2025-10-13 11:55:15 [DEBUG] Аналитик функций ГО: Эмбеддинги получены за 12.55 с (batch=64).
2025-10-13 11:55:15 [DEBUG] Аналитик функций ГО: Воркер Thread-116 (worker) обрабатывает индексы 11584..11647 (размер батча 64).
2025-10-13 11:55:15 [DEBUG] Аналитик функций ГО: Запрос эмбеддингов (batch=64, попытка 1/3).
2025-10-13 11:55:16 [DEBUG] Аналитик функций ГО: Эмбеддинги получены за 11.76 с (batch=64).
2025-10-13 11:55:16 [DEBUG] Аналитик функций ГО: Воркер Thread-111 (worker) обрабатывает индексы 11648..11711 (размер батча 64).
2025-10-13 11:55:16 [DEBUG] Аналитик функций ГО: Запрос эмбеддингов (batch=64, попытка 1/3).
2025-10-13 11:55:18 [DEBUG] Аналитик функций ГО: Эмбеддинги получены за 12.49 с (batch=64).
2025-10-13 11:55:18 [DEBUG] Аналитик функций ГО: Воркер Thread-112 (worker) обрабатывает индексы 11712..11775 (размер батча 64).
2025-10-13 11:55:18 [DEBUG] Аналитик функций ГО: Запрос эмбеддингов (batch=64, попытка 1/3).
2025-10-13 11:55:20 [DEBUG] Аналитик функций ГО: Эмбеддинги получены за 12.14 с (batch=64).
2025-10-13 11:55:20 [DEBUG] Аналитик функций ГО: Воркер Thread-114 (worker) обрабатывает индексы 11776..11839 (размер батча 64).
2025-10-13 11:55:20 [DEBUG] Аналитик функций ГО: Запрос эмбеддингов (batch=64, попытка 1/3).
2025-10-13 11:55:21 [DEBUG] Аналитик функций ГО: Эмбеддинги получены за 5.79 с (batch=64).
2025-10-13 11:55:21 [DEBUG] Аналитик функций ГО: Воркер Thread-116 (worker) обрабатывает индексы 11840..11903 (размер батча 64).
2025-10-13 11:55:21 [DEBUG] Аналитик функций ГО: Запрос эмбеддингов (batch=64, попытка 1/3).
2025-10-13 11:55:21 [DEBUG] Аналитик функций ГО: Эмбеддинги получены за 14.75 с (batch=64).
2025-10-13 11:55:21 [DEBUG] Аналитик функций ГО: Воркер Thread-118 (worker) обрабатывает индексы 11904..11967 (размер батча 64).
2025-10-13 11:55:21 [DEBUG] Аналитик функций ГО: Запрос эмбеддингов (batch=64, попытка 1/3).
2025-10-13 11:55:25 [DEBUG] Аналитик функций ГО: Эмбеддинги получены за 6.76 с (batch=64).
2025-10-13 11:55:25 [DEBUG] Аналитик функций ГО: Воркер Thread-112 (worker) обрабатывает индексы 11968..12031 (размер батча 64).
2025-10-13 11:55:25 [DEBUG] Аналитик функций ГО: Запрос эмбеддингов (batch=64, попытка 1/3).
2025-10-13 11:55:26 [DEBUG] Аналитик функций ГО: Эмбеддинги получены за 9.38 с (batch=64).
2025-10-13 11:55:26 [DEBUG] Аналитик функций ГО: Воркер Thread-111 (worker) обрабатывает индексы 12032..12095 (размер батча 64).
2025-10-13 11:55:26 [DEBUG] Аналитик функций ГО: Запрос эмбеддингов (batch=64, попытка 1/3).
2025-10-13 11:55:26 [DEBUG] Аналитик функций ГО: Эмбеддинги получены за 5.40 с (batch=64).
2025-10-13 11:55:26 [DEBUG] Аналитик функций ГО: Воркер Thread-116 (worker) обрабатывает индексы 12096..12159 (размер батча 64).
2025-10-13 11:55:26 [DEBUG] Аналитик функций ГО: Запрос эмбеддингов (batch=64, попытка 1/3).
2025-10-13 11:55:27 [DEBUG] Аналитик функций ГО: Эмбеддинги получены за 20.88 с (batch=64).
2025-10-13 11:55:27 [DEBUG] Аналитик функций ГО: Воркер Thread-115 (worker) обрабатывает индексы 12160..12223 (размер батча 64).
2025-10-13 11:55:27 [DEBUG] Аналитик функций ГО: Запрос эмбеддингов (batch=64, попытка 1/3).
2025-10-13 11:55:29 [DEBUG] Аналитик функций ГО: Эмбеддинги получены за 14.31 с (batch=64).
2025-10-13 11:55:29 [DEBUG] Аналитик функций ГО: Воркер Thread-113 (worker) обрабатывает индексы 12224..12287 (размер батча 64).
2025-10-13 11:55:29 [DEBUG] Аналитик функций ГО: Запрос эмбеддингов (batch=64, попытка 1/3).
2025-10-13 11:55:29 [DEBUG] Аналитик функций ГО: Эмбеддинги получены за 8.97 с (batch=64).
2025-10-13 11:55:29 [DEBUG] Аналитик функций ГО: Воркер Thread-114 (worker) обрабатывает индексы 12288..12351 (размер батча 64).
2025-10-13 11:55:29 [DEBUG] Аналитик функций ГО: Запрос эмбеддингов (batch=64, попытка 1/3).
2025-10-13 11:55:29 [DEBUG] Аналитик функций ГО: Эмбеддинги получены за 4.78 с (batch=64).
2025-10-13 11:55:29 [DEBUG] Аналитик функций ГО: Воркер Thread-112 (worker) обрабатывает индексы 12352..12415 (размер батча 64).
2025-10-13 11:55:29 [DEBUG] Аналитик функций ГО: Запрос эмбеддингов (batch=64, попытка 1/3).
2025-10-13 11:55:30 [DEBUG] Аналитик функций ГО: Эмбеддинги получены за 9.59 с (batch=64).
2025-10-13 11:55:30 [DEBUG] Аналитик функций ГО: Воркер Thread-118 (worker) обрабатывает индексы 12416..12479 (размер батча 64).
2025-10-13 11:55:30 [DEBUG] Аналитик функций ГО: Запрос эмбеддингов (batch=64, попытка 1/3).
2025-10-13 11:55:31 [DEBUG] Аналитик функций ГО: Эмбеддинги получены за 5.38 с (batch=64).
2025-10-13 11:55:31 [DEBUG] Аналитик функций ГО: Воркер Thread-116 (worker) обрабатывает индексы 12480..12543 (размер батча 64).
2025-10-13 11:55:31 [DEBUG] Аналитик функций ГО: Запрос эмбеддингов (batch=64, попытка 1/3).
2025-10-13 11:55:35 [DEBUG] Аналитик функций ГО: Эмбеддинги получены за 9.31 с (batch=64).
2025-10-13 11:55:35 [DEBUG] Аналитик функций ГО: Воркер Thread-111 (worker) обрабатывает индексы 12544..12607 (размер батча 64).
2025-10-13 11:55:35 [DEBUG] Аналитик функций ГО: Запрос эмбеддингов (batch=64, попытка 1/3).
2025-10-13 11:55:37 [DEBUG] Аналитик функций ГО: Эмбеддинги получены за 33.45 с (batch=64).
2025-10-13 11:55:37 [DEBUG] Аналитик функций ГО: Воркер Thread-117 (worker) обрабатывает индексы 12608..12671 (размер батча 64).
2025-10-13 11:55:37 [DEBUG] Аналитик функций ГО: Запрос эмбеддингов (batch=64, попытка 1/3).
2025-10-13 11:55:40 [DEBUG] Аналитик функций ГО: Эмбеддинги получены за 9.09 с (batch=64).
2025-10-13 11:55:40 [DEBUG] Аналитик функций ГО: Воркер Thread-116 (worker) обрабатывает индексы 12672..12735 (размер батча 64).
2025-10-13 11:55:40 [DEBUG] Аналитик функций ГО: Запрос эмбеддингов (batch=64, попытка 1/3).
2025-10-13 11:55:41 [DEBUG] Аналитик функций ГО: Эмбеддинги получены за 12.07 с (batch=64).
2025-10-13 11:55:41 [DEBUG] Аналитик функций ГО: Воркер Thread-112 (worker) обрабатывает индексы 12736..12799 (размер батча 64).
2025-10-13 11:55:41 [DEBUG] Аналитик функций ГО: Запрос эмбеддингов (batch=64, попытка 1/3).
2025-10-13 11:55:41 [DEBUG] Аналитик функций ГО: Эмбеддинги получены за 12.73 с (batch=64).
2025-10-13 11:55:41 [DEBUG] Аналитик функций ГО: Воркер Thread-113 (worker) обрабатывает индексы 12800..12863 (размер батча 64).
2025-10-13 11:55:41 [DEBUG] Аналитик функций ГО: Запрос эмбеддингов (batch=64, попытка 1/3).
2025-10-13 11:55:45 [DEBUG] Аналитик функций ГО: Эмбеддинги получены за 5.05 с (batch=64).
2025-10-13 11:55:45 [DEBUG] Аналитик функций ГО: Воркер Thread-116 (worker) обрабатывает индексы 12864..12927 (размер батча 64).
2025-10-13 11:55:45 [DEBUG] Аналитик функций ГО: Запрос эмбеддингов (batch=64, попытка 1/3).
2025-10-13 11:55:49 [DEBUG] Аналитик функций ГО: Эмбеддинги получены за 7.47 с (batch=64).
2025-10-13 11:55:49 [DEBUG] Аналитик функций ГО: Воркер Thread-112 (worker) обрабатывает индексы 12928..12991 (размер батча 64).
2025-10-13 11:55:49 [DEBUG] Аналитик функций ГО: Запрос эмбеддингов (batch=64, попытка 1/3).
2025-10-13 11:55:50 [DEBUG] Аналитик функций ГО: Эмбеддинги получены за 4.06 с (batch=64).
2025-10-13 11:55:50 [DEBUG] Аналитик функций ГО: Воркер Thread-116 (worker) обрабатывает индексы 12992..13055 (размер батча 64).
2025-10-13 11:55:50 [DEBUG] Аналитик функций ГО: Запрос эмбеддингов (batch=64, попытка 1/3).
2025-10-13 11:55:50 [DEBUG] Аналитик функций ГО: Эмбеддинги получены за 22.57 с (batch=64).
2025-10-13 11:55:50 [DEBUG] Аналитик функций ГО: Воркер Thread-115 (worker) обрабатывает индексы 13056..13119 (размер батча 64).
2025-10-13 11:55:50 [DEBUG] Аналитик функций ГО: Запрос эмбеддингов (batch=64, попытка 1/3).
2025-10-13 11:55:52 [DEBUG] Аналитик функций ГО: Эмбеддинги получены за 21.37 с (batch=64).
2025-10-13 11:55:52 [DEBUG] Аналитик функций ГО: Воркер Thread-118 (worker) обрабатывает индексы 13120..13183 (размер батча 64).
2025-10-13 11:55:52 [DEBUG] Аналитик функций ГО: Запрос эмбеддингов (batch=64, попытка 1/3).
2025-10-13 11:55:56 [DEBUG] Аналитик функций ГО: Эмбеддинги получены за 6.27 с (batch=64).
2025-10-13 11:55:56 [DEBUG] Аналитик функций ГО: Воркер Thread-116 (worker) обрабатывает индексы 13184..13247 (размер батча 64).
2025-10-13 11:55:56 [DEBUG] Аналитик функций ГО: Запрос эмбеддингов (batch=64, попытка 1/3).
2025-10-13 11:55:57 [DEBUG] Аналитик функций ГО: Эмбеддинги получены за 19.15 с (batch=64).
2025-10-13 11:55:57 [DEBUG] Аналитик функций ГО: Воркер Thread-117 (worker) обрабатывает индексы 13248..13311 (размер батча 64).
2025-10-13 11:55:57 [DEBUG] Аналитик функций ГО: Запрос эмбеддингов (batch=64, попытка 1/3).
2025-10-13 11:55:57 [DEBUG] Аналитик функций ГО: Эмбеддинги получены за 15.57 с (batch=64).
2025-10-13 11:55:57 [DEBUG] Аналитик функций ГО: Воркер Thread-113 (worker) обрабатывает индексы 13312..13375 (размер батча 64).
2025-10-13 11:55:57 [DEBUG] Аналитик функций ГО: Запрос эмбеддингов (batch=64, попытка 1/3).
2025-10-13 11:55:57 [DEBUG] Аналитик функций ГО: Эмбеддинги получены за 8.31 с (batch=64).
2025-10-13 11:55:57 [DEBUG] Аналитик функций ГО: Воркер Thread-112 (worker) обрабатывает индексы 13376..13439 (размер батча 64).
2025-10-13 11:55:57 [DEBUG] Аналитик функций ГО: Запрос эмбеддингов (batch=64, попытка 1/3).
2025-10-13 11:55:58 [DEBUG] Аналитик функций ГО: Эмбеддинги получены за 22.74 с (batch=64).
2025-10-13 11:55:58 [DEBUG] Аналитик функций ГО: Воркер Thread-111 (worker) обрабатывает индексы 13440..13503 (размер батча 64).
2025-10-13 11:55:58 [DEBUG] Аналитик функций ГО: Запрос эмбеддингов (batch=64, попытка 1/3).
2025-10-13 11:55:59 [DEBUG] Аналитик функций ГО: Эмбеддинги получены за 29.58 с (batch=64).
2025-10-13 11:55:59 [DEBUG] Аналитик функций ГО: Воркер Thread-114 (worker) обрабатывает индексы 13504..13567 (размер батча 64).
2025-10-13 11:55:59 [DEBUG] Аналитик функций ГО: Запрос эмбеддингов (batch=64, попытка 1/3).
2025-10-13 11:56:00 [DEBUG] Аналитик функций ГО: Эмбеддинги получены за 3.74 с (batch=64).
2025-10-13 11:56:00 [DEBUG] Аналитик функций ГО: Воркер Thread-116 (worker) обрабатывает индексы 13568..13631 (размер батча 64).
2025-10-13 11:56:00 [DEBUG] Аналитик функций ГО: Запрос эмбеддингов (batch=64, попытка 1/3).
2025-10-13 11:56:00 [DEBUG] Аналитик функций ГО: Эмбеддинги получены за 7.98 с (batch=64).
2025-10-13 11:56:00 [DEBUG] Аналитик функций ГО: Воркер Thread-118 (worker) обрабатывает индексы 13632..13695 (размер батча 64).
2025-10-13 11:56:00 [DEBUG] Аналитик функций ГО: Запрос эмбеддингов (batch=64, попытка 1/3).
2025-10-13 11:56:03 [DEBUG] Аналитик функций ГО: Эмбеддинги получены за 12.74 с (batch=64).
2025-10-13 11:56:03 [DEBUG] Аналитик функций ГО: Воркер Thread-115 (worker) обрабатывает индексы 13696..13759 (размер батча 64).
2025-10-13 11:56:03 [DEBUG] Аналитик функций ГО: Запрос эмбеддингов (batch=64, попытка 1/3).
2025-10-13 11:56:09 [DEBUG] Аналитик функций ГО: Эмбеддинги получены за 12.10 с (batch=64).
2025-10-13 11:56:09 [DEBUG] Аналитик функций ГО: Воркер Thread-117 (worker) обрабатывает индексы 13760..13823 (размер батча 64).
2025-10-13 11:56:09 [DEBUG] Аналитик функций ГО: Запрос эмбеддингов (batch=64, попытка 1/3).
2025-10-13 11:56:09 [DEBUG] Аналитик функций ГО: Эмбеддинги получены за 9.84 с (batch=64).
2025-10-13 11:56:09 [DEBUG] Аналитик функций ГО: Воркер Thread-116 (worker) обрабатывает индексы 13824..13887 (размер батча 64).
2025-10-13 11:56:09 [DEBUG] Аналитик функций ГО: Запрос эмбеддингов (batch=64, попытка 1/3).
2025-10-13 11:56:12 [DEBUG] Аналитик функций ГО: Эмбеддинги получены за 11.92 с (batch=64).
2025-10-13 11:56:12 [DEBUG] Аналитик функций ГО: Воркер Thread-118 (worker) обрабатывает индексы 13888..13951 (размер батча 64).
2025-10-13 11:56:12 [DEBUG] Аналитик функций ГО: Запрос эмбеддингов (batch=64, попытка 1/3).
2025-10-13 11:56:15 [DEBUG] Аналитик функций ГО: Эмбеддинги получены за 5.30 с (batch=64).
2025-10-13 11:56:15 [DEBUG] Аналитик функций ГО: Воркер Thread-116 (worker) обрабатывает индексы 13952..14015 (размер батча 64).
2025-10-13 11:56:15 [DEBUG] Аналитик функций ГО: Запрос эмбеддингов (batch=64, попытка 1/3).
2025-10-13 11:56:15 [DEBUG] Аналитик функций ГО: Эмбеддинги получены за 12.20 с (batch=64).
2025-10-13 11:56:15 [DEBUG] Аналитик функций ГО: Воркер Thread-115 (worker) обрабатывает индексы 14016..14079 (размер батча 64).
2025-10-13 11:56:15 [DEBUG] Аналитик функций ГО: Запрос эмбеддингов (batch=64, попытка 1/3).
2025-10-13 11:56:15 [DEBUG] Аналитик функций ГО: Эмбеддинги получены за 18.29 с (batch=64).
2025-10-13 11:56:15 [DEBUG] Аналитик функций ГО: Воркер Thread-113 (worker) обрабатывает индексы 14080..14143 (размер батча 64).
2025-10-13 11:56:15 [DEBUG] Аналитик функций ГО: Запрос эмбеддингов (batch=64, попытка 1/3).
2025-10-13 11:56:18 [DEBUG] Аналитик функций ГО: Эмбеддинги получены за 9.62 с (batch=64).
2025-10-13 11:56:18 [DEBUG] Аналитик функций ГО: Воркер Thread-117 (worker) обрабатывает индексы 14144..14207 (размер батча 64).
2025-10-13 11:56:18 [DEBUG] Аналитик функций ГО: Запрос эмбеддингов (batch=64, попытка 1/3).
2025-10-13 11:56:19 [DEBUG] Аналитик функций ГО: Эмбеддинги получены за 7.10 с (batch=64).
2025-10-13 11:56:19 [DEBUG] Аналитик функций ГО: Воркер Thread-118 (worker) обрабатывает индексы 14208..14271 (размер батча 64).
2025-10-13 11:56:19 [DEBUG] Аналитик функций ГО: Запрос эмбеддингов (batch=64, попытка 1/3).
2025-10-13 11:56:20 [DEBUG] Аналитик функций ГО: Эмбеддинги получены за 4.93 с (batch=64).
2025-10-13 11:56:20 [DEBUG] Аналитик функций ГО: Воркер Thread-116 (worker) обрабатывает индексы 14272..14316 (размер батча 45).
2025-10-13 11:56:20 [DEBUG] Аналитик функций ГО: Запрос эмбеддингов (batch=45, попытка 1/3).
2025-10-13 11:56:25 [DEBUG] Аналитик функций ГО: Эмбеддинги получены за 5.01 с (batch=45).
2025-10-13 11:56:26 [DEBUG] Аналитик функций ГО: Эмбеддинги получены за 11.56 с (batch=64).
2025-10-13 11:56:29 [DEBUG] Аналитик функций ГО: Эмбеддинги получены за 14.08 с (batch=64).
2025-10-13 11:56:35 [DEBUG] Аналитик функций ГО: Эмбеддинги получены за 17.05 с (batch=64).
2025-10-13 11:56:36 [DEBUG] Аналитик функций ГО: Эмбеддинги получены за 17.49 с (batch=64).
2025-10-13 11:56:37 [DEBUG] Аналитик функций ГО: Эмбеддинги получены за 40.05 с (batch=64).
2025-10-13 11:56:38 [DEBUG] Аналитик функций ГО: Эмбеддинги получены за 39.43 с (batch=64).
2025-10-13 11:56:38 [DEBUG] Аналитик функций ГО: Эмбеддинги получены за 40.33 с (batch=64).
2025-10-13 11:56:40 [INFO] Аналитик функций ГО: Получено 14317 векторных представлений.
2025-10-13 11:56:40 [INFO] Аналитик функций ГО: Валидация эмбеддингов — 14317 векторов, размерность 4096, средняя норма 1.0000.
2025-10-13 11:56:40 [WARNING] Аналитик функций ГО: Обнаружено 2618 пар идентичных векторов (примеры: АДГС-90↔АДГС-90-1, МВД-321↔МВД-321-1, МВРИРК-172↔МВРИРК-172-1).
2025-10-13 12:14:36 [INFO] Аналитик функций ГО: Запускаю AI-верификацию 4948 пар (порог 0.50).
2025-10-13 12:15:30 [INFO] Аналитик функций ГО: AI-верификация 989/4948.
2025-10-13 12:16:21 [INFO] Аналитик функций ГО: AI-верификация 1978/4948.
2025-10-13 12:17:11 [INFO] Аналитик функций ГО: AI-верификация 2967/4948.
2025-10-13 12:18:06 [INFO] Аналитик функций ГО: AI-верификация 3956/4948.
2025-10-13 12:19:01 [INFO] Аналитик функций ГО: AI-верификация 4945/4948.
2025-10-13 12:19:04 [INFO] Аналитик функций ГО: AI-верификация 4948/4948.
2025-10-13 12:19:04 [INFO] Аналитик функций ГО: AI подтвердил связь АКМЦРИАПРК-21 (АКМЦРИАПРК) → МЦРИАПРК-423 (МЦРИАПРК) [sim 1.000] — AI-вердикт: CORRECT
2025-10-13 12:19:04 [INFO] Аналитик функций ГО: AI подтвердил связь АКМЦРИАПРК-18 (АКМЦРИАПРК) → МЦРИАПРК-26 (МЦРИАПРК) [sim 1.000] — AI-вердикт: CORRECT
2025-10-13 12:19:04 [INFO] Аналитик функций ГО: AI подтвердил связь АКМЦРИАПРК-40 (АКМЦРИАПРК) → МЦРИАПРК-436 (МЦРИАПРК) [sim 1.000] — AI-вердикт: CORRECT
2025-10-13 12:19:04 [INFO] Аналитик функций ГО: AI подтвердил связь АКМЦРИАПРК-34 (АКМЦРИАПРК) → МЦРИАПРК-431 (МЦРИАПРК) [sim 1.000] — AI-вердикт: CORRECT
2025-10-13 12:19:04 [INFO] Аналитик функций ГО: AI подтвердил связь КАДКДМКИРК-32 (КАДКДМКИРК) → МКИРК-473 (МКИРК) [sim 0.992] — AI-вердикт: CORRECT
2025-10-13 12:19:04 [INFO] Аналитик функций ГО: AI подтвердил связь АКМЦРИАПРК-33 (АКМЦРИАПРК) → МЦРИАПРК-430 (МЦРИАПРК) [sim 1.000] — AI-вердикт: CORRECT
2025-10-13 12:19:04 [INFO] Аналитик функций ГО: AI подтвердил связь АКМЦРИАПРК-32 (АКМЦРИАПРК) → МЦРИАПРК-429 (МЦРИАПРК) [sim 1.000] — AI-вердикт: CORRECT
2025-10-13 12:19:04 [INFO] Аналитик функций ГО: AI подтвердил связь АКМЦРИАПРК-6 (АКМЦРИАПРК) → МЦРИАПРК-25 (МЦРИАПРК) [sim 1.000] — AI-вердикт: CORRECT
2025-10-13 12:19:04 [INFO] Аналитик функций ГО: AI подтвердил связь АКМЦРИАПРК-39 (АКМЦРИАПРК) → МЦРИАПРК-435 (МЦРИАПРК) [sim 1.000] — AI-вердикт: CORRECT
2025-10-13 12:19:04 [INFO] Аналитик функций ГО: AI подтвердил связь АКМЦРИАПРК-16 (АКМЦРИАПРК) → МЦРИАПРК-6 (МЦРИАПРК) [sim 1.000] — AI-вердикт: CORRECT
2025-10-13 12:19:04 [INFO] Аналитик функций ГО: AI подтвердил связь АКМЦРИАПРК-30 (АКМЦРИАПРК) → МЦРИАПРК-428 (МЦРИАПРК) [sim 1.000] — AI-вердикт: CORRECT
2025-10-13 12:19:04 [INFO] Аналитик функций ГО: AI подтвердил связь КАДКДМКИРК-27 (КАДКДМКИРК) → МКИРК-469 (МКИРК) [sim 0.987] — AI-вердикт: CORRECT
2025-10-13 12:19:04 [INFO] Аналитик функций ГО: AI подтвердил связь КАДКДМКИРК-36 (КАДКДМКИРК) → МКИРК-475 (МКИРК) [sim 0.991] — AI-вердикт: CORRECT
2025-10-13 12:19:04 [INFO] Аналитик функций ГО: AI подтвердил связь КАДКДМКИРК-37 (КАДКДМКИРК) → МКИРК-459 (МКИРК) [sim 0.949] — AI-вердикт: CORRECT
2025-10-13 12:19:04 [INFO] Аналитик функций ГО: AI подтвердил связь АКМЦРИАПРК-22 (АКМЦРИАПРК) → МЦРИАПРК-424 (МЦРИАПРК) [sim 1.000] — AI-вердикт: CORRECT
2025-10-13 12:19:04 [INFO] Аналитик функций ГО: AI подтвердил связь АКМЦРИАПРК-9 (АКМЦРИАПРК) → МЦРИАПРК-42 (МЦРИАПРК) [sim 0.693] — AI-вердикт: CORRECT
2025-10-13 12:19:04 [INFO] Аналитик функций ГО: AI подтвердил связь АКМЦРИАПРК-28 (АКМЦРИАПРК) → МЦРИАПРК-426 (МЦРИАПРК) [sim 1.000] — AI-вердикт: CORRECT
2025-10-13 12:19:04 [INFO] Аналитик функций ГО: AI подтвердил связь АКМЦРИАПРК-29 (АКМЦРИАПРК) → МЦРИАПРК-427 (МЦРИАПРК) [sim 1.000] — AI-вердикт: CORRECT
2025-10-13 12:19:04 [INFO] Аналитик функций ГО: AI подтвердил связь АКМЦРИАПРК-17 (АКМЦРИАПРК) → МЦРИАПРК-422 (МЦРИАПРК) [sim 0.943] — AI-вердикт: CORRECT
2025-10-13 12:19:04 [INFO] Аналитик функций ГО: AI подтвердил связь КАДКДМКИРК-33 (КАДКДМКИРК) → МКИРК-471 (МКИРК) [sim 0.968] — AI-вердикт: CORRECT
2025-10-13 12:19:04 [INFO] Аналитик функций ГО: AI подтвердил связь КАДКДМКИРК-25 (КАДКДМКИРК) → МКИРК-468 (МКИРК) [sim 0.991] — AI-вердикт: CORRECT
2025-10-13 12:19:04 [INFO] Аналитик функций ГО: AI подтвердил связь АКМЦРИАПРК-53 (АКМЦРИАПРК) → МЦРИАПРК-2 (МЦРИАПРК) [sim 0.705] — AI-вердикт: CORRECT
2025-10-13 12:19:04 [INFO] Аналитик функций ГО: AI подтвердил связь АКМЦРИАПРК-27 (АКМЦРИАПРК) → МЦРИАПРК-425 (МЦРИАПРК) [sim 1.000] — AI-вердикт: CORRECT
2025-10-13 12:19:04 [INFO] Аналитик функций ГО: AI подтвердил связь АКМЦРИАПРК-36 (АКМЦРИАПРК) → МЦРИАПРК-433 (МЦРИАПРК) [sim 1.000] — AI-вердикт: CORRECT
2025-10-13 12:19:04 [INFO] Аналитик функций ГО: AI подтвердил связь АКМЦРИАПРК-54-1 (АКМЦРИАПРК) → МЦРИАПРК-555 (МЦРИАПРК) [sim 0.868] — AI-вердикт: CORRECT
2025-10-13 12:19:04 [INFO] Аналитик функций ГО: AI подтвердил связь КАДКДМКИРК-24 (КАДКДМКИРК) → МКИРК-466 (МКИРК) [sim 0.980] — AI-вердикт: CORRECT
2025-10-13 12:19:04 [INFO] Аналитик функций ГО: AI подтвердил связь АКМЦРИАПРК-7 (АКМЦРИАПРК) → МЦРИАПРК-42 (МЦРИАПРК) [sim 0.714] — AI-вердикт: CORRECT
2025-10-13 12:19:04 [INFO] Аналитик функций ГО: AI подтвердил связь КАДКДМКИРК-26 (КАДКДМКИРК) → МКИРК-470 (МКИРК) [sim 0.958] — AI-вердикт: CORRECT
2025-10-13 12:19:04 [INFO] Аналитик функций ГО: AI подтвердил связь АКМЦРИАПРК-5 (АКМЦРИАПРК) → МЦРИАПРК-57 (МЦРИАПРК) [sim 0.894] — AI-вердикт: CORRECT
2025-10-13 12:19:04 [INFO] Аналитик функций ГО: AI подтвердил связь КАДКДМКИРК-31 (КАДКДМКИРК) → МКИРК-474 (МКИРК) [sim 0.982] — AI-вердикт: CORRECT
2025-10-13 12:19:04 [INFO] Аналитик функций ГО: AI подтвердил связь АКМЦРИАПРК-20 (АКМЦРИАПРК) → МЦРИАПРК-416 (МЦРИАПРК) [sim 1.000] — AI-вердикт: CORRECT
2025-10-13 12:19:04 [INFO] Аналитик функций ГО: AI подтвердил связь КАДКДМКИРК-34 (КАДКДМКИРК) → МКИРК-476 (МКИРК) [sim 0.992] — AI-вердикт: CORRECT
2025-10-13 12:19:04 [INFO] Аналитик функций ГО: AI подтвердил связь КАДКДМКИРК-19 (КАДКДМКИРК) → МКИРК-467 (МКИРК) [sim 0.976] — AI-вердикт: CORRECT
2025-10-13 12:19:04 [INFO] Аналитик функций ГО: AI подтвердил связь АКМЦРИАПРК-54 (АКМЦРИАПРК) → МЦРИАПРК-555 (МЦРИАПРК) [sim 0.868] — AI-вердикт: CORRECT
2025-10-13 12:19:04 [INFO] Аналитик функций ГО: AI подтвердил связь КАДКДМКИРК-3 (КАДКДМКИРК) → МКИРК-479 (МКИРК) [sim 0.981] — AI-вердикт: CORRECT
2025-10-13 12:19:04 [INFO] Аналитик функций ГО: AI подтвердил связь АКМЦРИАПРК-15 (АКМЦРИАПРК) → МЦРИАПРК-15 (МЦРИАПРК) [sim 1.000] — AI-вердикт: CORRECT
2025-10-13 12:19:04 [INFO] Аналитик функций ГО: AI подтвердил связь КАДКДМКИРК-28 (КАДКДМКИРК) → МКИРК-472 (МКИРК) [sim 0.660] — AI-вердикт: CORRECT
2025-10-13 12:19:04 [INFO] Аналитик функций ГО: AI подтвердил связь АКМЦРИАПРК-37 (АКМЦРИАПРК) → МЦРИАПРК-434 (МЦРИАПРК) [sim 1.000] — AI-вердикт: CORRECT
2025-10-13 12:19:04 [INFO] Аналитик функций ГО: AI подтвердил связь АКМЦРИАПРК-12 (АКМЦРИАПРК) → МЦРИАПРК-45 (МЦРИАПРК) [sim 0.986] — AI-вердикт: CORRECT
2025-10-13 12:19:04 [INFO] Аналитик функций ГО: AI подтвердил связь КАДКДМКИРК-35 (КАДКДМКИРК) → МКИРК-478 (МКИРК) [sim 0.996] — AI-вердикт: CORRECT
2025-10-13 12:19:04 [INFO] Аналитик функций ГО: AI подтвердил связь АКМЦРИАПРК-10 (АКМЦРИАПРК) → МЦРИАПРК-42 (МЦРИАПРК) [sim 0.647] — AI-вердикт: CORRECT
2025-10-13 12:19:04 [INFO] Аналитик функций ГО: AI подтвердил связь КАДКДМКИРК-23 (КАДКДМКИРК) → МКИРК-477 (МКИРК) [sim 0.981] — AI-вердикт: CORRECT
2025-10-13 12:19:04 [INFO] Аналитик функций ГО: AI подтвердил связь КАДКДМКИРК-15 (КАДКДМКИРК) → МКИРК-320 (МКИРК) [sim 0.905] — AI-вердикт: CORRECT
2025-10-13 12:19:04 [INFO] Аналитик функций ГО: AI подтвердил связь АКМЦРИАПРК-35 (АКМЦРИАПРК) → МЦРИАПРК-432 (МЦРИАПРК) [sim 1.000] — AI-вердикт: CORRECT
2025-10-13 12:19:04 [INFO] Аналитик функций ГО: AI подтвердил связь КАДКДМКИРК-30 (КАДКДМКИРК) → МКИРК-472 (МКИРК) [sim 0.984] — AI-вердикт: CORRECT
2025-10-13 12:19:04 [INFO] Аналитик функций ГО: AI подтвердил связь АКМЦРИАПРК-50 (АКМЦРИАПРК) → МЦРИАПРК-39 (МЦРИАПРК) [sim 0.953] — AI-вердикт: CORRECT
2025-10-13 12:19:04 [INFO] Аналитик функций ГО: AI подтвердил связь АКМЦРИАПРК-43 (АКМЦРИАПРК) → МЦРИАПРК-28 (МЦРИАПРК) [sim 0.974] — AI-вердикт: CORRECT
2025-10-13 12:19:04 [INFO] Аналитик функций ГО: AI подтвердил связь АКМЦРИАПРК-2 (АКМЦРИАПРК) → МЦРИАПРК-41 (МЦРИАПРК) [sim 0.984] — AI-вердикт: CORRECT
2025-10-13 12:19:04 [INFO] Аналитик функций ГО: AI подтвердил связь КАДКДМКИРК-18 (КАДКДМКИРК) → МКИРК-333 (МКИРК) [sim 0.955] — AI-вердикт: CORRECT
2025-10-13 12:19:04 [INFO] Аналитик функций ГО: AI подтвердил связь АКМЦРИАПРК-19 (АКМЦРИАПРК) → МЦРИАПРК-44 (МЦРИАПРК) [sim 0.899] — AI-вердикт: CORRECT
2025-10-13 12:19:04 [INFO] Аналитик функций ГО: AI подтвердил связь КАДКДМКИРК-51 (КАДКДМКИРК) → МКИРК-485 (МКИРК) [sim 0.973] — AI-вердикт: CORRECT
2025-10-13 12:19:04 [INFO] Аналитик функций ГО: AI подтвердил связь АКМЦРИАПРК-48 (АКМЦРИАПРК) → МЦРИАПРК-33 (МЦРИАПРК) [sim 0.976] — AI-вердикт: CORRECT
2025-10-13 12:19:04 [INFO] Аналитик функций ГО: AI подтвердил связь АКМЦРИАПРК-11 (АКМЦРИАПРК) → МЦРИАПРК-22 (МЦРИАПРК) [sim 0.983] — AI-вердикт: CORRECT
2025-10-13 12:19:04 [INFO] Аналитик функций ГО: AI подтвердил связь АКМЦРИАПРК-3 (АКМЦРИАПРК) → МЦРИАПРК-2 (МЦРИАПРК) [sim 0.791] — AI-вердикт: CORRECT
2025-10-13 12:19:04 [INFO] Аналитик функций ГО: AI подтвердил связь АКМЦРИАПРК-49 (АКМЦРИАПРК) → МЦРИАПРК-34 (МЦРИАПРК) [sim 0.974] — AI-вердикт: CORRECT
2025-10-13 12:19:04 [INFO] Аналитик функций ГО: AI подтвердил связь КАДКДМКИРК-14 (КАДКДМКИРК) → МКИРК-70 (МКИРК) [sim 0.812] — AI-вердикт: CORRECT
2025-10-13 12:19:04 [INFO] Аналитик функций ГО: AI подтвердил связь КАДКДМКИРК-68 (КАДКДМКИРК) → МКИРК-433 (МКИРК) [sim 0.861] — AI-вердикт: CORRECT
2025-10-13 12:19:04 [INFO] Аналитик функций ГО: AI подтвердил связь КАДМТРК-19 (КАДМТРК) → МТРК-328 (МТРК) [sim 1.000] — AI-вердикт: CORRECT
2025-10-13 12:19:04 [INFO] Аналитик функций ГО: AI подтвердил связь КАДМТРК-24 (КАДМТРК) → МТРК-217 (МТРК) [sim 1.000] — AI-вердикт: CORRECT
2025-10-13 12:19:04 [INFO] Аналитик функций ГО: AI подтвердил связь КАДКДМКИРК-21 (КАДКДМКИРК) → МКИРК-471 (МКИРК) [sim 0.707] — AI-вердикт: CORRECT
2025-10-13 12:19:04 [INFO] Аналитик функций ГО: AI подтвердил связь КАДКДМКИРК-73 (КАДКДМКИРК) → МКИРК-535 (МКИРК) [sim 0.975] — AI-вердикт: CORRECT
2025-10-13 12:19:04 [INFO] Аналитик функций ГО: AI подтвердил связь КАДМТРК-14 (КАДМТРК) → МТРК-219 (МТРК) [sim 1.000] — AI-вердикт: CORRECT
2025-10-13 12:19:04 [INFO] Аналитик функций ГО: AI подтвердил связь КАДКДМКИРК-69 (КАДКДМКИРК) → МКИРК-434 (МКИРК) [sim 0.950] — AI-вердикт: CORRECT
2025-10-13 12:19:04 [INFO] Аналитик функций ГО: AI подтвердил связь КАДМТРК-3 (КАДМТРК) → МТРК-210 (МТРК) [sim 1.000] — AI-вердикт: CORRECT
2025-10-13 12:19:04 [INFO] Аналитик функций ГО: AI подтвердил связь КАДКДМКИРК-40 (КАДКДМКИРК) → МКИРК-17 (МКИРК) [sim 0.849] — AI-вердикт: CORRECT
2025-10-13 12:19:04 [INFO] Аналитик функций ГО: AI подтвердил связь КАДМТРК-17 (КАДМТРК) → МТРК-338 (МТРК) [sim 1.000] — AI-вердикт: CORRECT
2025-10-13 12:19:04 [INFO] Аналитик функций ГО: AI подтвердил связь КАДКДМКИРК-62 (КАДКДМКИРК) → МКИРК-352 (МКИРК) [sim 0.941] — AI-вердикт: CORRECT
2025-10-13 12:19:04 [INFO] Аналитик функций ГО: AI подтвердил связь КАДКДМКИРК-56 (КАДКДМКИРК) → МКИРК-396 (МКИРК) [sim 0.984] — AI-вердикт: CORRECT
2025-10-13 12:19:04 [INFO] Аналитик функций ГО: AI подтвердил связь КАДКДМКИРК-60 (КАДКДМКИРК) → МКИРК-337 (МКИРК) [sim 0.969] — AI-вердикт: CORRECT
2025-10-13 12:19:04 [INFO] Аналитик функций ГО: AI подтвердил связь КАДМТРК-25 (КАДМТРК) → МТРК-218 (МТРК) [sim 1.000] — AI-вердикт: CORRECT
2025-10-13 12:19:04 [INFO] Аналитик функций ГО: AI подтвердил связь КАДМТРК-30 (КАДМТРК) → МТРК-498 (МТРК) [sim 1.000] — AI-вердикт: CORRECT
2025-10-13 12:19:04 [INFO] Аналитик функций ГО: AI подтвердил связь КАДМТРК-2 (КАДМТРК) → МТРК-339 (МТРК) [sim 1.000] — AI-вердикт: CORRECT
2025-10-13 12:19:04 [INFO] Аналитик функций ГО: AI подтвердил связь КАДМТРК-18 (КАДМТРК) → МТРК-336 (МТРК) [sim 1.000] — AI-вердикт: CORRECT
2025-10-13 12:19:04 [INFO] Аналитик функций ГО: AI подтвердил связь КАДМТРК-20 (КАДМТРК) → МТРК-330 (МТРК) [sim 1.000] — AI-вердикт: CORRECT
2025-10-13 12:19:04 [INFO] Аналитик функций ГО: AI подтвердил связь КАДКДМКИРК-64 (КАДКДМКИРК) → МКИРК-356 (МКИРК) [sim 0.970] — AI-вердикт: CORRECT
2025-10-13 12:19:04 [INFO] Аналитик функций ГО: AI подтвердил связь КАДМТРК-8 (КАДМТРК) → МТРК-335 (МТРК) [sim 1.000] — AI-вердикт: CORRECT
2025-10-13 12:19:04 [INFO] Аналитик функций ГО: AI подтвердил связь КАДКДМКИРК-13 (КАДКДМКИРК) → МКИРК-71 (МКИРК) [sim 0.890] — AI-вердикт: CORRECT
2025-10-13 12:19:04 [INFO] Аналитик функций ГО: AI подтвердил связь КАДМТРК-23 (КАДМТРК) → МТРК-216 (МТРК) [sim 1.000] — AI-вердикт: CORRECT
2025-10-13 12:19:04 [INFO] Аналитик функций ГО: AI подтвердил связь АКМЦРИАПРК-4 (АКМЦРИАПРК) → МЦРИАПРК-7 (МЦРИАПРК) [sim 0.685] — AI-вердикт: CORRECT
2025-10-13 12:19:04 [INFO] Аналитик функций ГО: AI подтвердил связь КАДКДМКИРК-63 (КАДКДМКИРК) → МКИРК-353 (МКИРК) [sim 0.985] — AI-вердикт: CORRECT
2025-10-13 12:19:04 [INFO] Аналитик функций ГО: AI подтвердил связь КАПМВД-13 (КАПМВД) → МВД-36 (МВД) [sim 1.000] — AI-вердикт: CORRECT
2025-10-13 12:19:04 [INFO] Аналитик функций ГО: AI подтвердил связь АКМЦРИАПРК-14 (АКМЦРИАПРК) → МЦРИАПРК-5 (МЦРИАПРК) [sim 0.770] — AI-вердикт: CORRECT
2025-10-13 12:19:04 [INFO] Аналитик функций ГО: AI подтвердил связь КАДКДМКИРК-10 (КАДКДМКИРК) → МКИРК-62 (МКИРК) [sim 0.816] — AI-вердикт: CORRECT
2025-10-13 12:19:04 [INFO] Аналитик функций ГО: AI подтвердил связь КАДМТРК-28 (КАДМТРК) → МТРК-331 (МТРК) [sim 1.000] — AI-вердикт: CORRECT
2025-10-13 12:19:04 [INFO] Аналитик функций ГО: AI подтвердил связь КАДКДМКИРК-67 (КАДКДМКИРК) → МКИРК-432 (МКИРК) [sim 0.979] — AI-вердикт: CORRECT
2025-10-13 12:19:04 [INFO] Аналитик функций ГО: AI подтвердил связь КАДКДМКИРК-65 (КАДКДМКИРК) → МКИРК-366 (МКИРК) [sim 0.962] — AI-вердикт: CORRECT
2025-10-13 12:19:04 [INFO] Аналитик функций ГО: AI подтвердил связь КАПМВД-14 (КАПМВД) → МВД-211 (МВД) [sim 1.000] — AI-вердикт: CORRECT
2025-10-13 12:19:04 [INFO] Аналитик функций ГО: AI подтвердил связь АКМЦРИАПРК-24 (АКМЦРИАПРК) → МЦРИАПРК-43 (МЦРИАПРК) [sim 0.930] — AI-вердикт: CORRECT
2025-10-13 12:19:04 [INFO] Аналитик функций ГО: AI подтвердил связь КАДКДМКИРК-8 (КАДКДМКИРК) → МКИРК-65 (МКИРК) [sim 0.832] — AI-вердикт: CORRECT
2025-10-13 12:19:04 [INFO] Аналитик функций ГО: AI подтвердил связь КАДКДМКИРК-57 (КАДКДМКИРК) → МКИРК-373 (МКИРК) [sim 0.950] — AI-вердикт: CORRECT
2025-10-13 12:19:04 [INFO] Аналитик функций ГО: AI подтвердил связь КАПМВД-10 (КАПМВД) → МВД-38 (МВД) [sim 0.973] — AI-вердикт: CORRECT
2025-10-13 12:19:04 [INFO] Аналитик функций ГО: AI подтвердил связь КАПМВД-16 (КАПМВД) → МВД-216 (МВД) [sim 0.972] — AI-вердикт: CORRECT
2025-10-13 12:19:04 [INFO] Аналитик функций ГО: AI подтвердил связь КАДМТРК-21 (КАДМТРК) → МТРК-340 (МТРК) [sim 0.973] — AI-вердикт: CORRECT
2025-10-13 12:19:04 [INFO] Аналитик функций ГО: AI подтвердил связь КАПМВД-17 (КАПМВД) → МВД-217 (МВД) [sim 0.961] — AI-вердикт: CORRECT
2025-10-13 12:19:04 [INFO] Аналитик функций ГО: AI подтвердил связь КАДМТРК-6 (КАДМТРК) → МТРК-215 (МТРК) [sim 0.981] — AI-вердикт: CORRECT
2025-10-13 12:19:04 [INFO] Аналитик функций ГО: AI подтвердил связь КАПМВД-28 (КАПМВД) → МВД-231 (МВД) [sim 1.000] — AI-вердикт: CORRECT
2025-10-13 12:19:04 [INFO] Аналитик функций ГО: AI подтвердил связь КАПМВД-21 (КАПМВД) → МВД-226 (МВД) [sim 1.000] — AI-вердикт: CORRECT
2025-10-13 12:19:04 [INFO] Аналитик функций ГО: AI подтвердил связь КАДКДМКИРК-61 (КАДКДМКИРК) → МКИРК-351 (МКИРК) [sim 0.938] — AI-вердикт: CORRECT
2025-10-13 12:19:04 [INFO] Аналитик функций ГО: AI подтвердил связь КАПМВД-22 (КАПМВД) → МВД-227 (МВД) [sim 0.941] — AI-вердикт: CORRECT
2025-10-13 12:19:04 [INFO] Аналитик функций ГО: AI подтвердил связь КАДКДМКИРК-4 (КАДКДМКИРК) → МКИРК-55 (МКИРК) [sim 0.671] — AI-вердикт: CORRECT
2025-10-13 12:19:04 [INFO] Аналитик функций ГО: AI подтвердил связь КАПМВД-32 (КАПМВД) → МВД-237 (МВД) [sim 1.000] — AI-вердикт: CORRECT
2025-10-13 12:19:04 [INFO] Аналитик функций ГО: AI подтвердил связь КАПМВД-3 (КАПМВД) → МВД-205 (МВД) [sim 1.000] — AI-вердикт: CORRECT
2025-10-13 12:19:04 [INFO] Аналитик функций ГО: AI подтвердил связь КАПМВД-33 (КАПМВД) → МВД-238 (МВД) [sim 1.000] — AI-вердикт: CORRECT
2025-10-13 12:19:04 [INFO] Аналитик функций ГО: AI подтвердил связь КАПМВД-23 (КАПМВД) → МВД-228 (МВД) [sim 0.995] — AI-вердикт: CORRECT
2025-10-13 12:19:04 [INFO] Аналитик функций ГО: AI подтвердил связь КАПМВД-34 (КАПМВД) → МВД-239 (МВД) [sim 1.000] — AI-вердикт: CORRECT
2025-10-13 12:19:04 [INFO] Аналитик функций ГО: AI подтвердил связь КАДМТРК-26 (КАДМТРК) → МТРК-221 (МТРК) [sim 0.965] — AI-вердикт: CORRECT
2025-10-13 12:19:04 [INFO] Аналитик функций ГО: AI подтвердил связь КАПМВД-31 (КАПМВД) → МВД-236 (МВД) [sim 1.000] — AI-вердикт: CORRECT
2025-10-13 12:19:04 [INFO] Аналитик функций ГО: AI подтвердил связь КАПМВД-1 (КАПМВД) → МВД-204 (МВД) [sim 0.846] — AI-вердикт: CORRECT
2025-10-13 12:19:04 [INFO] Аналитик функций ГО: AI подтвердил связь КАПМВД-4 (КАПМВД) → МВД-206 (МВД) [sim 1.000] — AI-вердикт: CORRECT
2025-10-13 12:19:04 [INFO] Аналитик функций ГО: AI подтвердил связь КАПМВД-20 (КАПМВД) → МВД-225 (МВД) [sim 0.928] — AI-вердикт: CORRECT
2025-10-13 12:19:04 [INFO] Аналитик функций ГО: AI подтвердил связь КАДМТРК-11 (КАДМТРК) → МТРК-220 (МТРК) [sim 0.921] — AI-вердикт: CORRECT
2025-10-13 12:19:04 [INFO] Аналитик функций ГО: AI подтвердил связь КАДКДМКИРК-54 (КАДКДМКИРК) → МКИРК-372 (МКИРК) [sim 0.961] — AI-вердикт: CORRECT
2025-10-13 12:19:04 [INFO] Аналитик функций ГО: AI подтвердил связь КАПМВД-44 (КАПМВД) → МВД-261 (МВД) [sim 1.000] — AI-вердикт: CORRECT
2025-10-13 12:19:04 [INFO] Аналитик функций ГО: AI подтвердил связь КАДКДМКИРК-72 (КАДКДМКИРК) → МКИРК-59 (МКИРК) [sim 0.697] — AI-вердикт: CORRECT
2025-10-13 12:19:04 [INFO] Аналитик функций ГО: AI подтвердил связь КАПМВД-39 (КАПМВД) → МВД-250 (МВД) [sim 0.730] — AI-вердикт: CORRECT
2025-10-13 12:19:04 [INFO] Аналитик функций ГО: AI подтвердил связь КАДКДМКИРК-16 (КАДКДМКИРК) → МКИРК-67 (МКИРК) [sim 0.905] — AI-вердикт: CORRECT
2025-10-13 12:19:04 [INFO] Аналитик функций ГО: AI подтвердил связь КАПМВД-45 (КАПМВД) → МВД-275 (МВД) [sim 1.000] — AI-вердикт: CORRECT
2025-10-13 12:19:04 [INFO] Аналитик функций ГО: AI подтвердил связь КАПМВД-24 (КАПМВД) → МВД-229 (МВД) [sim 0.966] — AI-вердикт: CORRECT
2025-10-13 12:19:04 [INFO] Аналитик функций ГО: AI подтвердил связь КАПМВД-37 (КАПМВД) → МВД-166 (МВД) [sim 1.000] — AI-вердикт: CORRECT
2025-10-13 12:19:04 [INFO] Аналитик функций ГО: AI подтвердил связь КАТТКМТРК-11 (КАТТКМТРК) → МТРК-226 (МТРК) [sim 0.978] — AI-вердикт: CORRECT
2025-10-13 12:19:04 [INFO] Аналитик функций ГО: AI подтвердил связь КАПМВД-5 (КАПМВД) → МВД-207 (МВД) [sim 1.000] — AI-вердикт: CORRECT
2025-10-13 12:19:04 [INFO] Аналитик функций ГО: AI подтвердил связь КАТТКМТРК-119 (КАТТКМТРК) → МТРК-491 (МТРК) [sim 1.000] — AI-вердикт: CORRECT
2025-10-13 12:19:04 [INFO] Аналитик функций ГО: AI подтвердил связь КАТТКМТРК-112 (КАТТКМТРК) → МТРК-255 (МТРК) [sim 0.989] — AI-вердикт: CORRECT
2025-10-13 12:19:04 [INFO] Аналитик функций ГО: AI подтвердил связь КАТТКМТРК-106 (КАТТКМТРК) → МТРК-137 (МТРК) [sim 0.977] — AI-вердикт: CORRECT
2025-10-13 12:19:04 [INFO] Аналитик функций ГО: AI подтвердил связь КАПМВД-8 (КАПМВД) → МВД-35 (МВД) [sim 1.000] — AI-вердикт: CORRECT
2025-10-13 12:19:04 [INFO] Аналитик функций ГО: AI подтвердил связь КАТТКМТРК-113 (КАТТКМТРК) → МТРК-256 (МТРК) [sim 0.987] — AI-вердикт: CORRECT
2025-10-13 12:19:04 [INFO] Аналитик функций ГО: AI подтвердил связь КАПМВД-29 (КАПМВД) → МВД-234 (МВД) [sim 0.987] — AI-вердикт: CORRECT
2025-10-13 12:19:04 [INFO] Аналитик функций ГО: AI подтвердил связь КАПМВД-49-1 (КАПМВД) → МВД-321 (МВД) [sim 0.987] — AI-вердикт: CORRECT
2025-10-13 12:19:04 [INFO] Аналитик функций ГО: AI подтвердил связь КАПМВД-9 (КАПМВД) → МВД-37 (МВД) [sim 1.000] — AI-вердикт: CORRECT
2025-10-13 12:19:04 [INFO] Аналитик функций ГО: AI подтвердил связь КАДМТРК-27 (КАДМТРК) → МТРК-222 (МТРК) [sim 0.972] — AI-вердикт: CORRECT
2025-10-13 12:19:04 [INFO] Аналитик функций ГО: AI подтвердил связь КАТТКМТРК-100 (КАТТКМТРК) → МТРК-274 (МТРК) [sim 0.969] — AI-вердикт: CORRECT
2025-10-13 12:19:04 [INFO] Аналитик функций ГО: AI подтвердил связь КАТТКМТРК-10 (КАТТКМТРК) → МТРК-225 (МТРК) [sim 0.975] — AI-вердикт: CORRECT
2025-10-13 12:19:04 [INFO] Аналитик функций ГО: AI подтвердил связь КАТТКМТРК-109 (КАТТКМТРК) → МТРК-232 (МТРК) [sim 0.985] — AI-вердикт: CORRECT
2025-10-13 12:19:04 [INFO] Аналитик функций ГО: AI подтвердил связь КАТТКМТРК-131 (КАТТКМТРК) → МТРК-300 (МТРК) [sim 0.965] — AI-вердикт: CORRECT
2025-10-13 12:19:04 [INFO] Аналитик функций ГО: AI подтвердил связь КАТТКМТРК-129 (КАТТКМТРК) → МТРК-11 (МТРК) [sim 1.000] — AI-вердикт: CORRECT
2025-10-13 12:19:04 [INFO] Аналитик функций ГО: AI подтвердил связь КАТТКМТРК-128 (КАТТКМТРК) → МТРК-10 (МТРК) [sim 1.000] — AI-вердикт: CORRECT
2025-10-13 12:19:04 [INFO] Аналитик функций ГО: AI подтвердил связь КАПМВД-40 (КАПМВД) → МВД-251 (МВД) [sim 0.950] — AI-вердикт: CORRECT
2025-10-13 12:19:04 [INFO] Аналитик функций ГО: AI подтвердил связь КАТТКМТРК-105 (КАТТКМТРК) → МТРК-37 (МТРК) [sim 0.973] — AI-вердикт: CORRECT
2025-10-13 12:19:04 [INFO] Аналитик функций ГО: AI подтвердил связь КАТТКМТРК-111 (КАТТКМТРК) → МТРК-254 (МТРК) [sim 0.994] — AI-вердикт: CORRECT
2025-10-13 12:19:04 [INFO] Аналитик функций ГО: AI подтвердил связь КАТТКМТРК-127 (КАТТКМТРК) → МТРК-162 (МТРК) [sim 0.984] — AI-вердикт: CORRECT
2025-10-13 12:19:04 [INFO] Аналитик функций ГО: AI подтвердил связь КАТТКМТРК-108 (КАТТКМТРК) → МТРК-146 (МТРК) [sim 0.986] — AI-вердикт: CORRECT
2025-10-13 12:19:04 [INFO] Аналитик функций ГО: AI подтвердил связь КАТТКМТРК-110 (КАТТКМТРК) → МТРК-253 (МТРК) [sim 0.993] — AI-вердикт: CORRECT
2025-10-13 12:19:04 [INFO] Аналитик функций ГО: AI подтвердил связь КАПМВД-49 (КАПМВД) → МВД-321 (МВД) [sim 0.987] — AI-вердикт: CORRECT
2025-10-13 12:19:04 [INFO] Аналитик функций ГО: AI подтвердил связь КАТТКМТРК-126 (КАТТКМТРК) → МТРК-153 (МТРК) [sim 0.972] — AI-вердикт: CORRECT
2025-10-13 12:19:04 [INFO] Аналитик функций ГО: AI подтвердил связь КАТТКМТРК-139 (КАТТКМТРК) → МТРК-315 (МТРК) [sim 0.976] — AI-вердикт: CORRECT
2025-10-13 12:19:04 [INFO] Аналитик функций ГО: AI подтвердил связь КАТТКМТРК-133 (КАТТКМТРК) → МТРК-304 (МТРК) [sim 0.981] — AI-вердикт: CORRECT
2025-10-13 12:19:04 [INFO] Аналитик функций ГО: AI подтвердил связь КАТТКМТРК-135 (КАТТКМТРК) → МТРК-310 (МТРК) [sim 0.973] — AI-вердикт: CORRECT
2025-10-13 12:19:04 [INFO] Аналитик функций ГО: AI подтвердил связь КАТТКМТРК-118 (КАТТКМТРК) → МТРК-489 (МТРК) [sim 0.923] — AI-вердикт: CORRECT
2025-10-13 12:19:04 [INFO] Аналитик функций ГО: AI подтвердил связь КАТТКМТРК-157 (КАТТКМТРК) → МТРК-147 (МТРК) [sim 1.000] — AI-вердикт: CORRECT
2025-10-13 12:19:04 [INFO] Аналитик функций ГО: AI подтвердил связь КАПМВД-6 (КАПМВД) → МВД-34 (МВД) [sim 1.000] — AI-вердикт: CORRECT
2025-10-13 12:19:04 [INFO] Аналитик функций ГО: AI подтвердил связь КАПМВД-18 (КАПМВД) → МВД-223 (МВД) [sim 0.971] — AI-вердикт: CORRECT
2025-10-13 12:19:04 [INFO] Аналитик функций ГО: AI подтвердил связь КАТТКМТРК-134 (КАТТКМТРК) → МТРК-309 (МТРК) [sim 0.986] — AI-вердикт: CORRECT
2025-10-13 12:19:04 [INFO] Аналитик функций ГО: AI подтвердил связь КАПМВД-30 (КАПМВД) → МВД-235 (МВД) [sim 0.974] — AI-вердикт: CORRECT
2025-10-13 12:19:04 [INFO] Аналитик функций ГО: AI подтвердил связь КАТТКМТРК-144 (КАТТКМТРК) → МТРК-293 (МТРК) [sim 0.962] — AI-вердикт: CORRECT
2025-10-13 12:19:04 [INFO] Аналитик функций ГО: AI подтвердил связь КАПМВД-52 (КАПМВД) → МВД-321 (МВД) [sim 0.675] — AI-вердикт: CORRECT
2025-10-13 12:19:04 [INFO] Аналитик функций ГО: AI подтвердил связь КАТТКМТРК-136 (КАТТКМТРК) → МТРК-312 (МТРК) [sim 0.979] — AI-вердикт: CORRECT
2025-10-13 12:19:04 [INFO] Аналитик функций ГО: AI подтвердил связь КАТТКМТРК-103 (КАТТКМТРК) → МТРК-83 (МТРК) [sim 0.969] — AI-вердикт: CORRECT
2025-10-13 12:19:04 [INFO] Аналитик функций ГО: AI подтвердил связь КАТТКМТРК-115 (КАТТКМТРК) → МТРК-324 (МТРК) [sim 0.979] — AI-вердикт: CORRECT
2025-10-13 12:19:04 [INFO] Аналитик функций ГО: AI подтвердил связь КАТТКМТРК-141 (КАТТКМТРК) → МТРК-320 (МТРК) [sim 0.977] — AI-вердикт: CORRECT
2025-10-13 12:19:04 [INFO] Аналитик функций ГО: AI подтвердил связь КАТТКМТРК-137 (КАТТКМТРК) → МТРК-313 (МТРК) [sim 0.981] — AI-вердикт: CORRECT
2025-10-13 12:19:04 [INFO] Аналитик функций ГО: AI подтвердил связь КАТТКМТРК-12 (КАТТКМТРК) → МТРК-227 (МТРК) [sim 0.944] — AI-вердикт: CORRECT
2025-10-13 12:19:04 [INFO] Аналитик функций ГО: AI подтвердил связь КАТТКМТРК-114 (КАТТКМТРК) → МТРК-257 (МТРК) [sim 0.984] — AI-вердикт: CORRECT
2025-10-13 12:19:04 [INFO] Аналитик функций ГО: AI подтвердил связь КАТТКМТРК-140 (КАТТКМТРК) → МТРК-319 (МТРК) [sim 0.978] — AI-вердикт: CORRECT
2025-10-13 12:19:04 [INFO] Аналитик функций ГО: AI подтвердил связь КАТТКМТРК-132 (КАТТКМТРК) → МТРК-303 (МТРК) [sim 0.984] — AI-вердикт: CORRECT
2025-10-13 12:19:04 [INFO] Аналитик функций ГО: AI подтвердил связь КАТТКМТРК-147 (КАТТКМТРК) → МТРК-297 (МТРК) [sim 0.978] — AI-вердикт: CORRECT
2025-10-13 12:19:04 [INFO] Аналитик функций ГО: AI подтвердил связь КАПМВД-25 (КАПМВД) → МВД-62 (МВД) [sim 0.752] — AI-вердикт: CORRECT
2025-10-13 12:19:04 [INFO] Аналитик функций ГО: AI подтвердил связь КАПМВД-38 (КАПМВД) → МВД-249 (МВД) [sim 0.964] — AI-вердикт: CORRECT
2025-10-13 12:19:04 [INFO] Аналитик функций ГО: AI подтвердил связь КАПМВД-27 (КАПМВД) → МВД-230 (МВД) [sim 1.000] — AI-вердикт: CORRECT
2025-10-13 12:19:04 [INFO] Аналитик функций ГО: AI подтвердил связь КАПМВД-41 (КАПМВД) → МВД-252 (МВД) [sim 0.972] — AI-вердикт: CORRECT
2025-10-13 12:19:04 [INFO] Аналитик функций ГО: AI подтвердил связь КАТТКМТРК-18 (КАТТКМТРК) → МТРК-250 (МТРК) [sim 0.980] — AI-вердикт: CORRECT
2025-10-13 12:19:04 [INFO] Аналитик функций ГО: AI подтвердил связь КАТТКМТРК-15 (КАТТКМТРК) → МТРК-231 (МТРК) [sim 0.989] — AI-вердикт: CORRECT
2025-10-13 12:19:04 [INFO] Аналитик функций ГО: AI подтвердил связь КАТТКМТРК-142 (КАТТКМТРК) → МТРК-321 (МТРК) [sim 0.973] — AI-вердикт: CORRECT
2025-10-13 12:19:04 [INFO] Аналитик функций ГО: AI подтвердил связь КАТТКМТРК-146 (КАТТКМТРК) → МТРК-295 (МТРК) [sim 0.952] — AI-вердикт: CORRECT
2025-10-13 12:19:04 [INFO] Аналитик функций ГО: AI подтвердил связь КАТТКМТРК-138 (КАТТКМТРК) → МТРК-314 (МТРК) [sim 0.973] — AI-вердикт: CORRECT
2025-10-13 12:19:04 [INFO] Аналитик функций ГО: AI подтвердил связь КАТТКМТРК-21 (КАТТКМТРК) → МТРК-239 (МТРК) [sim 0.934] — AI-вердикт: CORRECT
2025-10-13 12:19:04 [INFO] Аналитик функций ГО: AI подтвердил связь КАТТКМТРК-36 (КАТТКМТРК) → МТРК-96 (МТРК) [sim 0.961] — AI-вердикт: CORRECT
2025-10-13 12:19:04 [INFO] Аналитик функций ГО: AI подтвердил связь КАТТКМТРК-29 (КАТТКМТРК) → МТРК-72 (МТРК) [sim 0.975] — AI-вердикт: CORRECT
2025-10-13 12:19:04 [INFO] Аналитик функций ГО: AI подтвердил связь КАТТКМТРК-156 (КАТТКМТРК) → МТРК-269 (МТРК) [sim 0.863] — AI-вердикт: CORRECT
2025-10-13 12:19:04 [INFO] Аналитик функций ГО: AI подтвердил связь КАТТКМТРК-17 (КАТТКМТРК) → МТРК-243 (МТРК) [sim 0.971] — AI-вердикт: CORRECT
2025-10-13 12:19:04 [INFO] Аналитик функций ГО: AI подтвердил связь КАТТКМТРК-34 (КАТТКМТРК) → МТРК-74 (МТРК) [sim 0.984] — AI-вердикт: CORRECT
2025-10-13 12:19:04 [INFO] Аналитик функций ГО: AI подтвердил связь КАТТКМТРК-26 (КАТТКМТРК) → МТРК-88 (МТРК) [sim 0.952] — AI-вердикт: CORRECT
2025-10-13 12:19:04 [INFO] Аналитик функций ГО: AI подтвердил связь КАТТКМТРК-13 (КАТТКМТРК) → МТРК-228 (МТРК) [sim 0.958] — AI-вердикт: CORRECT
2025-10-13 12:19:04 [INFO] Аналитик функций ГО: AI подтвердил связь КАТТКМТРК-14 (КАТТКМТРК) → МТРК-229 (МТРК) [sim 0.949] — AI-вердикт: CORRECT
2025-10-13 12:19:04 [INFO] Аналитик функций ГО: AI подтвердил связь КАТТКМТРК-101 (КАТТКМТРК) → МТРК-264 (МТРК) [sim 0.883] — AI-вердикт: CORRECT
2025-10-13 12:19:04 [INFO] Аналитик функций ГО: AI подтвердил связь КАПМВД-35 (КАПМВД) → МВД-164 (МВД) [sim 0.733] — AI-вердикт: CORRECT
2025-10-13 12:19:04 [INFO] Аналитик функций ГО: AI подтвердил связь КАТТКМТРК-28 (КАТТКМТРК) → МТРК-90 (МТРК) [sim 0.975] — AI-вердикт: CORRECT
2025-10-13 12:19:04 [INFO] Аналитик функций ГО: AI подтвердил связь КАТТКМТРК-102 (КАТТКМТРК) → МТРК-272 (МТРК) [sim 0.955] — AI-вердикт: CORRECT
2025-10-13 12:19:04 [INFO] Аналитик функций ГО: AI подтвердил связь КАТТКМТРК-24 (КАТТКМТРК) → МТРК-86 (МТРК) [sim 0.872] — AI-вердикт: CORRECT
2025-10-13 12:19:04 [INFO] Аналитик функций ГО: AI подтвердил связь КАТТКМТРК-44 (КАТТКМТРК) → МТРК-268 (МТРК) [sim 0.972] — AI-вердикт: CORRECT
2025-10-13 12:19:04 [INFO] Аналитик функций ГО: AI подтвердил связь КАТТКМТРК-32 (КАТТКМТРК) → МТРК-93 (МТРК) [sim 0.987] — AI-вердикт: CORRECT
2025-10-13 12:19:04 [INFO] Аналитик функций ГО: AI подтвердил связь КАТТКМТРК-43 (КАТТКМТРК) → МТРК-266 (МТРК) [sim 0.965] — AI-вердикт: CORRECT
2025-10-13 12:19:04 [INFO] Аналитик функций ГО: AI подтвердил связь КАТТКМТРК-20 (КАТТКМТРК) → МТРК-249 (МТРК) [sim 0.945] — AI-вердикт: CORRECT
2025-10-13 12:19:04 [INFO] Аналитик функций ГО: AI подтвердил связь КАТТКМТРК-38 (КАТТКМТРК) → МТРК-101 (МТРК) [sim 0.926] — AI-вердикт: CORRECT
2025-10-13 12:19:04 [INFO] Аналитик функций ГО: AI подтвердил связь КАТТКМТРК-45 (КАТТКМТРК) → МТРК-265 (МТРК) [sim 0.964] — AI-вердикт: CORRECT
2025-10-13 12:19:04 [INFO] Аналитик функций ГО: AI подтвердил связь КАТТКМТРК-149 (КАТТКМТРК) → МТРК-284 (МТРК) [sim 0.872] — AI-вердикт: CORRECT
2025-10-13 12:19:04 [INFO] Аналитик функций ГО: AI подтвердил связь КАТТКМТРК-33 (КАТТКМТРК) → МТРК-94 (МТРК) [sim 0.986] — AI-вердикт: CORRECT
2025-10-13 12:19:04 [INFO] Аналитик функций ГО: AI подтвердил связь КАТТКМТРК-56 (КАТТКМТРК) → МТРК-167 (МТРК) [sim 0.964] — AI-вердикт: CORRECT
2025-10-13 12:19:04 [INFO] Аналитик функций ГО: AI подтвердил связь КАТТКМТРК-23 (КАТТКМТРК) → МТРК-252 (МТРК) [sim 0.955] — AI-вердикт: CORRECT
2025-10-13 12:19:04 [INFO] Аналитик функций ГО: AI подтвердил связь КАТТКМТРК-61 (КАТТКМТРК) → МТРК-148 (МТРК) [sim 0.993] — AI-вердикт: CORRECT
2025-10-13 12:19:04 [INFO] Аналитик функций ГО: AI подтвердил связь КАТТКМТРК-41 (КАТТКМТРК) → МТРК-80 (МТРК) [sim 0.991] — AI-вердикт: CORRECT
2025-10-13 12:19:04 [INFO] Аналитик функций ГО: AI подтвердил связь КАТТКМТРК-52 (КАТТКМТРК) → МТРК-156 (МТРК) [sim 0.977] — AI-вердикт: CORRECT
2025-10-13 12:19:04 [INFO] Аналитик функций ГО: AI подтвердил связь КАПМВД-47 (КАПМВД) → МВД-108 (МВД) [sim 0.603] — AI-вердикт: CORRECT
2025-10-13 12:19:04 [INFO] Аналитик функций ГО: AI подтвердил связь КАТТКМТРК-59 (КАТТКМТРК) → МТРК-170 (МТРК) [sim 0.859] — AI-вердикт: CORRECT
2025-10-13 12:19:04 [INFO] Аналитик функций ГО: AI подтвердил связь КАТТКМТРК-27 (КАТТКМТРК) → МТРК-89 (МТРК) [sim 0.978] — AI-вердикт: CORRECT
2025-10-13 12:19:04 [INFO] Аналитик функций ГО: AI подтвердил связь КАТТКМТРК-51 (КАТТКМТРК) → МТРК-155 (МТРК) [sim 0.955] — AI-вердикт: CORRECT
2025-10-13 12:19:04 [INFO] Аналитик функций ГО: AI подтвердил связь КАТТКМТРК-57 (КАТТКМТРК) → МТРК-168 (МТРК) [sim 0.974] — AI-вердикт: CORRECT
2025-10-13 12:19:04 [INFO] Аналитик функций ГО: AI подтвердил связь КАТТКМТРК-53 (КАТТКМТРК) → МТРК-161 (МТРК) [sim 0.983] — AI-вердикт: CORRECT
2025-10-13 12:19:04 [INFO] Аналитик функций ГО: AI подтвердил связь КАТТКМТРК-42 (КАТТКМТРК) → МТРК-270 (МТРК) [sim 0.967] — AI-вердикт: CORRECT
2025-10-13 12:19:04 [INFO] Аналитик функций ГО: AI подтвердил связь КАТТКМТРК-31 (КАТТКМТРК) → МТРК-92 (МТРК) [sim 0.989] — AI-вердикт: CORRECT
2025-10-13 12:19:04 [INFO] Аналитик функций ГО: AI подтвердил связь КАТТКМТРК-66 (КАТТКМТРК) → МТРК-282 (МТРК) [sim 0.958] — AI-вердикт: CORRECT
2025-10-13 12:19:04 [INFO] Аналитик функций ГО: AI подтвердил связь КАТТКМТРК-40 (КАТТКМТРК) → МТРК-76 (МТРК) [sim 0.988] — AI-вердикт: CORRECT
2025-10-13 12:19:04 [INFO] Аналитик функций ГО: AI подтвердил связь КАТТКМТРК-68 (КАТТКМТРК) → МТРК-283 (МТРК) [sim 0.970] — AI-вердикт: CORRECT
2025-10-13 12:19:04 [INFO] Аналитик функций ГО: AI подтвердил связь КАТТКМТРК-55 (КАТТКМТРК) → МТРК-163 (МТРК) [sim 0.973] — AI-вердикт: CORRECT
2025-10-13 12:19:04 [INFO] Аналитик функций ГО: AI подтвердил связь КАТТКМТРК-49 (КАТТКМТРК) → МТРК-145 (МТРК) [sim 0.973] — AI-вердикт: CORRECT
2025-10-13 12:19:04 [INFO] Аналитик функций ГО: AI подтвердил связь КАТТКМТРК-47 (КАТТКМТРК) → МТРК-143 (МТРК) [sim 0.966] — AI-вердикт: CORRECT
2025-10-13 12:19:04 [INFO] Аналитик функций ГО: AI подтвердил связь КАТТКМТРК-48 (КАТТКМТРК) → МТРК-140 (МТРК) [sim 0.819] — AI-вердикт: CORRECT
2025-10-13 12:19:04 [INFO] Аналитик функций ГО: AI подтвердил связь КАТТКМТРК-76 (КАТТКМТРК) → МТРК-174 (МТРК) [sim 0.973] — AI-вердикт: CORRECT
2025-10-13 12:19:04 [INFO] Аналитик функций ГО: AI подтвердил связь КАТТКМТРК-50 (КАТТКМТРК) → МТРК-151 (МТРК) [sim 0.985] — AI-вердикт: CORRECT
2025-10-13 12:19:04 [INFO] Аналитик функций ГО: AI подтвердил связь КАТТКМТРК-35 (КАТТКМТРК) → МТРК-95 (МТРК) [sim 0.967] — AI-вердикт: CORRECT
2025-10-13 12:19:04 [INFO] Аналитик функций ГО: AI подтвердил связь КАТТКМТРК-37 (КАТТКМТРК) → МТРК-97 (МТРК) [sim 0.976] — AI-вердикт: CORRECT
2025-10-13 12:19:04 [INFO] Аналитик функций ГО: AI подтвердил связь КАТТКМТРК-70 (КАТТКМТРК) → МТРК-286 (МТРК) [sim 0.969] — AI-вердикт: CORRECT
2025-10-13 12:19:04 [INFO] Аналитик функций ГО: AI подтвердил связь КАТТКМТРК-67 (КАТТКМТРК) → МТРК-280 (МТРК) [sim 0.971] — AI-вердикт: CORRECT
2025-10-13 12:19:04 [INFO] Аналитик функций ГО: AI подтвердил связь КАТТКМТРК-25 (КАТТКМТРК) → МТРК-103 (МТРК) [sim 0.924] — AI-вердикт: CORRECT
2025-10-13 12:19:04 [INFO] Аналитик функций ГО: AI подтвердил связь КАТТКМТРК-19 (КАТТКМТРК) → МТРК-247 (МТРК) [sim 0.985] — AI-вердикт: CORRECT
2025-10-13 12:19:04 [INFO] Аналитик функций ГО: AI подтвердил связь КАТТКМТРК-7 (КАТТКМТРК) → МТРК-230 (МТРК) [sim 0.979] — AI-вердикт: CORRECT
2025-10-13 12:19:04 [INFO] Аналитик функций ГО: AI подтвердил связь КАТТКМТРК-161 (КАТТКМТРК) → МТРК-273 (МТРК) [sim 0.716] — AI-вердикт: CORRECT
2025-10-13 12:19:04 [INFO] Аналитик функций ГО: AI подтвердил связь КАТТКМТРК-145 (КАТТКМТРК) → МТРК-294 (МТРК) [sim 0.984] — AI-вердикт: CORRECT
2025-10-13 12:19:04 [INFO] Аналитик функций ГО: AI подтвердил связь КАТТКМТРК-71 (КАТТКМТРК) → МТРК-287 (МТРК) [sim 0.969] — AI-вердикт: CORRECT
2025-10-13 12:19:04 [INFO] Аналитик функций ГО: AI подтвердил связь КАТТКМТРК-2 (КАТТКМТРК) → МТРК-17 (МТРК) [sim 0.890] — AI-вердикт: CORRECT
2025-10-13 12:19:04 [INFO] Аналитик функций ГО: AI подтвердил связь КАТТКМТРК-69 (КАТТКМТРК) → МТРК-285 (МТРК) [sim 0.981] — AI-вердикт: CORRECT
2025-10-13 12:19:04 [INFO] Аналитик функций ГО: AI подтвердил связь КАТТКМТРК-83 (КАТТКМТРК) → МТРК-142 (МТРК) [sim 0.975] — AI-вердикт: CORRECT
2025-10-13 12:19:04 [INFO] Аналитик функций ГО: AI подтвердил связь КАТТКМТРК-82 (КАТТКМТРК) → МТРК-185 (МТРК) [sim 0.976] — AI-вердикт: CORRECT
2025-10-13 12:19:04 [INFO] Аналитик функций ГО: AI подтвердил связь КАТТКМТРК-73 (КАТТКМТРК) → МТРК-289 (МТРК) [sim 0.981] — AI-вердикт: CORRECT
2025-10-13 12:19:04 [INFO] Аналитик функций ГО: AI подтвердил связь КАТТКМТРК-86 (КАТТКМТРК) → МТРК-188 (МТРК) [sim 0.983] — AI-вердикт: CORRECT
2025-10-13 12:19:04 [INFO] Аналитик функций ГО: AI подтвердил связь КАТТКМТРК-60 (КАТТКМТРК) → МТРК-172 (МТРК) [sim 0.984] — AI-вердикт: CORRECT
2025-10-13 12:19:04 [INFO] Аналитик функций ГО: AI подтвердил связь КАТТКМТРК-85 (КАТТКМТРК) → МТРК-187 (МТРК) [sim 0.977] — AI-вердикт: CORRECT
2025-10-13 12:19:04 [INFO] Аналитик функций ГО: AI подтвердил связь КАТТКМТРК-91 (КАТТКМТРК) → МТРК-191 (МТРК) [sim 0.978] — AI-вердикт: CORRECT
2025-10-13 12:19:04 [INFO] Аналитик функций ГО: AI подтвердил связь КАТТКМТРК-87 (КАТТКМТРК) → МТРК-235 (МТРК) [sim 0.985] — AI-вердикт: CORRECT
2025-10-13 12:19:04 [INFO] Аналитик функций ГО: AI подтвердил связь КАТТКМТРК-65 (КАТТКМТРК) → МТРК-277 (МТРК) [sim 0.975] — AI-вердикт: CORRECT
2025-10-13 12:19:04 [INFO] Аналитик функций ГО: AI подтвердил связь КАТТКМТРК-81 (КАТТКМТРК) → МТРК-183 (МТРК) [sim 0.979] — AI-вердикт: CORRECT
2025-10-13 12:19:04 [INFO] Аналитик функций ГО: AI подтвердил связь КАТТКМТРК-8 (КАТТКМТРК) → МТРК-223 (МТРК) [sim 0.993] — AI-вердикт: CORRECT
2025-10-13 12:19:04 [INFO] Аналитик функций ГО: AI подтвердил связь КАЭНКМРМЭРК-102 (КАЭНКМРМЭРК) → МЭРК-245 (МЭРК) [sim 1.000] — AI-вердикт: CORRECT
2025-10-13 12:19:04 [INFO] Аналитик функций ГО: AI подтвердил связь КАТТКМТРК-75 (КАТТКМТРК) → МТРК-292 (МТРК) [sim 0.984] — AI-вердикт: CORRECT
2025-10-13 12:19:04 [INFO] Аналитик функций ГО: AI подтвердил связь КАТТКМТРК-22 (КАТТКМТРК) → МТРК-251 (МТРК) [sim 0.988] — AI-вердикт: CORRECT
2025-10-13 12:19:04 [INFO] Аналитик функций ГО: AI подтвердил связь КАТТКМТРК-90 (КАТТКМТРК) → МТРК-179 (МТРК) [sim 0.960] — AI-вердикт: CORRECT
2025-10-13 12:19:04 [INFO] Аналитик функций ГО: AI подтвердил связь КАТТКМТРК-72 (КАТТКМТРК) → МТРК-279 (МТРК) [sim 0.944] — AI-вердикт: CORRECT
2025-10-13 12:19:04 [INFO] Аналитик функций ГО: AI подтвердил связь КАЭНКМРМЭРК-108 (КАЭНКМРМЭРК) → МЭРК-197 (МЭРК) [sim 0.962] — AI-вердикт: CORRECT
2025-10-13 12:19:04 [INFO] Аналитик функций ГО: AI подтвердил связь КАТТКМТРК-95 (КАТТКМТРК) → МТРК-98 (МТРК) [sim 0.978] — AI-вердикт: CORRECT
2025-10-13 12:19:04 [INFO] Аналитик функций ГО: AI подтвердил связь КАЭНКМРМЭРК-111 (КАЭНКМРМЭРК) → МЭРК-248 (МЭРК) [sim 1.000] — AI-вердикт: CORRECT
2025-10-13 12:19:04 [INFO] Аналитик функций ГО: AI подтвердил связь КАТТКМТРК-77 (КАТТКМТРК) → МТРК-176 (МТРК) [sim 0.899] — AI-вердикт: CORRECT
2025-10-13 12:19:04 [INFO] Аналитик функций ГО: AI подтвердил связь КАТТКМТРК-64 (КАТТКМТРК) → МТРК-276 (МТРК) [sim 0.964] — AI-вердикт: CORRECT
2025-10-13 12:19:04 [INFO] Аналитик функций ГО: AI подтвердил связь КАЭНКМРМЭРК-21 (КАЭНКМРМЭРК) → МЭРК-256 (МЭРК) [sim 1.000] — AI-вердикт: CORRECT
2025-10-13 12:19:04 [INFO] Аналитик функций ГО: AI подтвердил связь КАЭНКМРМЭРК-109 (КАЭНКМРМЭРК) → МЭРК-198 (МЭРК) [sim 0.961] — AI-вердикт: CORRECT
2025-10-13 12:19:04 [INFO] Аналитик функций ГО: AI подтвердил связь КАЭНКМРМЭРК-116 (КАЭНКМРМЭРК) → МЭРК-201 (МЭРК) [sim 0.964] — AI-вердикт: CORRECT
2025-10-13 12:19:04 [INFO] Аналитик функций ГО: AI подтвердил связь КАЭНКМРМЭРК-104 (КАЭНКМРМЭРК) → МЭРК-195 (МЭРК) [sim 0.971] — AI-вердикт: CORRECT
2025-10-13 12:19:04 [INFO] Аналитик функций ГО: AI подтвердил связь КАТТКМТРК-80 (КАТТКМТРК) → МТРК-182 (МТРК) [sim 0.923] — AI-вердикт: CORRECT
2025-10-13 12:19:04 [INFO] Аналитик функций ГО: AI подтвердил связь КАТТКМТРК-62 (КАТТКМТРК) → МТРК-149 (МТРК) [sim 0.987] — AI-вердикт: CORRECT
2025-10-13 12:19:04 [INFO] Аналитик функций ГО: AI подтвердил связь КАЭНКМРМЭРК-114 (КАЭНКМРМЭРК) → МЭРК-249 (МЭРК) [sim 1.000] — AI-вердикт: CORRECT
2025-10-13 12:19:04 [INFO] Аналитик функций ГО: AI подтвердил связь КАТТКМТРК-74 (КАТТКМТРК) → МТРК-290 (МТРК) [sim 0.969] — AI-вердикт: CORRECT
2025-10-13 12:19:04 [INFO] Аналитик функций ГО: AI подтвердил связь КАТТКМТРК-78 (КАТТКМТРК) → МТРК-177 (МТРК) [sim 0.772] — AI-вердикт: CORRECT
2025-10-13 12:19:04 [INFO] Аналитик функций ГО: AI подтвердил связь КАТТКМТРК-58 (КАТТКМТРК) → МТРК-169 (МТРК) [sim 0.986] — AI-вердикт: CORRECT
2025-10-13 12:19:04 [INFO] Аналитик функций ГО: AI подтвердил связь КАЭНКМРМЭРК-113 (КАЭНКМРМЭРК) → МЭРК-200 (МЭРК) [sim 0.978] — AI-вердикт: CORRECT
2025-10-13 12:19:04 [INFO] Аналитик функций ГО: AI подтвердил связь КАЭНКМРМЭРК-10 (КАЭНКМРМЭРК) → МЭРК-300 (МЭРК) [sim 0.976] — AI-вердикт: CORRECT
2025-10-13 12:19:04 [INFO] Аналитик функций ГО: AI подтвердил связь КАЭНКМРМЭРК-106 (КАЭНКМРМЭРК) → МЭРК-247 (МЭРК) [sim 0.973] — AI-вердикт: CORRECT
2025-10-13 12:19:04 [INFO] Аналитик функций ГО: AI подтвердил связь КАТТКМТРК-9 (КАТТКМТРК) → МТРК-224 (МТРК) [sim 0.959] — AI-вердикт: CORRECT
2025-10-13 12:19:04 [INFO] Аналитик функций ГО: AI подтвердил связь КАТТКМТРК-88 (КАТТКМТРК) → МТРК-284 (МТРК) [sim 0.984] — AI-вердикт: CORRECT
2025-10-13 12:19:04 [INFO] Аналитик функций ГО: AI подтвердил связь КАТТКМТРК-54 (КАТТКМТРК) → МТРК-138 (МТРК) [sim 0.813] — AI-вердикт: CORRECT
2025-10-13 12:19:04 [INFO] Аналитик функций ГО: AI подтвердил связь КАЭНКМРМЭРК-118 (КАЭНКМРМЭРК) → МЭРК-251 (МЭРК) [sim 1.000] — AI-вердикт: CORRECT
2025-10-13 12:19:04 [INFO] Аналитик функций ГО: AI подтвердил связь КАТТКМТРК-94 (КАТТКМТРК) → МТРК-234 (МТРК) [sim 0.978] — AI-вердикт: CORRECT
2025-10-13 12:19:04 [INFO] Аналитик функций ГО: AI подтвердил связь КАТТКМТРК-39 (КАТТКМТРК) → МТРК-262 (МТРК) [sim 0.860] — AI-вердикт: CORRECT
2025-10-13 12:19:04 [INFO] Аналитик функций ГО: AI подтвердил связь КАТТКМТРК-99 (КАТТКМТРК) → МТРК-238 (МТРК) [sim 0.959] — AI-вердикт: CORRECT
2025-10-13 12:19:04 [INFO] Аналитик функций ГО: AI подтвердил связь КАЭНКМРМЭРК-103 (КАЭНКМРМЭРК) → МЭРК-194 (МЭРК) [sim 0.968] — AI-вердикт: CORRECT
2025-10-13 12:19:04 [INFO] Аналитик функций ГО: AI подтвердил связь КАЭНКМРМЭРК-100 (КАЭНКМРМЭРК) → МЭРК-244 (МЭРК) [sim 1.000] — AI-вердикт: CORRECT
2025-10-13 12:19:04 [INFO] Аналитик функций ГО: AI подтвердил связь КАЭНКМРМЭРК-123 (КАЭНКМРМЭРК) → МЭРК-252 (МЭРК) [sim 1.000] — AI-вердикт: CORRECT
2025-10-13 12:19:04 [INFO] Аналитик функций ГО: AI подтвердил связь КАТТКМТРК-93 (КАТТКМТРК) → МТРК-278 (МТРК) [sim 0.904] — AI-вердикт: CORRECT
2025-10-13 12:19:04 [INFO] Аналитик функций ГО: AI подтвердил связь КАТТКМТРК-79 (КАТТКМТРК) → МТРК-181 (МТРК) [sim 0.989] — AI-вердикт: CORRECT
2025-10-13 12:19:04 [INFO] Аналитик функций ГО: AI подтвердил связь КАЭНКМРМЭРК-107 (КАЭНКМРМЭРК) → МЭРК-196 (МЭРК) [sim 0.968] — AI-вердикт: CORRECT
2025-10-13 12:19:04 [INFO] Аналитик функций ГО: AI подтвердил связь КАЭНКМРМЭРК-40 (КАЭНКМРМЭРК) → МЭРК-417 (МЭРК) [sim 1.000] — AI-вердикт: CORRECT
2025-10-13 12:19:04 [INFO] Аналитик функций ГО: AI подтвердил связь КАЭНКМРМЭРК-22 (КАЭНКМРМЭРК) → МЭРК-15 (МЭРК) [sim 1.000] — AI-вердикт: CORRECT
2025-10-13 12:19:04 [INFO] Аналитик функций ГО: AI подтвердил связь КАЭНКМРМЭРК-36 (КАЭНКМРМЭРК) → МЭРК-407 (МЭРК) [sim 1.000] — AI-вердикт: CORRECT
2025-10-13 12:19:04 [INFO] Аналитик функций ГО: AI подтвердил связь КАЭНКМРМЭРК-27 (КАЭНКМРМЭРК) → МЭРК-401 (МЭРК) [sim 1.000] — AI-вердикт: CORRECT
2025-10-13 12:19:04 [INFO] Аналитик функций ГО: AI подтвердил связь КАЭНКМРМЭРК-120 (КАЭНКМРМЭРК) → МЭРК-204 (МЭРК) [sim 0.969] — AI-вердикт: CORRECT
2025-10-13 12:19:04 [INFO] Аналитик функций ГО: AI подтвердил связь КАТТКМТРК-97 (КАТТКМТРК) → МТРК-75 (МТРК) [sim 1.000] — AI-вердикт: CORRECT
2025-10-13 12:19:04 [INFO] Аналитик функций ГО: AI подтвердил связь КАЭНКМРМЭРК-124 (КАЭНКМРМЭРК) → МЭРК-488 (МЭРК) [sim 1.000] — AI-вердикт: CORRECT
2025-10-13 12:19:04 [INFO] Аналитик функций ГО: AI подтвердил связь КАЭНКМРМЭРК-19 (КАЭНКМРМЭРК) → МЭРК-254 (МЭРК) [sim 1.000] — AI-вердикт: CORRECT
2025-10-13 12:19:04 [INFO] Аналитик функций ГО: AI подтвердил связь КАТТКМТРК-89 (КАТТКМТРК) → МТРК-141 (МТРК) [sim 0.955] — AI-вердикт: CORRECT
2025-10-13 12:19:04 [INFO] Аналитик функций ГО: AI подтвердил связь КАЭНКМРМЭРК-121 (КАЭНКМРМЭРК) → МЭРК-206 (МЭРК) [sim 0.977] — AI-вердикт: CORRECT
2025-10-13 12:19:04 [INFO] Аналитик функций ГО: AI подтвердил связь КАЭНКМРМЭРК-28 (КАЭНКМРМЭРК) → МЭРК-402 (МЭРК) [sim 1.000] — AI-вердикт: CORRECT
2025-10-13 12:19:04 [INFO] Аналитик функций ГО: AI подтвердил связь КАЭНКМРМЭРК-29 (КАЭНКМРМЭРК) → МЭРК-403 (МЭРК) [sim 1.000] — AI-вердикт: CORRECT
2025-10-13 12:19:04 [INFO] Аналитик функций ГО: AI подтвердил связь КАЭНКМРМЭРК-117 (КАЭНКМРМЭРК) → МЭРК-202 (МЭРК) [sim 0.960] — AI-вердикт: CORRECT
2025-10-13 12:19:04 [INFO] Аналитик функций ГО: AI подтвердил связь КАЭНКМРМЭРК-14 (КАЭНКМРМЭРК) → МЭРК-289 (МЭРК) [sim 0.961] — AI-вердикт: CORRECT
2025-10-13 12:19:04 [INFO] Аналитик функций ГО: AI подтвердил связь КАЭНКМРМЭРК-35 (КАЭНКМРМЭРК) → МЭРК-406 (МЭРК) [sim 1.000] — AI-вердикт: CORRECT
2025-10-13 12:19:04 [INFO] Аналитик функций ГО: AI подтвердил связь КАЭНКМРМЭРК-110 (КАЭНКМРМЭРК) → МЭРК-199 (МЭРК) [sim 0.966] — AI-вердикт: CORRECT
2025-10-13 12:19:04 [INFO] Аналитик функций ГО: AI подтвердил связь КАЭНКМРМЭРК-17 (КАЭНКМРМЭРК) → МЭРК-275 (МЭРК) [sim 0.975] — AI-вердикт: CORRECT
2025-10-13 12:19:04 [INFO] Аналитик функций ГО: AI подтвердил связь КАЭНКМРМЭРК-16 (КАЭНКМРМЭРК) → МЭРК-341 (МЭРК) [sim 0.985] — AI-вердикт: CORRECT
2025-10-13 12:19:04 [INFO] Аналитик функций ГО: AI подтвердил связь КАЭНКМРМЭРК-119 (КАЭНКМРМЭРК) → МЭРК-203 (МЭРК) [sim 0.728] — AI-вердикт: CORRECT
2025-10-13 12:19:04 [INFO] Аналитик функций ГО: AI подтвердил связь КАЭНКМРМЭРК-129 (КАЭНКМРМЭРК) → МЭРК-610 (МЭРК) [sim 0.682] — AI-вердикт: CORRECT
2025-10-13 12:19:04 [INFO] Аналитик функций ГО: AI подтвердил связь КАЭНКМРМЭРК-18 (КАЭНКМРМЭРК) → МЭРК-292 (МЭРК) [sim 0.968] — AI-вердикт: CORRECT
2025-10-13 12:19:04 [INFO] Аналитик функций ГО: AI подтвердил связь КАЭНКМРМЭРК-46 (КАЭНКМРМЭРК) → МЭРК-501 (МЭРК) [sim 1.000] — AI-вердикт: CORRECT
2025-10-13 12:19:04 [INFO] Аналитик функций ГО: AI подтвердил связь КАЭНКМРМЭРК-3 (КАЭНКМРМЭРК) → МЭРК-22 (МЭРК) [sim 0.967] — AI-вердикт: CORRECT
2025-10-13 12:19:04 [INFO] Аналитик функций ГО: AI подтвердил связь КАЭНКМРМЭРК-33 (КАЭНКМРМЭРК) → МЭРК-409-3 (МЭРК) [sim 0.875] — AI-вердикт: CORRECT
2025-10-13 12:19:04 [INFO] Аналитик функций ГО: AI подтвердил связь КАЭНКМРМЭРК-26 (КАЭНКМРМЭРК) → МЭРК-28 (МЭРК) [sim 0.790] — AI-вердикт: CORRECT
2025-10-13 12:19:04 [INFO] Аналитик функций ГО: AI подтвердил связь КАТТКМТРК-92 (КАТТКМТРК) → МТРК-237 (МТРК) [sim 0.966] — AI-вердикт: CORRECT
2025-10-13 12:19:04 [INFO] Аналитик функций ГО: AI подтвердил связь КАЭНКМРМЭРК-11 (КАЭНКМРМЭРК) → МЭРК-314 (МЭРК) [sim 0.858] — AI-вердикт: CORRECT
2025-10-13 12:19:04 [INFO] Аналитик функций ГО: AI подтвердил связь КАЭНКМРМЭРК-63 (КАЭНКМРМЭРК) → МЭРК-210 (МЭРК) [sim 1.000] — AI-вердикт: CORRECT
2025-10-13 12:19:04 [INFO] Аналитик функций ГО: AI подтвердил связь КАЭНКМРМЭРК-56 (КАЭНКМРМЭРК) → МЭРК-496 (МЭРК) [sim 1.000] — AI-вердикт: CORRECT
2025-10-13 12:19:04 [INFO] Аналитик функций ГО: AI подтвердил связь КАЭНКМРМЭРК-37 (КАЭНКМРМЭРК) → МЭРК-408 (МЭРК) [sim 1.000] — AI-вердикт: CORRECT
2025-10-13 12:19:04 [INFO] Аналитик функций ГО: AI подтвердил связь КАЭНКМРМЭРК-45 (КАЭНКМРМЭРК) → МЭРК-497 (МЭРК) [sim 1.000] — AI-вердикт: CORRECT
2025-10-13 12:19:04 [INFO] Аналитик функций ГО: AI подтвердил связь КАЭНКМРМЭРК-53 (КАЭНКМРМЭРК) → МЭРК-506 (МЭРК) [sim 1.000] — AI-вердикт: CORRECT
2025-10-13 12:19:04 [INFO] Аналитик функций ГО: AI подтвердил связь КАЭНКМРМЭРК-43 (КАЭНКМРМЭРК) → МЭРК-422 (МЭРК) [sim 1.000] — AI-вердикт: CORRECT
2025-10-13 12:19:04 [INFO] Аналитик функций ГО: AI подтвердил связь КАЭНКМРМЭРК-20 (КАЭНКМРМЭРК) → МЭРК-255 (МЭРК) [sim 0.996] — AI-вердикт: CORRECT
2025-10-13 12:19:04 [INFO] Аналитик функций ГО: AI подтвердил связь КАЭНКМРМЭРК-71 (КАЭНКМРМЭРК) → МЭРК-216 (МЭРК) [sim 1.000] — AI-вердикт: CORRECT
2025-10-13 12:19:04 [INFO] Аналитик функций ГО: AI подтвердил связь КАЭНКМРМЭРК-54 (КАЭНКМРМЭРК) → МЭРК-507 (МЭРК) [sim 1.000] — AI-вердикт: CORRECT
2025-10-13 12:19:04 [INFO] Аналитик функций ГО: AI подтвердил связь КАЭНКМРМЭРК-12 (КАЭНКМРМЭРК) → МЭРК-340 (МЭРК) [sim 0.988] — AI-вердикт: CORRECT
2025-10-13 12:19:04 [INFO] Аналитик функций ГО: AI подтвердил связь КАЭНКМРМЭРК-41 (КАЭНКМРМЭРК) → МЭРК-419 (МЭРК) [sim 1.000] — AI-вердикт: CORRECT
2025-10-13 12:19:04 [INFO] Аналитик функций ГО: AI подтвердил связь КАЭНКМРМЭРК-74 (КАЭНКМРМЭРК) → МЭРК-219 (МЭРК) [sim 1.000] — AI-вердикт: CORRECT
2025-10-13 12:19:04 [INFO] Аналитик функций ГО: AI подтвердил связь КАЭНКМРМЭРК-15 (КАЭНКМРМЭРК) → МЭРК-312 (МЭРК) [sim 0.977] — AI-вердикт: CORRECT
2025-10-13 12:19:04 [INFO] Аналитик функций ГО: AI подтвердил связь КАЭНКМРМЭРК-51 (КАЭНКМРМЭРК) → МЭРК-504 (МЭРК) [sim 1.000] — AI-вердикт: CORRECT
2025-10-13 12:19:04 [INFO] Аналитик функций ГО: AI подтвердил связь КАЭНКМРМЭРК-32 (КАЭНКМРМЭРК) → МЭРК-405 (МЭРК) [sim 0.961] — AI-вердикт: CORRECT
2025-10-13 12:19:04 [INFO] Аналитик функций ГО: AI подтвердил связь КАТТКМТРК-84 (КАТТКМТРК) → МТРК-168 (МТРК) [sim 0.785] — AI-вердикт: CORRECT
2025-10-13 12:19:04 [INFO] Аналитик функций ГО: AI подтвердил связь КАЭНКМРМЭРК-62 (КАЭНКМРМЭРК) → МЭРК-209 (МЭРК) [sim 1.000] — AI-вердикт: CORRECT
2025-10-13 12:19:04 [INFO] Аналитик функций ГО: AI подтвердил связь КАЭНКМРМЭРК-59 (КАЭНКМРМЭРК) → МЭРК-508 (МЭРК) [sim 1.000] — AI-вердикт: CORRECT
2025-10-13 12:19:04 [INFO] Аналитик функций ГО: AI подтвердил связь КАЭНКМРМЭРК-42 (КАЭНКМРМЭРК) → МЭРК-421 (МЭРК) [sim 1.000] — AI-вердикт: CORRECT
2025-10-13 12:19:04 [INFO] Аналитик функций ГО: AI подтвердил связь КАЭНКМРМЭРК-92 (КАЭНКМРМЭРК) → МЭРК-236 (МЭРК) [sim 1.000] — AI-вердикт: CORRECT
2025-10-13 12:19:04 [INFO] Аналитик функций ГО: AI подтвердил связь КАЭНКМРМЭРК-81 (КАЭНКМРМЭРК) → МЭРК-225 (МЭРК) [sim 1.000] — AI-вердикт: CORRECT
2025-10-13 12:19:04 [INFO] Аналитик функций ГО: AI подтвердил связь КАЭНКМРМЭРК-70 (КАЭНКМРМЭРК) → МЭРК-215 (МЭРК) [sim 1.000] — AI-вердикт: CORRECT
2025-10-13 12:19:04 [INFO] Аналитик функций ГО: AI подтвердил связь КАЭНКМРМЭРК-34 (КАЭНКМРМЭРК) → МЭРК-409-4 (МЭРК) [sim 0.891] — AI-вердикт: CORRECT
2025-10-13 12:19:04 [INFO] Аналитик функций ГО: AI подтвердил связь КАЭНКМРМЭРК-82 (КАЭНКМРМЭРК) → МЭРК-226 (МЭРК) [sim 1.000] — AI-вердикт: CORRECT
2025-10-13 12:19:04 [INFO] Аналитик функций ГО: AI подтвердил связь КАЭНКМРМЭРК-69 (КАЭНКМРМЭРК) → МЭРК-214 (МЭРК) [sim 1.000] — AI-вердикт: CORRECT
2025-10-13 12:19:04 [INFO] Аналитик функций ГО: AI подтвердил связь КАЭНКМРМЭРК-77 (КАЭНКМРМЭРК) → МЭРК-222 (МЭРК) [sim 1.000] — AI-вердикт: CORRECT
2025-10-13 12:19:04 [INFO] Аналитик функций ГО: AI подтвердил связь КАЭНКМРМЭРК-47 (КАЭНКМРМЭРК) → МЭРК-502 (МЭРК) [sim 1.000] — AI-вердикт: CORRECT
2025-10-13 12:19:04 [INFO] Аналитик функций ГО: AI подтвердил связь КАЭНКМРМЭРК-31 (КАЭНКМРМЭРК) → МЭРК-409-2 (МЭРК) [sim 0.869] — AI-вердикт: CORRECT
2025-10-13 12:19:04 [INFO] Аналитик функций ГО: AI подтвердил связь КАЭНКМРМЭРК-52 (КАЭНКМРМЭРК) → МЭРК-505 (МЭРК) [sim 0.874] — AI-вердикт: CORRECT
2025-10-13 12:19:04 [INFO] Аналитик функций ГО: AI подтвердил связь КАЭНКМРМЭРК-130-1 (КАЭНКМРМЭРК) → МЭРК-15 (МЭРК) [sim 0.600] — AI-вердикт: CORRECT
2025-10-13 12:19:04 [INFO] Аналитик функций ГО: AI подтвердил связь КАЭНКМРМЭРК-23 (КАЭНКМРМЭРК) → МЭРК-16 (МЭРК) [sim 0.866] — AI-вердикт: CORRECT
2025-10-13 12:19:04 [INFO] Аналитик функций ГО: AI подтвердил связь КАЭНКМРМЭРК-66 (КАЭНКМРМЭРК) → МЭРК-211 (МЭРК) [sim 1.000] — AI-вердикт: CORRECT
2025-10-13 12:19:04 [INFO] Аналитик функций ГО: AI подтвердил связь КАЭНКМРМЭРК-55 (КАЭНКМРМЭРК) → МЭРК-495 (МЭРК) [sim 1.000] — AI-вердикт: CORRECT
2025-10-13 12:19:04 [INFO] Аналитик функций ГО: AI подтвердил связь КАЭНКМРМЭРК-68 (КАЭНКМРМЭРК) → МЭРК-213 (МЭРК) [sim 1.000] — AI-вердикт: CORRECT
2025-10-13 12:19:04 [INFO] Аналитик функций ГО: AI подтвердил связь КАЭНКМРМЭРК-130 (КАЭНКМРМЭРК) → МЭРК-15 (МЭРК) [sim 0.600] — AI-вердикт: CORRECT
2025-10-13 12:19:04 [INFO] Аналитик функций ГО: AI подтвердил связь КАЭНКМРМЭРК-60 (КАЭНКМРМЭРК) → МЭРК-207 (МЭРК) [sim 0.994] — AI-вердикт: CORRECT
2025-10-13 12:19:04 [INFO] Аналитик функций ГО: AI подтвердил связь КАЭНКМРМЭРК-76 (КАЭНКМРМЭРК) → МЭРК-221 (МЭРК) [sim 1.000] — AI-вердикт: CORRECT
2025-10-13 12:19:04 [INFO] Аналитик функций ГО: AI подтвердил связь КАЭНКМРМЭРК-85 (КАЭНКМРМЭРК) → МЭРК-229 (МЭРК) [sim 1.000] — AI-вердикт: CORRECT
2025-10-13 12:19:04 [INFO] Аналитик функций ГО: AI подтвердил связь КАЭНКМРМЭРК-88 (КАЭНКМРМЭРК) → МЭРК-232 (МЭРК) [sim 1.000] — AI-вердикт: CORRECT
2025-10-13 12:19:04 [INFO] Аналитик функций ГО: AI подтвердил связь КАЭНКМРМЭРК-87 (КАЭНКМРМЭРК) → МЭРК-231 (МЭРК) [sim 1.000] — AI-вердикт: CORRECT
2025-10-13 12:19:04 [INFO] Аналитик функций ГО: AI подтвердил связь КАЭНКМРМЭРК-6 (КАЭНКМРМЭРК) → МЭРК-305 (МЭРК) [sim 0.988] — AI-вердикт: CORRECT
2025-10-13 12:19:04 [INFO] Аналитик функций ГО: AI подтвердил связь КАЭНКМРМЭРК-84 (КАЭНКМРМЭРК) → МЭРК-228 (МЭРК) [sim 1.000] — AI-вердикт: CORRECT
2025-10-13 12:19:04 [INFO] Аналитик функций ГО: AI подтвердил связь КАЭНКМРМЭРК-73 (КАЭНКМРМЭРК) → МЭРК-218 (МЭРК) [sim 1.000] — AI-вердикт: CORRECT
2025-10-13 12:19:04 [INFO] Аналитик функций ГО: AI подтвердил связь КАЭНКМРМЭРК-5 (КАЭНКМРМЭРК) → МЭРК-301 (МЭРК) [sim 0.965] — AI-вердикт: CORRECT
2025-10-13 12:19:04 [INFO] Аналитик функций ГО: AI подтвердил связь КАЭНКМРМЭРК-89 (КАЭНКМРМЭРК) → МЭРК-233 (МЭРК) [sim 1.000] — AI-вердикт: CORRECT
2025-10-13 12:19:04 [INFO] Аналитик функций ГО: AI подтвердил связь КАЭНКМРМЭРК-78 (КАЭНКМРМЭРК) → МЭРК-223 (МЭРК) [sim 1.000] — AI-вердикт: CORRECT
2025-10-13 12:19:04 [INFO] Аналитик функций ГО: AI подтвердил связь КАЭНКМРМЭРК-93 (КАЭНКМРМЭРК) → МЭРК-237 (МЭРК) [sim 1.000] — AI-вердикт: CORRECT
2025-10-13 12:19:04 [INFO] Аналитик функций ГО: AI подтвердил связь КАЭНКМРМЭРК-79 (КАЭНКМРМЭРК) → МЭРК-224 (МЭРК) [sim 1.000] — AI-вердикт: CORRECT
2025-10-13 12:19:04 [INFO] Аналитик функций ГО: AI подтвердил связь КАЭНКМРМЭРК-75 (КАЭНКМРМЭРК) → МЭРК-220 (МЭРК) [sim 1.000] — AI-вердикт: CORRECT
2025-10-13 12:19:04 [INFO] Аналитик функций ГО: AI подтвердил связь КАЭНКМРМЭРК-25 (КАЭНКМРМЭРК) → МЭРК-27 (МЭРК) [sim 0.898] — AI-вердикт: CORRECT
2025-10-13 12:19:04 [INFO] Аналитик функций ГО: AI подтвердил связь КАЭНКМРМЭРК-72 (КАЭНКМРМЭРК) → МЭРК-217 (МЭРК) [sim 1.000] — AI-вердикт: CORRECT
2025-10-13 12:19:04 [INFO] Аналитик функций ГО: AI подтвердил связь КАЭНКМРМЭРК-96 (КАЭНКМРМЭРК) → МЭРК-240 (МЭРК) [sim 1.000] — AI-вердикт: CORRECT
2025-10-13 12:19:04 [INFO] Аналитик функций ГО: AI подтвердил связь КАЭНКМРМЭРК-95 (КАЭНКМРМЭРК) → МЭРК-239 (МЭРК) [sim 1.000] — AI-вердикт: CORRECT
2025-10-13 12:19:04 [INFO] Аналитик функций ГО: AI подтвердил связь КАЭНКМРМЭРК-83 (КАЭНКМРМЭРК) → МЭРК-227 (МЭРК) [sim 1.000] — AI-вердикт: CORRECT
2025-10-13 12:19:04 [INFO] Аналитик функций ГО: AI подтвердил связь КАЭНКМРМЭРК-44 (КАЭНКМРМЭРК) → МЭРК-423 (МЭРК) [sim 1.000] — AI-вердикт: CORRECT
2025-10-13 12:19:04 [INFO] Аналитик функций ГО: AI подтвердил связь КАЭНКМРМЭРК-9 (КАЭНКМРМЭРК) → МЭРК-281 (МЭРК) [sim 0.968] — AI-вердикт: CORRECT
2025-10-13 12:19:04 [INFO] Аналитик функций ГО: AI подтвердил связь КАЭНКМРМЭРК-38-2 (КАЭНКМРМЭРК) → МЭРК-409-1 (МЭРК) [sim 0.896] — AI-вердикт: CORRECT
2025-10-13 12:19:04 [INFO] Аналитик функций ГО: AI подтвердил связь КАЭНКМРМЭРК-58 (КАЭНКМРМЭРК) → МЭРК-203 (МЭРК) [sim 0.953] — AI-вердикт: CORRECT
2025-10-13 12:19:04 [INFO] Аналитик функций ГО: AI подтвердил связь КАЭНКМРМЭРК-91 (КАЭНКМРМЭРК) → МЭРК-235 (МЭРК) [sim 1.000] — AI-вердикт: CORRECT
2025-10-13 12:19:04 [INFO] Аналитик функций ГО: AI подтвердил связь КАЭНКМРМЭРК-7 (КАЭНКМРМЭРК) → МЭРК-274 (МЭРК) [sim 0.912] — AI-вердикт: CORRECT
2025-10-13 12:19:04 [INFO] Аналитик функций ГО: AI подтвердил связь КАЭНКМРМЭРК-90 (КАЭНКМРМЭРК) → МЭРК-234 (МЭРК) [sim 1.000] — AI-вердикт: CORRECT
2025-10-13 12:19:04 [INFO] Аналитик функций ГО: AI подтвердил связь КАЭНКМРМЭРК-99 (КАЭНКМРМЭРК) → МЭРК-243 (МЭРК) [sim 1.000] — AI-вердикт: CORRECT
2025-10-13 12:19:04 [INFO] Аналитик функций ГО: AI подтвердил связь КАЭНКМРМЭРК-98 (КАЭНКМРМЭРК) → МЭРК-242 (МЭРК) [sim 1.000] — AI-вердикт: CORRECT
2025-10-13 12:19:04 [INFO] Аналитик функций ГО: AI подтвердил связь КАЭНКМРМЭРК-94 (КАЭНКМРМЭРК) → МЭРК-238 (МЭРК) [sim 1.000] — AI-вердикт: CORRECT
2025-10-13 12:19:04 [INFO] Аналитик функций ГО: AI подтвердил связь КВГАМФРК-12 (КВГАМФРК) → МФРК-85 (МФРК) [sim 0.890] — AI-вердикт: CORRECT
2025-10-13 12:19:04 [INFO] Аналитик функций ГО: AI подтвердил связь КАЭНКМРМЭРК-97 (КАЭНКМРМЭРК) → МЭРК-241 (МЭРК) [sim 1.000] — AI-вердикт: CORRECT
2025-10-13 12:19:04 [INFO] Аналитик функций ГО: AI подтвердил связь КВГАМФРК-19-1 (КВГАМФРК) → МФРК-633-1 (МФРК) [sim 0.975] — AI-вердикт: CORRECT
2025-10-13 12:19:04 [INFO] Аналитик функций ГО: AI подтвердил связь КАЭНКМРМЭРК-48 (КАЭНКМРМЭРК) → МЭРК-503 (МЭРК) [sim 0.743] — AI-вердикт: CORRECT
2025-10-13 12:19:04 [INFO] Аналитик функций ГО: AI подтвердил связь КВГАМФРК-21 (КВГАМФРК) → МФРК-619 (МФРК) [sim 0.993] — AI-вердикт: CORRECT
2025-10-13 12:19:04 [INFO] Аналитик функций ГО: AI подтвердил связь КАТТКМТРК-63 (КАТТКМТРК) → МТРК-150 (МТРК) [sim 0.988] — AI-вердикт: CORRECT
2025-10-13 12:19:04 [INFO] Аналитик функций ГО: AI подтвердил связь КВГАМФРК-11 (КВГАМФРК) → МФРК-617 (МФРК) [sim 0.983] — AI-вердикт: CORRECT
2025-10-13 12:19:04 [INFO] Аналитик функций ГО: AI подтвердил связь КВГАМФРК-19-2 (КВГАМФРК) → МФРК-633-2 (МФРК) [sim 0.982] — AI-вердикт: CORRECT
2025-10-13 12:19:04 [INFO] Аналитик функций ГО: AI подтвердил связь КВГАМФРК-2 (КВГАМФРК) → МФРК-639 (МФРК) [sim 0.977] — AI-вердикт: CORRECT
2025-10-13 12:19:04 [INFO] Аналитик функций ГО: AI подтвердил связь КВГАМФРК-10 (КВГАМФРК) → МФРК-616 (МФРК) [sim 0.982] — AI-вердикт: CORRECT
2025-10-13 12:19:04 [INFO] Аналитик функций ГО: AI подтвердил связь КВГАМФРК-24 (КВГАМФРК) → МФРК-625 (МФРК) [sim 0.982] — AI-вердикт: CORRECT
2025-10-13 12:19:04 [INFO] Аналитик функций ГО: AI подтвердил связь КАЭНКМРМЭРК-67 (КАЭНКМРМЭРК) → МЭРК-212 (МЭРК) [sim 0.999] — AI-вердикт: CORRECT
2025-10-13 12:19:04 [INFO] Аналитик функций ГО: AI подтвердил связь КАТТКМТРК-46 (КАТТКМТРК) → МТРК-271 (МТРК) [sim 0.987] — AI-вердикт: CORRECT
2025-10-13 12:19:04 [INFO] Аналитик функций ГО: AI подтвердил связь КАЭНКМРМЭРК-30 (КАЭНКМРМЭРК) → МЭРК-404 (МЭРК) [sim 0.980] — AI-вердикт: CORRECT
2025-10-13 12:19:04 [INFO] Аналитик функций ГО: AI подтвердил связь КВГАМФРК-31 (КВГАМФРК) → МФРК-641 (МФРК) [sim 0.892] — AI-вердикт: CORRECT
2025-10-13 12:19:04 [INFO] Аналитик функций ГО: AI подтвердил связь КВГАМФРК-38 (КВГАМФРК) → МФРК-645 (МФРК) [sim 0.987] — AI-вердикт: CORRECT
2025-10-13 12:19:04 [INFO] Аналитик функций ГО: AI подтвердил связь КАЭНКМРМЭРК-86 (КАЭНКМРМЭРК) → МЭРК-230 (МЭРК) [sim 1.000] — AI-вердикт: CORRECT
2025-10-13 12:19:04 [INFO] Аналитик функций ГО: AI подтвердил связь КВГАМФРК-35 (КВГАМФРК) → МФРК-642 (МФРК) [sim 0.984] — AI-вердикт: CORRECT
2025-10-13 12:19:04 [INFO] Аналитик функций ГО: AI подтвердил связь КВГАМФРК-15 (КВГАМФРК) → МФРК-82 (МФРК) [sim 0.958] — AI-вердикт: CORRECT
2025-10-13 12:19:04 [INFO] Аналитик функций ГО: AI подтвердил связь КВГАМФРК-28 (КВГАМФРК) → МФРК-669 (МФРК) [sim 0.985] — AI-вердикт: CORRECT
2025-10-13 12:19:04 [INFO] Аналитик функций ГО: AI подтвердил связь КВГАМФРК-34 (КВГАМФРК) → МФРК-640 (МФРК) [sim 0.995] — AI-вердикт: CORRECT
2025-10-13 12:19:04 [INFO] Аналитик функций ГО: AI подтвердил связь КВГАМФРК-22 (КВГАМФРК) → МФРК-626 (МФРК) [sim 0.974] — AI-вердикт: CORRECT
2025-10-13 12:19:04 [INFO] Аналитик функций ГО: AI подтвердил связь КВКНМСХРК-103 (КВКНМСХРК) → МСХРК-415 (МСХРК) [sim 1.000] — AI-вердикт: CORRECT
2025-10-13 12:19:04 [INFO] Аналитик функций ГО: AI подтвердил связь КВКНМСХРК-105 (КВКНМСХРК) → МСХРК-417 (МСХРК) [sim 1.000] — AI-вердикт: CORRECT
2025-10-13 12:19:04 [INFO] Аналитик функций ГО: AI подтвердил связь КВГАМФРК-45 (КВГАМФРК) → МФРК-91 (МФРК) [sim 0.891] — AI-вердикт: CORRECT
2025-10-13 12:19:04 [INFO] Аналитик функций ГО: AI подтвердил связь КВКНМСХРК-107 (КВКНМСХРК) → МСХРК-420 (МСХРК) [sim 1.000] — AI-вердикт: CORRECT
2025-10-13 12:19:04 [INFO] Аналитик функций ГО: AI подтвердил связь КВКНМСХРК-115 (КВКНМСХРК) → МСХРК-433 (МСХРК) [sim 1.000] — AI-вердикт: CORRECT
2025-10-13 12:19:04 [INFO] Аналитик функций ГО: AI подтвердил связь КАЭНКМРМЭРК-49 (КАЭНКМРМЭРК) → МЭРК-191 (МЭРК) [sim 0.879] — AI-вердикт: CORRECT
2025-10-13 12:19:04 [INFO] Аналитик функций ГО: AI подтвердил связь КВКНМСХРК-101 (КВКНМСХРК) → МСХРК-413 (МСХРК) [sim 1.000] — AI-вердикт: CORRECT
2025-10-13 12:19:04 [INFO] Аналитик функций ГО: AI подтвердил связь КВКНМСХРК-109 (КВКНМСХРК) → МСХРК-422 (МСХРК) [sim 1.000] — AI-вердикт: CORRECT
2025-10-13 12:19:04 [INFO] Аналитик функций ГО: AI подтвердил связь КВГАМФРК-14 (КВГАМФРК) → МФРК-171 (МФРК) [sim 0.843] — AI-вердикт: CORRECT
2025-10-13 12:19:04 [INFO] Аналитик функций ГО: AI подтвердил связь КВГАМФРК-8-7 (КВГАМФРК) → МФРК-630-6 (МФРК) [sim 0.997] — AI-вердикт: CORRECT
2025-10-13 12:19:04 [INFO] Аналитик функций ГО: AI подтвердил связь КВКНМСХРК-100 (КВКНМСХРК) → МСХРК-412 (МСХРК) [sim 1.000] — AI-вердикт: CORRECT
2025-10-13 12:19:04 [INFO] Аналитик функций ГО: AI подтвердил связь КВКНМСХРК-116 (КВКНМСХРК) → МСХРК-434 (МСХРК) [sim 1.000] — AI-вердикт: CORRECT
2025-10-13 12:19:04 [INFO] Аналитик функций ГО: AI подтвердил связь КВКНМСХРК-10 (КВКНМСХРК) → МСХРК-130 (МСХРК) [sim 1.000] — AI-вердикт: CORRECT
2025-10-13 12:19:04 [INFO] Аналитик функций ГО: AI подтвердил связь КВГАМФРК-37 (КВГАМФРК) → МФРК-656 (МФРК) [sim 0.985] — AI-вердикт: CORRECT
2025-10-13 12:19:04 [INFO] Аналитик функций ГО: AI подтвердил связь КВКНМСХРК-124 (КВКНМСХРК) → МСХРК-466 (МСХРК) [sim 1.000] — AI-вердикт: CORRECT
2025-10-13 12:19:04 [INFO] Аналитик функций ГО: AI подтвердил связь КВКНМСХРК-122 (КВКНМСХРК) → МСХРК-462 (МСХРК) [sim 1.000] — AI-вердикт: CORRECT
2025-10-13 12:19:04 [INFO] Аналитик функций ГО: AI подтвердил связь КВГАМФРК-44 (КВГАМФРК) → МФРК-42 (МФРК) [sim 0.970] — AI-вердикт: CORRECT
2025-10-13 12:19:04 [INFO] Аналитик функций ГО: AI подтвердил связь КВКНМСХРК-126 (КВКНМСХРК) → МСХРК-469 (МСХРК) [sim 1.000] — AI-вердикт: CORRECT
2025-10-13 12:19:04 [INFO] Аналитик функций ГО: AI подтвердил связь КВГАМФРК-8-6 (КВГАМФРК) → МФРК-630-5 (МФРК) [sim 0.997] — AI-вердикт: CORRECT
2025-10-13 12:19:04 [INFO] Аналитик функций ГО: AI подтвердил связь КВГАМФРК-46 (КВГАМФРК) → МФРК-92 (МФРК) [sim 1.000] — AI-вердикт: CORRECT
2025-10-13 12:19:04 [INFO] Аналитик функций ГО: AI подтвердил связь КВКНМСХРК-106 (КВКНМСХРК) → МСХРК-418 (МСХРК) [sim 1.000] — AI-вердикт: CORRECT
2025-10-13 12:19:04 [INFO] Аналитик функций ГО: AI подтвердил связь КАЭНКМРМЭРК-2 (КАЭНКМРМЭРК) → МЭРК-1 (МЭРК) [sim 0.791] — AI-вердикт: CORRECT
2025-10-13 12:19:04 [INFO] Аналитик функций ГО: AI подтвердил связь КВГАМФРК-39 (КВГАМФРК) → МФРК-647 (МФРК) [sim 0.980] — AI-вердикт: CORRECT
2025-10-13 12:19:04 [INFO] Аналитик функций ГО: AI подтвердил связь КВГАМФРК-4 (КВГАМФРК) → МФРК-621 (МФРК) [sim 0.788] — AI-вердикт: CORRECT
2025-10-13 12:19:04 [INFO] Аналитик функций ГО: AI подтвердил связь КВКНМСХРК-135 (КВКНМСХРК) → МСХРК-515 (МСХРК) [sim 1.000] — AI-вердикт: CORRECT
2025-10-13 12:19:04 [INFO] Аналитик функций ГО: AI подтвердил связь КВКНМСХРК-108 (КВКНМСХРК) → МСХРК-421 (МСХРК) [sim 1.000] — AI-вердикт: CORRECT
2025-10-13 12:19:04 [INFO] Аналитик функций ГО: AI подтвердил связь КВГАМФРК-48 (КВГАМФРК) → МФРК-139 (МФРК) [sim 0.905] — AI-вердикт: CORRECT
2025-10-13 12:19:04 [INFO] Аналитик функций ГО: AI подтвердил связь КВКНМСХРК-114 (КВКНМСХРК) → МСХРК-428 (МСХРК) [sim 1.000] — AI-вердикт: CORRECT
2025-10-13 12:19:04 [INFO] Аналитик функций ГО: AI подтвердил связь КВКНМСХРК-102 (КВКНМСХРК) → МСХРК-414 (МСХРК) [sim 0.919] — AI-вердикт: CORRECT
2025-10-13 12:19:04 [INFO] Аналитик функций ГО: AI подтвердил связь КВКНМСХРК-127 (КВКНМСХРК) → МСХРК-470 (МСХРК) [sim 1.000] — AI-вердикт: CORRECT
2025-10-13 12:19:04 [INFO] Аналитик функций ГО: AI подтвердил связь КВКНМСХРК-129 (КВКНМСХРК) → МСХРК-491 (МСХРК) [sim 1.000] — AI-вердикт: CORRECT
2025-10-13 12:19:04 [INFO] Аналитик функций ГО: AI подтвердил связь КВГАМФРК-8-3 (КВГАМФРК) → МФРК-630-2 (МФРК) [sim 0.986] — AI-вердикт: CORRECT
2025-10-13 12:19:04 [INFO] Аналитик функций ГО: AI подтвердил связь КВКНМСХРК-130 (КВКНМСХРК) → МСХРК-495 (МСХРК) [sim 1.000] — AI-вердикт: CORRECT
2025-10-13 12:19:04 [INFO] Аналитик функций ГО: AI подтвердил связь КВКНМСХРК-121 (КВКНМСХРК) → МСХРК-461 (МСХРК) [sim 1.000] — AI-вердикт: CORRECT
2025-10-13 12:19:04 [INFO] Аналитик функций ГО: AI подтвердил связь КВГАМФРК-8-8 (КВГАМФРК) → МФРК-630-7 (МФРК) [sim 0.996] — AI-вердикт: CORRECT
2025-10-13 12:19:04 [INFO] Аналитик функций ГО: AI подтвердил связь КВКНМСХРК-12 (КВКНМСХРК) → МСХРК-132 (МСХРК) [sim 0.988] — AI-вердикт: CORRECT
2025-10-13 12:19:04 [INFO] Аналитик функций ГО: AI подтвердил связь КВКНМСХРК-14 (КВКНМСХРК) → МСХРК-134 (МСХРК) [sim 1.000] — AI-вердикт: CORRECT
2025-10-13 12:19:04 [INFO] Аналитик функций ГО: AI подтвердил связь КВКНМСХРК-113 (КВКНМСХРК) → МСХРК-427 (МСХРК) [sim 1.000] — AI-вердикт: CORRECT
2025-10-13 12:19:04 [INFO] Аналитик функций ГО: AI подтвердил связь КВКНМСХРК-125 (КВКНМСХРК) → МСХРК-467 (МСХРК) [sim 1.000] — AI-вердикт: CORRECT
2025-10-13 12:19:04 [INFO] Аналитик функций ГО: AI подтвердил связь КВКНМСХРК-134 (КВКНМСХРК) → МСХРК-514 (МСХРК) [sim 1.000] — AI-вердикт: CORRECT
2025-10-13 12:19:04 [INFO] Аналитик функций ГО: AI подтвердил связь КВКНМСХРК-132 (КВКНМСХРК) → МСХРК-512 (МСХРК) [sim 1.000] — AI-вердикт: CORRECT
2025-10-13 12:19:04 [INFO] Аналитик функций ГО: AI подтвердил связь КВКНМСХРК-139 (КВКНМСХРК) → МСХРК-551 (МСХРК) [sim 1.000] — AI-вердикт: CORRECT
2025-10-13 12:19:04 [INFO] Аналитик функций ГО: AI подтвердил связь КВКНМСХРК-112 (КВКНМСХРК) → МСХРК-426 (МСХРК) [sim 1.000] — AI-вердикт: CORRECT
2025-10-13 12:19:04 [INFO] Аналитик функций ГО: AI подтвердил связь КВГАМФРК-47 (КВГАМФРК) → МФРК-109 (МФРК) [sim 0.948] — AI-вердикт: CORRECT
2025-10-13 12:19:04 [INFO] Аналитик функций ГО: AI подтвердил связь КВКНМСХРК-133 (КВКНМСХРК) → МСХРК-513 (МСХРК) [sim 1.000] — AI-вердикт: CORRECT
2025-10-13 12:19:04 [INFO] Аналитик функций ГО: AI подтвердил связь КВКНМСХРК-144 (КВКНМСХРК) → МСХРК-387 (МСХРК) [sim 1.000] — AI-вердикт: CORRECT
2025-10-13 12:19:04 [INFO] Аналитик функций ГО: AI подтвердил связь КВКНМСХРК-128 (КВКНМСХРК) → МСХРК-471 (МСХРК) [sim 1.000] — AI-вердикт: CORRECT
2025-10-13 12:19:04 [INFO] Аналитик функций ГО: AI подтвердил связь КВКНМСХРК-140 (КВКНМСХРК) → МСХРК-389 (МСХРК) [sim 1.000] — AI-вердикт: CORRECT
2025-10-13 12:19:04 [INFO] Аналитик функций ГО: AI подтвердил связь КВКНМСХРК-13 (КВКНМСХРК) → МСХРК-133 (МСХРК) [sim 0.972] — AI-вердикт: CORRECT
2025-10-13 12:19:04 [INFO] Аналитик функций ГО: AI подтвердил связь КВКНМСХРК-20 (КВКНМСХРК) → МСХРК-140 (МСХРК) [sim 1.000] — AI-вердикт: CORRECT
2025-10-13 12:19:04 [INFO] Аналитик функций ГО: AI подтвердил связь КВКНМСХРК-138 (КВКНМСХРК) → МСХРК-550 (МСХРК) [sim 1.000] — AI-вердикт: CORRECT
2025-10-13 12:19:04 [INFO] Аналитик функций ГО: AI подтвердил связь КВГАМФРК-8-4 (КВГАМФРК) → МФРК-630-3 (МФРК) [sim 0.993] — AI-вердикт: CORRECT
2025-10-13 12:19:04 [INFO] Аналитик функций ГО: AI подтвердил связь КВГАМФРК-40 (КВГАМФРК) → МФРК-630-6 (МФРК) [sim 0.714] — AI-вердикт: CORRECT
2025-10-13 12:19:04 [INFO] Аналитик функций ГО: AI подтвердил связь КВКНМСХРК-111 (КВКНМСХРК) → МСХРК-424 (МСХРК) [sim 1.000] — AI-вердикт: CORRECT
2025-10-13 12:19:04 [INFO] Аналитик функций ГО: AI подтвердил связь КВКНМСХРК-120 (КВКНМСХРК) → МСХРК-460 (МСХРК) [sim 1.000] — AI-вердикт: CORRECT
2025-10-13 12:19:04 [INFO] Аналитик функций ГО: AI подтвердил связь КВГАМФРК-8-1 (КВГАМФРК) → МФРК-630-1 (МФРК) [sim 0.997] — AI-вердикт: CORRECT
2025-10-13 12:19:04 [INFO] Аналитик функций ГО: AI подтвердил связь КВГАМФРК-49 (КВГАМФРК) → МФРК-150 (МФРК) [sim 0.954] — AI-вердикт: CORRECT
2025-10-13 12:19:04 [INFO] Аналитик функций ГО: AI подтвердил связь КВГАМФРК-50 (КВГАМФРК) → МФРК-1078 (МФРК) [sim 0.779] — AI-вердикт: CORRECT
2025-10-13 12:19:04 [INFO] Аналитик функций ГО: AI подтвердил связь КВКНМСХРК-142 (КВКНМСХРК) → МСХРК-391 (МСХРК) [sim 1.000] — AI-вердикт: CORRECT
2025-10-13 12:19:04 [INFO] Аналитик функций ГО: AI подтвердил связь КВКНМСХРК-25 (КВКНМСХРК) → МСХРК-145 (МСХРК) [sim 1.000] — AI-вердикт: CORRECT
2025-10-13 12:19:04 [INFO] Аналитик функций ГО: AI подтвердил связь КВКНМСХРК-17 (КВКНМСХРК) → МСХРК-137 (МСХРК) [sim 1.000] — AI-вердикт: CORRECT
2025-10-13 12:19:04 [INFO] Аналитик функций ГО: AI подтвердил связь КВГАМФРК-43 (КВГАМФРК) → МФРК-8 (МФРК) [sim 0.731] — AI-вердикт: CORRECT
2025-10-13 12:19:04 [INFO] Аналитик функций ГО: AI подтвердил связь КВКНМСХРК-2 (КВКНМСХРК) → МСХРК-16 (МСХРК) [sim 0.889] — AI-вердикт: CORRECT
2025-10-13 12:19:04 [INFO] Аналитик функций ГО: AI подтвердил связь КВКНМСХРК-117 (КВКНМСХРК) → МСХРК-457 (МСХРК) [sim 0.967] — AI-вердикт: CORRECT
2025-10-13 12:19:04 [INFO] Аналитик функций ГО: AI подтвердил связь КВКНМСХРК-21 (КВКНМСХРК) → МСХРК-141 (МСХРК) [sim 1.000] — AI-вердикт: CORRECT
2025-10-13 12:19:04 [INFO] Аналитик функций ГО: AI подтвердил связь КВКНМСХРК-15 (КВКНМСХРК) → МСХРК-135 (МСХРК) [sim 1.000] — AI-вердикт: CORRECT
2025-10-13 12:19:04 [INFO] Аналитик функций ГО: AI подтвердил связь КВКНМСХРК-136 (КВКНМСХРК) → МСХРК-516 (МСХРК) [sim 1.000] — AI-вердикт: CORRECT
2025-10-13 12:19:04 [INFO] Аналитик функций ГО: AI подтвердил связь КВКНМСХРК-38 (КВКНМСХРК) → МСХРК-158 (МСХРК) [sim 1.000] — AI-вердикт: CORRECT
2025-10-13 12:19:04 [INFO] Аналитик функций ГО: AI подтвердил связь КВГАМФРК-8-5 (КВГАМФРК) → МФРК-630-4 (МФРК) [sim 0.984] — AI-вердикт: CORRECT
2025-10-13 12:19:04 [INFO] Аналитик функций ГО: AI подтвердил связь КВГАМФРК-20 (КВГАМФРК) → МФРК-628 (МФРК) [sim 0.961] — AI-вердикт: CORRECT
2025-10-13 12:19:04 [INFO] Аналитик функций ГО: AI подтвердил связь КВКНМСХРК-31 (КВКНМСХРК) → МСХРК-151 (МСХРК) [sim 0.977] — AI-вердикт: CORRECT
2025-10-13 12:19:04 [INFO] Аналитик функций ГО: AI подтвердил связь КВКНМСХРК-19 (КВКНМСХРК) → МСХРК-139 (МСХРК) [sim 1.000] — AI-вердикт: CORRECT
2025-10-13 12:19:04 [INFO] Аналитик функций ГО: AI подтвердил связь КВКНМСХРК-18 (КВКНМСХРК) → МСХРК-138 (МСХРК) [sim 1.000] — AI-вердикт: CORRECT
2025-10-13 12:19:04 [INFO] Аналитик функций ГО: AI подтвердил связь КВКНМСХРК-29 (КВКНМСХРК) → МСХРК-149 (МСХРК) [sim 1.000] — AI-вердикт: CORRECT
2025-10-13 12:19:04 [INFO] Аналитик функций ГО: AI подтвердил связь КВКНМСХРК-143 (КВКНМСХРК) → МСХРК-392 (МСХРК) [sim 1.000] — AI-вердикт: CORRECT
2025-10-13 12:19:04 [INFO] Аналитик функций ГО: AI подтвердил связь КВКНМСХРК-123 (КВКНМСХРК) → МСХРК-463 (МСХРК) [sim 0.984] — AI-вердикт: CORRECT
2025-10-13 12:19:04 [INFO] Аналитик функций ГО: AI подтвердил связь КВКНМСХРК-141 (КВКНМСХРК) → МСХРК-390 (МСХРК) [sim 1.000] — AI-вердикт: CORRECT
2025-10-13 12:19:04 [INFO] Аналитик функций ГО: AI подтвердил связь КВКНМСХРК-27 (КВКНМСХРК) → МСХРК-147 (МСХРК) [sim 1.000] — AI-вердикт: CORRECT
2025-10-13 12:19:04 [INFO] Аналитик функций ГО: AI подтвердил связь КВКНМСХРК-23 (КВКНМСХРК) → МСХРК-143 (МСХРК) [sim 0.974] — AI-вердикт: CORRECT
2025-10-13 12:19:04 [INFO] Аналитик функций ГО: AI подтвердил связь КВКНМСХРК-6 (КВКНМСХРК) → МСХРК-126 (МСХРК) [sim 1.000] — AI-вердикт: CORRECT
2025-10-13 12:19:04 [INFO] Аналитик функций ГО: AI подтвердил связь КВКНМСХРК-34 (КВКНМСХРК) → МСХРК-154 (МСХРК) [sim 0.990] — AI-вердикт: CORRECT
2025-10-13 12:19:04 [INFO] Аналитик функций ГО: AI подтвердил связь КВКНМСХРК-145-1 (КВКНМСХРК) → МСХРК-704 (МСХРК) [sim 0.939] — AI-вердикт: CORRECT
2025-10-13 12:19:04 [INFO] Аналитик функций ГО: AI подтвердил связь КВКНМСХРК-3 (КВКНМСХРК) → МСХРК-2-4 (МСХРК) [sim 1.000] — AI-вердикт: CORRECT
2025-10-13 12:19:04 [INFO] Аналитик функций ГО: AI подтвердил связь КВКНМСХРК-145 (КВКНМСХРК) → МСХРК-704 (МСХРК) [sim 0.939] — AI-вердикт: CORRECT
2025-10-13 12:19:04 [INFO] Аналитик функций ГО: AI подтвердил связь КВКНМСХРК-55 (КВКНМСХРК) → МСХРК-175 (МСХРК) [sim 1.000] — AI-вердикт: CORRECT
2025-10-13 12:19:04 [INFO] Аналитик функций ГО: AI подтвердил связь КВКНМСХРК-16 (КВКНМСХРК) → МСХРК-136 (МСХРК) [sim 0.994] — AI-вердикт: CORRECT
2025-10-13 12:19:04 [INFO] Аналитик функций ГО: AI подтвердил связь КВКНМСХРК-47 (КВКНМСХРК) → МСХРК-167 (МСХРК) [sim 0.977] — AI-вердикт: CORRECT
2025-10-13 12:19:04 [INFO] Аналитик функций ГО: AI подтвердил связь КВКНМСХРК-48 (КВКНМСХРК) → МСХРК-168 (МСХРК) [sim 0.975] — AI-вердикт: CORRECT
2025-10-13 12:19:04 [INFO] Аналитик функций ГО: AI подтвердил связь КВКНМСХРК-41 (КВКНМСХРК) → МСХРК-161 (МСХРК) [sim 0.949] — AI-вердикт: CORRECT
2025-10-13 12:19:04 [INFO] Аналитик функций ГО: AI подтвердил связь КВКНМСХРК-26 (КВКНМСХРК) → МСХРК-146 (МСХРК) [sim 1.000] — AI-вердикт: CORRECT
2025-10-13 12:19:04 [INFO] Аналитик функций ГО: AI подтвердил связь КВКНМСХРК-40 (КВКНМСХРК) → МСХРК-160 (МСХРК) [sim 0.970] — AI-вердикт: CORRECT
2025-10-13 12:19:04 [INFO] Аналитик функций ГО: AI подтвердил связь КВКНМСХРК-39 (КВКНМСХРК) → МСХРК-159 (МСХРК) [sim 0.979] — AI-вердикт: CORRECT
2025-10-13 12:19:04 [INFO] Аналитик функций ГО: AI подтвердил связь КВКНМСХРК-118 (КВКНМСХРК) → МСХРК-458 (МСХРК) [sim 1.000] — AI-вердикт: CORRECT
2025-10-13 12:19:04 [INFO] Аналитик функций ГО: AI подтвердил связь КВКНМСХРК-45 (КВКНМСХРК) → МСХРК-165 (МСХРК) [sim 1.000] — AI-вердикт: CORRECT
2025-10-13 12:19:04 [INFO] Аналитик функций ГО: AI подтвердил связь КВКНМСХРК-73 (КВКНМСХРК) → МСХРК-192 (МСХРК) [sim 1.000] — AI-вердикт: CORRECT
2025-10-13 12:19:04 [INFO] Аналитик функций ГО: AI подтвердил связь КВКНМСХРК-5 (КВКНМСХРК) → МСХРК-125 (МСХРК) [sim 1.000] — AI-вердикт: CORRECT
2025-10-13 12:19:04 [INFO] Аналитик функций ГО: AI подтвердил связь КВКНМСХРК-104 (КВКНМСХРК) → МСХРК-416 (МСХРК) [sim 1.000] — AI-вердикт: CORRECT
2025-10-13 12:19:04 [INFO] Аналитик функций ГО: AI подтвердил связь КВКНМСХРК-32 (КВКНМСХРК) → МСХРК-152 (МСХРК) [sim 0.990] — AI-вердикт: CORRECT
2025-10-13 12:19:04 [INFO] Аналитик функций ГО: AI подтвердил связь КВКНМСХРК-4 (КВКНМСХРК) → МСХРК-17 (МСХРК) [sim 0.921] — AI-вердикт: CORRECT
2025-10-13 12:19:04 [INFO] Аналитик функций ГО: AI подтвердил связь КВКНМСХРК-24 (КВКНМСХРК) → МСХРК-114 (МСХРК) [sim 1.000] — AI-вердикт: CORRECT
2025-10-13 12:19:04 [INFO] Аналитик функций ГО: AI подтвердил связь КВКНМСХРК-67 (КВКНМСХРК) → МСХРК-187 (МСХРК) [sim 0.963] — AI-вердикт: CORRECT
2025-10-13 12:19:04 [INFO] Аналитик функций ГО: AI подтвердил связь КВКНМСХРК-78 (КВКНМСХРК) → МСХРК-197 (МСХРК) [sim 1.000] — AI-вердикт: CORRECT
2025-10-13 12:19:04 [INFO] Аналитик функций ГО: AI подтвердил связь КВКНМСХРК-72 (КВКНМСХРК) → МСХРК-191-1 (МСХРК) [sim 0.821] — AI-вердикт: CORRECT
2025-10-13 12:19:04 [INFO] Аналитик функций ГО: AI подтвердил связь КВКНМСХРК-52 (КВКНМСХРК) → МСХРК-172 (МСХРК) [sim 0.966] — AI-вердикт: CORRECT
2025-10-13 12:19:04 [INFO] Аналитик функций ГО: AI подтвердил связь КВКНМСХРК-50 (КВКНМСХРК) → МСХРК-170 (МСХРК) [sim 0.987] — AI-вердикт: CORRECT
2025-10-13 12:19:04 [INFO] Аналитик функций ГО: AI подтвердил связь КВКНМСХРК-59 (КВКНМСХРК) → МСХРК-179 (МСХРК) [sim 0.946] — AI-вердикт: CORRECT
2025-10-13 12:19:04 [INFO] Аналитик функций ГО: AI подтвердил связь КВКНМСХРК-7 (КВКНМСХРК) → МСХРК-127 (МСХРК) [sim 1.000] — AI-вердикт: CORRECT
2025-10-13 12:19:04 [INFO] Аналитик функций ГО: AI подтвердил связь КВКНМСХРК-62 (КВКНМСХРК) → МСХРК-182 (МСХРК) [sim 0.959] — AI-вердикт: CORRECT
2025-10-13 12:19:04 [INFO] Аналитик функций ГО: AI подтвердил связь КВКНМСХРК-37 (КВКНМСХРК) → МСХРК-157 (МСХРК) [sim 0.977] — AI-вердикт: CORRECT
2025-10-13 12:19:04 [INFO] Аналитик функций ГО: AI подтвердил связь КВКНМСХРК-33 (КВКНМСХРК) → МСХРК-153 (МСХРК) [sim 1.000] — AI-вердикт: CORRECT
2025-10-13 12:19:04 [INFO] Аналитик функций ГО: AI подтвердил связь КВКНМСХРК-57 (КВКНМСХРК) → МСХРК-177 (МСХРК) [sim 0.954] — AI-вердикт: CORRECT
2025-10-13 12:19:04 [INFO] Аналитик функций ГО: AI подтвердил связь КВКНМСХРК-44 (КВКНМСХРК) → МСХРК-164 (МСХРК) [sim 1.000] — AI-вердикт: CORRECT
2025-10-13 12:19:04 [INFO] Аналитик функций ГО: AI подтвердил связь КВКНМСХРК-58 (КВКНМСХРК) → МСХРК-178 (МСХРК) [sim 1.000] — AI-вердикт: CORRECT
2025-10-13 12:19:04 [INFO] Аналитик функций ГО: AI подтвердил связь КВКНМСХРК-66 (КВКНМСХРК) → МСХРК-186 (МСХРК) [sim 0.954] — AI-вердикт: CORRECT
2025-10-13 12:19:04 [INFO] Аналитик функций ГО: AI подтвердил связь КВКНМСХРК-94 (КВКНМСХРК) → МСХРК-406 (МСХРК) [sim 1.000] — AI-вердикт: CORRECT
2025-10-13 12:19:04 [INFO] Аналитик функций ГО: AI подтвердил связь КВКНМСХРК-65 (КВКНМСХРК) → МСХРК-185 (МСХРК) [sim 0.964] — AI-вердикт: CORRECT
2025-10-13 12:19:04 [INFO] Аналитик функций ГО: AI подтвердил связь КВКНМСХРК-91 (КВКНМСХРК) → МСХРК-403 (МСХРК) [sim 1.000] — AI-вердикт: CORRECT
2025-10-13 12:19:04 [INFO] Аналитик функций ГО: AI подтвердил связь КВКНМСХРК-42 (КВКНМСХРК) → МСХРК-162 (МСХРК) [sim 0.984] — AI-вердикт: CORRECT
2025-10-13 12:19:04 [INFO] Аналитик функций ГО: AI подтвердил связь КВКНМСХРК-56 (КВКНМСХРК) → МСХРК-176 (МСХРК) [sim 0.965] — AI-вердикт: CORRECT
2025-10-13 12:19:04 [INFO] Аналитик функций ГО: AI подтвердил связь КВКНМСХРК-11 (КВКНМСХРК) → МСХРК-131 (МСХРК) [sim 1.000] — AI-вердикт: CORRECT
2025-10-13 12:19:04 [INFO] Аналитик функций ГО: AI подтвердил связь КВКНМСХРК-69 (КВКНМСХРК) → МСХРК-189 (МСХРК) [sim 0.962] — AI-вердикт: CORRECT
2025-10-13 12:19:04 [INFO] Аналитик функций ГО: AI подтвердил связь КВКНМСХРК-76 (КВКНМСХРК) → МСХРК-195 (МСХРК) [sim 1.000] — AI-вердикт: CORRECT
2025-10-13 12:19:04 [INFO] Аналитик функций ГО: AI подтвердил связь КВКНМСХРК-61 (КВКНМСХРК) → МСХРК-181 (МСХРК) [sim 0.964] — AI-вердикт: CORRECT
2025-10-13 12:19:04 [INFO] Аналитик функций ГО: AI подтвердил связь КВКНМСХРК-92 (КВКНМСХРК) → МСХРК-404 (МСХРК) [sim 1.000] — AI-вердикт: CORRECT
2025-10-13 12:19:04 [INFO] Аналитик функций ГО: AI подтвердил связь КВКНМСХРК-60 (КВКНМСХРК) → МСХРК-180 (МСХРК) [sim 0.963] — AI-вердикт: CORRECT
2025-10-13 12:19:04 [INFO] Аналитик функций ГО: AI подтвердил связь КВКНМСХРК-63 (КВКНМСХРК) → МСХРК-183 (МСХРК) [sim 0.974] — AI-вердикт: CORRECT
2025-10-13 12:19:04 [INFO] Аналитик функций ГО: AI подтвердил связь КВКНМСХРК-88 (КВКНМСХРК) → МСХРК-400 (МСХРК) [sim 1.000] — AI-вердикт: CORRECT
2025-10-13 12:19:04 [INFO] Аналитик функций ГО: AI подтвердил связь КВКНМСХРК-36 (КВКНМСХРК) → МСХРК-156 (МСХРК) [sim 1.000] — AI-вердикт: CORRECT
2025-10-13 12:19:04 [INFO] Аналитик функций ГО: AI подтвердил связь КВКНМСХРК-87 (КВКНМСХРК) → МСХРК-206 (МСХРК) [sim 1.000] — AI-вердикт: CORRECT
2025-10-13 12:19:04 [INFO] Аналитик функций ГО: AI подтвердил связь КВКНМСХРК-99 (КВКНМСХРК) → МСХРК-411 (МСХРК) [sim 1.000] — AI-вердикт: CORRECT
2025-10-13 12:19:04 [INFO] Аналитик функций ГО: AI подтвердил связь КВКНМСХРК-77 (КВКНМСХРК) → МСХРК-196 (МСХРК) [sim 0.988] — AI-вердикт: CORRECT
2025-10-13 12:19:04 [INFO] Аналитик функций ГО: AI подтвердил связь КВКНМСХРК-98 (КВКНМСХРК) → МСХРК-410 (МСХРК) [sim 1.000] — AI-вердикт: CORRECT
2025-10-13 12:19:04 [INFO] Аналитик функций ГО: AI подтвердил связь КВКНМСХРК-68 (КВКНМСХРК) → МСХРК-188 (МСХРК) [sim 0.946] — AI-вердикт: CORRECT
2025-10-13 12:19:04 [INFO] Аналитик функций ГО: AI подтвердил связь КВКНМСХРК-83 (КВКНМСХРК) → МСХРК-202 (МСХРК) [sim 0.972] — AI-вердикт: CORRECT
2025-10-13 12:19:04 [INFO] Аналитик функций ГО: AI подтвердил связь КВКНМСХРК-46 (КВКНМСХРК) → МСХРК-166 (МСХРК) [sim 0.974] — AI-вердикт: CORRECT
2025-10-13 12:19:04 [INFO] Аналитик функций ГО: AI подтвердил связь КВГАМФРК-6 (КВГАМФРК) → МФРК-615 (МФРК) [sim 0.757] — AI-вердикт: CORRECT
2025-10-13 12:19:04 [INFO] Аналитик функций ГО: AI подтвердил связь КВКНМСХРК-82 (КВКНМСХРК) → МСХРК-201 (МСХРК) [sim 0.965] — AI-вердикт: CORRECT
2025-10-13 12:19:04 [INFO] Аналитик функций ГО: AI подтвердил связь КВКНМСХРК-9 (КВКНМСХРК) → МСХРК-129 (МСХРК) [sim 1.000] — AI-вердикт: CORRECT
2025-10-13 12:19:04 [INFO] Аналитик функций ГО: AI подтвердил связь КВКНМСХРК-90 (КВКНМСХРК) → МСХРК-402 (МСХРК) [sim 0.990] — AI-вердикт: CORRECT
2025-10-13 12:19:04 [INFO] Аналитик функций ГО: AI подтвердил связь КВКНМСХРК-49 (КВКНМСХРК) → МСХРК-169 (МСХРК) [sim 0.978] — AI-вердикт: CORRECT
2025-10-13 12:19:04 [INFO] Аналитик функций ГО: AI подтвердил связь КВГАМФРК-26 (КВГАМФРК) → МФРК-828 (МФРК) [sim 0.703] — AI-вердикт: CORRECT
2025-10-13 12:19:04 [INFO] Аналитик функций ГО: AI подтвердил связь КВКНМСХРК-64 (КВКНМСХРК) → МСХРК-184 (МСХРК) [sim 0.956] — AI-вердикт: CORRECT
2025-10-13 12:19:04 [INFO] Аналитик функций ГО: AI подтвердил связь КВКНМСХРК-93 (КВКНМСХРК) → МСХРК-405 (МСХРК) [sim 1.000] — AI-вердикт: CORRECT
2025-10-13 12:19:04 [INFO] Аналитик функций ГО: AI подтвердил связь КВКНМСХРК-119 (КВКНМСХРК) → МСХРК-459 (МСХРК) [sim 1.000] — AI-вердикт: CORRECT
2025-10-13 12:19:04 [INFO] Аналитик функций ГО: AI подтвердил связь КВКНМСХРК-89-2 (КВКНМСХРК) → МСХРК-401-2 (МСХРК) [sim 1.000] — AI-вердикт: CORRECT
2025-10-13 12:19:04 [INFO] Аналитик функций ГО: AI подтвердил связь КВКНМСХРК-131 (КВКНМСХРК) → МСХРК-509 (МСХРК) [sim 0.880] — AI-вердикт: CORRECT
2025-10-13 12:19:04 [INFO] Аналитик функций ГО: AI подтвердил связь КВКНМСХРК-75 (КВКНМСХРК) → МСХРК-194 (МСХРК) [sim 0.971] — AI-вердикт: CORRECT
2025-10-13 12:19:04 [INFO] Аналитик функций ГО: AI подтвердил связь КВКНМСХРК-89-1 (КВКНМСХРК) → МСХРК-401-1 (МСХРК) [sim 1.000] — AI-вердикт: CORRECT
2025-10-13 12:19:04 [INFO] Аналитик функций ГО: AI подтвердил связь КВКНМСХРК-35 (КВКНМСХРК) → МСХРК-155 (МСХРК) [sim 1.000] — AI-вердикт: CORRECT
2025-10-13 12:19:04 [INFO] Аналитик функций ГО: AI подтвердил связь КВКНМСХРК-81 (КВКНМСХРК) → МСХРК-200 (МСХРК) [sim 0.981] — AI-вердикт: CORRECT
2025-10-13 12:19:04 [INFO] Аналитик функций ГО: AI подтвердил связь КВПОМНВОРК-105 (КВПОМНВОРК) → МНВОРК-91 (МНВОРК) [sim 1.000] — AI-вердикт: CORRECT
2025-10-13 12:19:04 [INFO] Аналитик функций ГО: AI подтвердил связь КВКНМСХРК-8 (КВКНМСХРК) → МСХРК-128 (МСХРК) [sim 0.982] — AI-вердикт: CORRECT
2025-10-13 12:19:04 [INFO] Аналитик функций ГО: AI подтвердил связь КВПОМНВОРК-108 (КВПОМНВОРК) → МНВОРК-291 (МНВОРК) [sim 1.000] — AI-вердикт: CORRECT
2025-10-13 12:19:04 [INFO] Аналитик функций ГО: AI подтвердил связь КВПОМНВОРК-10 (КВПОМНВОРК) → МНВОРК-97 (МНВОРК) [sim 0.802] — AI-вердикт: CORRECT
2025-10-13 12:19:04 [INFO] Аналитик функций ГО: AI подтвердил связь КВПОМНВОРК-107 (КВПОМНВОРК) → МНВОРК-2 (МНВОРК) [sim 1.000] — AI-вердикт: CORRECT
2025-10-13 12:19:04 [INFO] Аналитик функций ГО: AI подтвердил связь КВКНМСХРК-95 (КВКНМСХРК) → МСХРК-407 (МСХРК) [sim 1.000] — AI-вердикт: CORRECT
2025-10-13 12:19:04 [INFO] Аналитик функций ГО: AI подтвердил связь КВКНМСХРК-80 (КВКНМСХРК) → МСХРК-199 (МСХРК) [sim 0.989] — AI-вердикт: CORRECT
2025-10-13 12:19:04 [INFO] Аналитик функций ГО: AI подтвердил связь КВПОМНВОРК-100 (КВПОМНВОРК) → МНВОРК-141 (МНВОРК) [sim 0.571] — AI-вердикт: CORRECT
2025-10-13 12:19:04 [INFO] Аналитик функций ГО: AI подтвердил связь КВПОМНВОРК-1 (КВПОМНВОРК) → МНВОРК-26 (МНВОРК) [sim 0.970] — AI-вердикт: CORRECT
2025-10-13 12:19:04 [INFO] Аналитик функций ГО: AI подтвердил связь КВКНМСХРК-85 (КВКНМСХРК) → МСХРК-204 (МСХРК) [sim 0.972] — AI-вердикт: CORRECT
2025-10-13 12:19:04 [INFO] Аналитик функций ГО: AI подтвердил связь КВКНМСХРК-79 (КВКНМСХРК) → МСХРК-198 (МСХРК) [sim 0.991] — AI-вердикт: CORRECT
2025-10-13 12:19:04 [INFO] Аналитик функций ГО: AI подтвердил связь КВКНМСХРК-71 (КВКНМСХРК) → МСХРК-191 (МСХРК) [sim 0.971] — AI-вердикт: CORRECT
2025-10-13 12:19:04 [INFO] Аналитик функций ГО: AI подтвердил связь КВКНМСХРК-51 (КВКНМСХРК) → МСХРК-171 (МСХРК) [sim 0.984] — AI-вердикт: CORRECT
2025-10-13 12:19:04 [INFO] Аналитик функций ГО: AI подтвердил связь КВПОМНВОРК-44 (КВПОМНВОРК) → МНВОРК-120 (МНВОРК) [sim 0.958] — AI-вердикт: CORRECT
2025-10-13 12:19:04 [INFO] Аналитик функций ГО: AI подтвердил связь КВКНМСХРК-86 (КВКНМСХРК) → МСХРК-205 (МСХРК) [sim 0.977] — AI-вердикт: CORRECT
2025-10-13 12:19:04 [INFO] Аналитик функций ГО: AI подтвердил связь КВКНМСХРК-96 (КВКНМСХРК) → МСХРК-408 (МСХРК) [sim 1.000] — AI-вердикт: CORRECT
2025-10-13 12:19:04 [INFO] Аналитик функций ГО: AI подтвердил связь КВПОМНВОРК-6 (КВПОМНВОРК) → МНВОРК-132 (МНВОРК) [sim 0.972] — AI-вердикт: CORRECT
2025-10-13 12:19:04 [INFO] Аналитик функций ГО: AI подтвердил связь КВПОМНВОРК-2 (КВПОМНВОРК) → МНВОРК-27 (МНВОРК) [sim 0.945] — AI-вердикт: CORRECT
2025-10-13 12:19:04 [INFO] Аналитик функций ГО: AI подтвердил связь КВПОМНВОРК-59 (КВПОМНВОРК) → МНВОРК-123 (МНВОРК) [sim 0.959] — AI-вердикт: CORRECT
2025-10-13 12:19:04 [INFO] Аналитик функций ГО: AI подтвердил связь КВКНМСХРК-110 (КВКНМСХРК) → МСХРК-423 (МСХРК) [sim 1.000] — AI-вердикт: CORRECT
2025-10-13 12:19:04 [INFO] Аналитик функций ГО: AI подтвердил связь КВПОМНВОРК-37 (КВПОМНВОРК) → МНВОРК-78 (МНВОРК) [sim 0.981] — AI-вердикт: CORRECT
2025-10-13 12:19:04 [INFO] Аналитик функций ГО: AI подтвердил связь КВПОМНВОРК-67 (КВПОМНВОРК) → МНВОРК-140 (МНВОРК) [sim 0.986] — AI-вердикт: CORRECT
2025-10-13 12:19:04 [INFO] Аналитик функций ГО: AI подтвердил связь КВПОМНВОРК-15 (КВПОМНВОРК) → МНВОРК-135 (МНВОРК) [sim 0.810] — AI-вердикт: CORRECT
2025-10-13 12:19:04 [INFO] Аналитик функций ГО: AI подтвердил связь КВПОМНВОРК-3 (КВПОМНВОРК) → МНВОРК-28 (МНВОРК) [sim 0.981] — AI-вердикт: CORRECT
2025-10-13 12:19:04 [INFO] Аналитик функций ГО: AI подтвердил связь КВПОМНВОРК-62 (КВПОМНВОРК) → МНВОРК-39 (МНВОРК) [sim 0.967] — AI-вердикт: CORRECT
2025-10-13 12:19:04 [INFO] Аналитик функций ГО: AI подтвердил связь КВПОМНВОРК-63 (КВПОМНВОРК) → МНВОРК-6 (МНВОРК) [sim 0.981] — AI-вердикт: CORRECT
2025-10-13 12:19:04 [INFO] Аналитик функций ГО: AI подтвердил связь КВПОМНВОРК-5 (КВПОМНВОРК) → МНВОРК-131 (МНВОРК) [sim 0.983] — AI-вердикт: CORRECT
2025-10-13 12:19:04 [INFO] Аналитик функций ГО: AI подтвердил связь КВПОМНВОРК-70 (КВПОМНВОРК) → МНВОРК-60 (МНВОРК) [sim 0.898] — AI-вердикт: CORRECT
2025-10-13 12:19:04 [INFO] Аналитик функций ГО: AI подтвердил связь КВПОМНВОРК-61 (КВПОМНВОРК) → МНВОРК-37 (МНВОРК) [sim 0.977] — AI-вердикт: CORRECT
2025-10-13 12:19:04 [INFO] Аналитик функций ГО: AI подтвердил связь КВПОМНВОРК-72 (КВПОМНВОРК) → МНВОРК-96 (МНВОРК) [sim 1.000] — AI-вердикт: CORRECT
2025-10-13 12:19:04 [INFO] Аналитик функций ГО: AI подтвердил связь КВПОМНВОРК-46 (КВПОМНВОРК) → МНВОРК-162 (МНВОРК) [sim 0.977] — AI-вердикт: CORRECT
2025-10-13 12:19:04 [INFO] Аналитик функций ГО: AI подтвердил связь КВПОМНВОРК-40 (КВПОМНВОРК) → МНВОРК-3 (МНВОРК) [sim 0.616] — AI-вердикт: CORRECT
2025-10-13 12:19:04 [INFO] Аналитик функций ГО: AI подтвердил связь КВПОМНВОРК-31 (КВПОМНВОРК) → МНВОРК-3 (МНВОРК) [sim 0.713] — AI-вердикт: CORRECT
2025-10-13 12:19:04 [INFO] Аналитик функций ГО: AI подтвердил связь КВПОМНВОРК-82 (КВПОМНВОРК) → МНВОРК-38 (МНВОРК) [sim 0.976] — AI-вердикт: CORRECT
2025-10-13 12:19:04 [INFO] Аналитик функций ГО: AI подтвердил связь КВПОМНВОРК-68 (КВПОМНВОРК) → МНВОРК-40 (МНВОРК) [sim 0.972] — AI-вердикт: CORRECT
2025-10-13 12:19:04 [INFO] Аналитик функций ГО: AI подтвердил связь КВКНМСХРК-137 (КВКНМСХРК) → МСХРК-518 (МСХРК) [sim 0.995] — AI-вердикт: CORRECT
2025-10-13 12:19:04 [INFO] Аналитик функций ГО: AI подтвердил связь КВПОМНВОРК-60 (КВПОМНВОРК) → МНВОРК-33 (МНВОРК) [sim 0.980] — AI-вердикт: CORRECT
2025-10-13 12:19:04 [INFO] Аналитик функций ГО: AI подтвердил связь КВПОМНВОРК-4 (КВПОМНВОРК) → МНВОРК-71 (МНВОРК) [sim 0.919] — AI-вердикт: CORRECT
2025-10-13 12:19:04 [INFO] Аналитик функций ГО: AI подтвердил связь КВПОМНВОРК-7 (КВПОМНВОРК) → МНВОРК-133 (МНВОРК) [sim 0.983] — AI-вердикт: CORRECT
2025-10-13 12:19:04 [INFO] Аналитик функций ГО: AI подтвердил связь КВПОМНВОРК-84 (КВПОМНВОРК) → МНВОРК-121 (МНВОРК) [sim 0.979] — AI-вердикт: CORRECT
2025-10-13 12:19:04 [INFO] Аналитик функций ГО: AI подтвердил связь КВПОМНВОРК-56 (КВПОМНВОРК) → МНВОРК-3 (МНВОРК) [sim 0.655] — AI-вердикт: CORRECT
2025-10-13 12:19:04 [INFO] Аналитик функций ГО: AI подтвердил связь КВПОМНВОРК-71 (КВПОМНВОРК) → МНВОРК-119 (МНВОРК) [sim 0.988] — AI-вердикт: CORRECT
2025-10-13 12:19:04 [INFO] Аналитик функций ГО: AI подтвердил связь КВПОМНВОРК-58 (КВПОМНВОРК) → МНВОРК-13 (МНВОРК) [sim 0.977] — AI-вердикт: CORRECT
2025-10-13 12:19:04 [INFO] Аналитик функций ГО: AI подтвердил связь КВХМВРИРК-7 (КВХМВРИРК) → МВРИРК-164 (МВРИРК) [sim 1.000] — AI-вердикт: CORRECT
2025-10-13 12:19:04 [INFO] Аналитик функций ГО: AI подтвердил связь КВПОМНВОРК-83 (КВПОМНВОРК) → МНВОРК-9 (МНВОРК) [sim 0.952] — AI-вердикт: CORRECT
2025-10-13 12:19:04 [INFO] Аналитик функций ГО: AI подтвердил связь КВХМВРИРК-8 (КВХМВРИРК) → МВРИРК-172 (МВРИРК) [sim 1.000] — AI-вердикт: CORRECT
2025-10-13 12:19:04 [INFO] Аналитик функций ГО: AI подтвердил связь КВХМВРИРК-4 (КВХМВРИРК) → МВРИРК-110 (МВРИРК) [sim 1.000] — AI-вердикт: CORRECT
2025-10-13 12:19:04 [INFO] Аналитик функций ГО: AI подтвердил связь КГАМТРК-11 (КГАМТРК) → МТРК-2 (МТРК) [sim 0.714] — AI-вердикт: CORRECT
2025-10-13 12:19:04 [INFO] Аналитик функций ГО: AI подтвердил связь КВХМВРИРК-5 (КВХМВРИРК) → МВРИРК-78 (МВРИРК) [sim 0.960] — AI-вердикт: CORRECT
2025-10-13 12:19:04 [INFO] Аналитик функций ГО: AI подтвердил связь КВПОМНВОРК-64 (КВПОМНВОРК) → МНВОРК-79 (МНВОРК) [sim 0.991] — AI-вердикт: CORRECT
2025-10-13 12:19:04 [INFO] Аналитик функций ГО: AI подтвердил связь КВПОМНВОРК-9 (КВПОМНВОРК) → МНВОРК-46 (МНВОРК) [sim 0.970] — AI-вердикт: CORRECT
2025-10-13 12:19:04 [INFO] Аналитик функций ГО: AI подтвердил связь КГАМТРК-18 (КГАМТРК) → МТРК-22 (МТРК) [sim 1.000] — AI-вердикт: CORRECT
2025-10-13 12:19:04 [INFO] Аналитик функций ГО: AI подтвердил связь КВПОМНВОРК-19 (КВПОМНВОРК) → МНВОРК-130 (МНВОРК) [sim 0.519] — AI-вердикт: CORRECT
2025-10-13 12:19:04 [INFO] Аналитик функций ГО: AI подтвердил связь КВХМВРИРК-1 (КВХМВРИРК) → МВРИРК-96 (МВРИРК) [sim 0.917] — AI-вердикт: CORRECT
2025-10-13 12:19:04 [INFO] Аналитик функций ГО: AI подтвердил связь КГАМТРК-37 (КГАМТРК) → МТРК-358 (МТРК) [sim 0.965] — AI-вердикт: CORRECT
2025-10-13 12:19:04 [INFO] Аналитик функций ГО: AI подтвердил связь КВПОМНВОРК-103 (КВПОМНВОРК) → МНВОРК-93 (МНВОРК) [sim 0.774] — AI-вердикт: CORRECT
2025-10-13 12:19:04 [INFO] Аналитик функций ГО: AI подтвердил связь КВПОМНВОРК-8 (КВПОМНВОРК) → МНВОРК-42 (МНВОРК) [sim 0.975] — AI-вердикт: CORRECT
2025-10-13 12:19:04 [INFO] Аналитик функций ГО: AI подтвердил связь КВПОМНВОРК-78 (КВПОМНВОРК) → МНВОРК-59 (МНВОРК) [sim 0.922] — AI-вердикт: CORRECT
2025-10-13 12:19:04 [INFO] Аналитик функций ГО: AI подтвердил связь КВХМВРИРК-3 (КВХМВРИРК) → МВРИРК-115 (МВРИРК) [sim 1.000] — AI-вердикт: CORRECT
2025-10-13 12:19:04 [INFO] Аналитик функций ГО: AI подтвердил связь КГАМТРК-27 (КГАМТРК) → МТРК-346 (МТРК) [sim 0.937] — AI-вердикт: CORRECT
2025-10-13 12:19:04 [INFO] Аналитик функций ГО: AI подтвердил связь КГАМТРК-35 (КГАМТРК) → МТРК-356 (МТРК) [sim 0.921] — AI-вердикт: CORRECT
2025-10-13 12:19:04 [INFO] Аналитик функций ГО: AI подтвердил связь КВПОМНВОРК-80 (КВПОМНВОРК) → МНВОРК-29 (МНВОРК) [sim 0.756] — AI-вердикт: CORRECT
2025-10-13 12:19:04 [INFO] Аналитик функций ГО: AI подтвердил связь КВХМВРИРК-2 (КВХМВРИРК) → МВРИРК-97 (МВРИРК) [sim 0.920] — AI-вердикт: CORRECT
2025-10-13 12:19:04 [INFO] Аналитик функций ГО: AI подтвердил связь КВПОМНВОРК-13 (КВПОМНВОРК) → МНВОРК-26 (МНВОРК) [sim 0.603] — AI-вердикт: CORRECT
2025-10-13 12:19:04 [INFO] Аналитик функций ГО: AI подтвердил связь КГАМТРК-36 (КГАМТРК) → МТРК-357 (МТРК) [sim 0.943] — AI-вердикт: CORRECT
2025-10-13 12:19:04 [INFO] Аналитик функций ГО: AI подтвердил связь КГАМТРК-54 (КГАМТРК) → МТРК-359 (МТРК) [sim 0.915] — AI-вердикт: CORRECT
2025-10-13 12:19:04 [INFO] Аналитик функций ГО: AI подтвердил связь КГАМТРК-6 (КГАМТРК) → МТРК-489 (МТРК) [sim 1.000] — AI-вердикт: CORRECT
2025-10-13 12:19:04 [INFO] Аналитик функций ГО: AI подтвердил связь КВПОМНВОРК-79 (КВПОМНВОРК) → МНВОРК-29 (МНВОРК) [sim 0.953] — AI-вердикт: CORRECT
2025-10-13 12:19:04 [INFO] Аналитик функций ГО: AI подтвердил связь КГАМТРК-69 (КГАМТРК) → МТРК-499 (МТРК) [sim 1.000] — AI-вердикт: CORRECT
2025-10-13 12:19:04 [INFO] Аналитик функций ГО: AI подтвердил связь КГАМТРК-13 (КГАМТРК) → МТРК-13 (МТРК) [sim 0.984] — AI-вердикт: CORRECT
2025-10-13 12:19:04 [INFO] Аналитик функций ГО: AI подтвердил связь КГАМТРК-5 (КГАМТРК) → МТРК-476 (МТРК) [sim 1.000] — AI-вердикт: CORRECT
2025-10-13 12:19:04 [INFO] Аналитик функций ГО: AI подтвердил связь КГАМТРК-70 (КГАМТРК) → МТРК-500 (МТРК) [sim 1.000] — AI-вердикт: CORRECT
2025-10-13 12:19:04 [INFO] Аналитик функций ГО: AI подтвердил связь КГАМТРК-71 (КГАМТРК) → МТРК-501 (МТРК) [sim 1.000] — AI-вердикт: CORRECT
2025-10-13 12:19:04 [INFO] Аналитик функций ГО: AI подтвердил связь КГАМТРК-74 (КГАМТРК) → МТРК-504 (МТРК) [sim 0.797] — AI-вердикт: CORRECT
2025-10-13 12:19:04 [INFO] Аналитик функций ГО: AI подтвердил связь КГАМТРК-68 (КГАМТРК) → МТРК-405 (МТРК) [sim 0.980] — AI-вердикт: CORRECT
2025-10-13 12:19:04 [INFO] Аналитик функций ГО: AI подтвердил связь КГАМТРК-4 (КГАМТРК) → МТРК-423 (МТРК) [sim 0.870] — AI-вердикт: CORRECT
2025-10-13 12:19:04 [INFO] Аналитик функций ГО: AI подтвердил связь КГАМТРК-10 (КГАМТРК) → МТРК-12 (МТРК) [sim 0.746] — AI-вердикт: CORRECT
2025-10-13 12:19:04 [INFO] Аналитик функций ГО: AI подтвердил связь КГАМТРК-56 (КГАМТРК) → МТРК-360 (МТРК) [sim 0.911] — AI-вердикт: CORRECT
2025-10-13 12:19:04 [INFO] Аналитик функций ГО: AI подтвердил связь КГДМФРК-104 (КГДМФРК) → МФРК-290 (МФРК) [sim 0.959] — AI-вердикт: CORRECT
2025-10-13 12:19:04 [INFO] Аналитик функций ГО: AI подтвердил связь КГАМТРК-73 (КГАМТРК) → МТРК-503 (МТРК) [sim 0.973] — AI-вердикт: CORRECT
2025-10-13 12:19:04 [INFO] Аналитик функций ГО: AI подтвердил связь КГАМТРК-53 (КГАМТРК) → МТРК-356 (МТРК) [sim 0.697] — AI-вердикт: CORRECT
2025-10-13 12:19:04 [INFO] Аналитик функций ГО: AI подтвердил связь КВПОМНВОРК-95 (КВПОМНВОРК) → МНВОРК-219 (МНВОРК) [sim 0.686] — AI-вердикт: CORRECT
2025-10-13 12:19:04 [INFO] Аналитик функций ГО: AI подтвердил связь КГДМФРК-106 (КГДМФРК) → МФРК-292 (МФРК) [sim 0.984] — AI-вердикт: CORRECT
2025-10-13 12:19:04 [INFO] Аналитик функций ГО: AI подтвердил связь КГДМФРК-101 (КГДМФРК) → МФРК-287 (МФРК) [sim 0.981] — AI-вердикт: CORRECT
2025-10-13 12:19:04 [INFO] Аналитик функций ГО: AI подтвердил связь КГДМФРК-10 (КГДМФРК) → МФРК-205 (МФРК) [sim 0.979] — AI-вердикт: CORRECT
2025-10-13 12:19:04 [INFO] Аналитик функций ГО: AI подтвердил связь КГАМТРК-25 (КГАМТРК) → МТРК-406 (МТРК) [sim 0.803] — AI-вердикт: CORRECT
2025-10-13 12:19:04 [INFO] Аналитик функций ГО: AI подтвердил связь КГДМФРК-107 (КГДМФРК) → МФРК-309 (МФРК) [sim 0.990] — AI-вердикт: CORRECT
2025-10-13 12:19:04 [INFO] Аналитик функций ГО: AI подтвердил связь КГДМФРК-103 (КГДМФРК) → МФРК-289 (МФРК) [sim 0.950] — AI-вердикт: CORRECT
2025-10-13 12:19:04 [INFO] Аналитик функций ГО: AI подтвердил связь КГДМФРК-131 (КГДМФРК) → МФРК-523 (МФРК) [sim 1.000] — AI-вердикт: CORRECT
2025-10-13 12:19:04 [INFO] Аналитик функций ГО: AI подтвердил связь КГДМФРК-111 (КГДМФРК) → МФРК-513 (МФРК) [sim 0.893] — AI-вердикт: CORRECT
2025-10-13 12:19:04 [INFO] Аналитик функций ГО: AI подтвердил связь КГДМФРК-116 (КГДМФРК) → МФРК-294 (МФРК) [sim 0.985] — AI-вердикт: CORRECT
2025-10-13 12:19:04 [INFO] Аналитик функций ГО: AI подтвердил связь КГДМФРК-122 (КГДМФРК) → МФРК-184 (МФРК) [sim 0.989] — AI-вердикт: CORRECT
2025-10-13 12:19:04 [INFO] Аналитик функций ГО: AI подтвердил связь КГДМФРК-115 (КГДМФРК) → МФРК-299 (МФРК) [sim 0.991] — AI-вердикт: CORRECT
2025-10-13 12:19:04 [INFO] Аналитик функций ГО: AI подтвердил связь КГАМТРК-15 (КГАМТРК) → МТРК-41 (МТРК) [sim 0.856] — AI-вердикт: CORRECT
2025-10-13 12:19:04 [INFO] Аналитик функций ГО: AI подтвердил связь КГДМФРК-124 (КГДМФРК) → МФРК-186 (МФРК) [sim 0.996] — AI-вердикт: CORRECT
2025-10-13 12:19:04 [INFO] Аналитик функций ГО: AI подтвердил связь КГДМФРК-113 (КГДМФРК) → МФРК-431 (МФРК) [sim 1.000] — AI-вердикт: CORRECT
2025-10-13 12:19:04 [INFO] Аналитик функций ГО: AI подтвердил связь КГДМФРК-130 (КГДМФРК) → МФРК-191 (МФРК) [sim 0.972] — AI-вердикт: CORRECT
2025-10-13 12:19:04 [INFO] Аналитик функций ГО: AI подтвердил связь КГАМТРК-72 (КГАМТРК) → МТРК-502 (МТРК) [sim 1.000] — AI-вердикт: CORRECT
2025-10-13 12:19:04 [INFO] Аналитик функций ГО: AI подтвердил связь КГДМФРК-119 (КГДМФРК) → МФРК-182 (МФРК) [sim 0.988] — AI-вердикт: CORRECT
2025-10-13 12:19:04 [INFO] Аналитик функций ГО: AI подтвердил связь КГДМФРК-120 (КГДМФРК) → МФРК-183 (МФРК) [sim 0.986] — AI-вердикт: CORRECT
2025-10-13 12:19:04 [INFO] Аналитик функций ГО: AI подтвердил связь КГАМТРК-7 (КГАМТРК) → МТРК-491 (МТРК) [sim 0.936] — AI-вердикт: CORRECT
2025-10-13 12:19:04 [INFO] Аналитик функций ГО: AI подтвердил связь КГДМФРК-127 (КГДМФРК) → МФРК-189 (МФРК) [sim 0.984] — AI-вердикт: CORRECT
2025-10-13 12:19:04 [INFO] Аналитик функций ГО: AI подтвердил связь КГДМФРК-121 (КГДМФРК) → МФРК-515 (МФРК) [sim 0.976] — AI-вердикт: CORRECT
2025-10-13 12:19:04 [INFO] Аналитик функций ГО: AI подтвердил связь КГАМТРК-28 (КГАМТРК) → МТРК-346 (МТРК) [sim 0.820] — AI-вердикт: CORRECT
2025-10-13 12:19:04 [INFO] Аналитик функций ГО: AI подтвердил связь КГДМФРК-118 (КГДМФРК) → МФРК-514 (МФРК) [sim 0.993] — AI-вердикт: CORRECT
2025-10-13 12:19:04 [INFO] Аналитик функций ГО: AI подтвердил связь КГДМФРК-117 (КГДМФРК) → МФРК-181 (МФРК) [sim 0.931] — AI-вердикт: CORRECT
2025-10-13 12:19:04 [INFO] Аналитик функций ГО: AI подтвердил связь КГДМФРК-133 (КГДМФРК) → МФРК-192 (МФРК) [sim 0.980] — AI-вердикт: CORRECT
2025-10-13 12:19:04 [INFO] Аналитик функций ГО: AI подтвердил связь КГДМФРК-108 (КГДМФРК) → МФРК-224 (МФРК) [sim 0.947] — AI-вердикт: CORRECT
2025-10-13 12:19:04 [INFO] Аналитик функций ГО: AI подтвердил связь КГДМФРК-11 (КГДМФРК) → МФРК-332 (МФРК) [sim 0.982] — AI-вердикт: CORRECT
2025-10-13 12:19:04 [INFO] Аналитик функций ГО: AI подтвердил связь КГДМФРК-114 (КГДМФРК) → МФРК-300 (МФРК) [sim 0.986] — AI-вердикт: CORRECT
2025-10-13 12:19:04 [INFO] Аналитик функций ГО: AI подтвердил связь КГДМФРК-112 (КГДМФРК) → МФРК-296 (МФРК) [sim 0.952] — AI-вердикт: CORRECT
2025-10-13 12:19:04 [INFO] Аналитик функций ГО: AI подтвердил связь КГАМТРК-65 (КГАМТРК) → МТРК-14 (МТРК) [sim 0.898] — AI-вердикт: CORRECT
2025-10-13 12:19:04 [INFO] Аналитик функций ГО: AI подтвердил связь КГДМФРК-144 (КГДМФРК) → МФРК-226 (МФРК) [sim 0.971] — AI-вердикт: CORRECT
2025-10-13 12:19:04 [INFO] Аналитик функций ГО: AI подтвердил связь КГДМФРК-128 (КГДМФРК) → МФРК-190 (МФРК) [sim 0.987] — AI-вердикт: CORRECT
2025-10-13 12:19:04 [INFO] Аналитик функций ГО: AI подтвердил связь КГДМФРК-136 (КГДМФРК) → МФРК-415 (МФРК) [sim 0.969] — AI-вердикт: CORRECT
2025-10-13 12:19:04 [INFO] Аналитик функций ГО: AI подтвердил связь КГДМФРК-132 (КГДМФРК) → МФРК-417 (МФРК) [sim 0.979] — AI-вердикт: CORRECT
2025-10-13 12:19:04 [INFO] Аналитик функций ГО: AI подтвердил связь КГДМФРК-135 (КГДМФРК) → МФРК-414 (МФРК) [sim 0.956] — AI-вердикт: CORRECT
2025-10-13 12:19:04 [INFO] Аналитик функций ГО: AI подтвердил связь КГДМФРК-100 (КГДМФРК) → МФРК-286 (МФРК) [sim 0.797] — AI-вердикт: CORRECT
2025-10-13 12:19:04 [INFO] Аналитик функций ГО: AI подтвердил связь КГАМТРК-2 (КГАМТРК) → МТРК-17 (МТРК) [sim 0.697] — AI-вердикт: CORRECT
2025-10-13 12:19:04 [INFO] Аналитик функций ГО: AI подтвердил связь КГДМФРК-16 (КГДМФРК) → МФРК-359 (МФРК) [sim 0.969] — AI-вердикт: CORRECT
2025-10-13 12:19:04 [INFO] Аналитик функций ГО: AI подтвердил связь КГДМФРК-154 (КГДМФРК) → МФРК-234 (МФРК) [sim 0.981] — AI-вердикт: CORRECT
2025-10-13 12:19:04 [INFO] Аналитик функций ГО: AI подтвердил связь КГДМФРК-161 (КГДМФРК) → МФРК-203 (МФРК) [sim 0.979] — AI-вердикт: CORRECT
2025-10-13 12:19:04 [INFO] Аналитик функций ГО: AI подтвердил связь КГДМФРК-165 (КГДМФРК) → МФРК-315 (МФРК) [sim 0.972] — AI-вердикт: CORRECT
2025-10-13 12:19:04 [INFO] Аналитик функций ГО: AI подтвердил связь КГДМФРК-14 (КГДМФРК) → МФРК-304 (МФРК) [sim 0.984] — AI-вердикт: CORRECT
2025-10-13 12:19:04 [INFO] Аналитик функций ГО: AI подтвердил связь КГДМФРК-142 (КГДМФРК) → МФРК-198 (МФРК) [sim 0.972] — AI-вердикт: CORRECT
2025-10-13 12:19:04 [INFO] Аналитик функций ГО: AI подтвердил связь КГДМФРК-126 (КГДМФРК) → МФРК-188 (МФРК) [sim 0.989] — AI-вердикт: CORRECT
2025-10-13 12:19:04 [INFO] Аналитик функций ГО: AI подтвердил связь КГДМФРК-168 (КГДМФРК) → МФРК-317 (МФРК) [sim 0.977] — AI-вердикт: CORRECT
2025-10-13 12:19:04 [INFO] Аналитик функций ГО: AI подтвердил связь КГАМТРК-3 (КГАМТРК) → МТРК-5 (МТРК) [sim 0.776] — AI-вердикт: CORRECT
2025-10-13 12:19:04 [INFO] Аналитик функций ГО: AI подтвердил связь КГДМФРК-152 (КГДМФРК) → МФРК-276 (МФРК) [sim 0.950] — AI-вердикт: CORRECT
2025-10-13 12:19:04 [INFO] Аналитик функций ГО: AI подтвердил связь КГДМФРК-123 (КГДМФРК) → МФРК-185 (МФРК) [sim 0.985] — AI-вердикт: CORRECT
2025-10-13 12:19:04 [INFO] Аналитик функций ГО: AI подтвердил связь КГДМФРК-157 (КГДМФРК) → МФРК-312 (МФРК) [sim 0.983] — AI-вердикт: CORRECT
2025-10-13 12:19:04 [INFO] Аналитик функций ГО: AI подтвердил связь КГДМФРК-13 (КГДМФРК) → МФРК-353 (МФРК) [sim 0.982] — AI-вердикт: CORRECT
2025-10-13 12:19:04 [INFO] Аналитик функций ГО: AI подтвердил связь КГДМФРК-12 (КГДМФРК) → МФРК-350 (МФРК) [sim 0.988] — AI-вердикт: CORRECT
2025-10-13 12:19:04 [INFO] Аналитик функций ГО: AI подтвердил связь КГДМФРК-155 (КГДМФРК) → МФРК-235 (МФРК) [sim 0.947] — AI-вердикт: CORRECT
2025-10-13 12:19:04 [INFO] Аналитик функций ГО: AI подтвердил связь КГДМФРК-146 (КГДМФРК) → МФРК-228 (МФРК) [sim 0.965] — AI-вердикт: CORRECT
2025-10-13 12:19:04 [INFO] Аналитик функций ГО: AI подтвердил связь КГДМФРК-143 (КГДМФРК) → МФРК-199 (МФРК) [sim 0.989] — AI-вердикт: CORRECT
2025-10-13 12:19:04 [INFO] Аналитик функций ГО: AI подтвердил связь КГДМФРК-178 (КГДМФРК) → МФРК-213 (МФРК) [sim 0.973] — AI-вердикт: CORRECT
2025-10-13 12:19:04 [INFO] Аналитик функций ГО: AI подтвердил связь КГДМФРК-159 (КГДМФРК) → МФРК-307 (МФРК) [sim 0.982] — AI-вердикт: CORRECT
2025-10-13 12:19:04 [INFO] Аналитик функций ГО: AI подтвердил связь КГДМФРК-163 (КГДМФРК) → МФРК-204 (МФРК) [sim 0.984] — AI-вердикт: CORRECT
2025-10-13 12:19:04 [INFO] Аналитик функций ГО: AI подтвердил связь КГДМФРК-145 (КГДМФРК) → МФРК-227 (МФРК) [sim 0.965] — AI-вердикт: CORRECT
2025-10-13 12:19:04 [INFO] Аналитик функций ГО: AI подтвердил связь КГДМФРК-160 (КГДМФРК) → МФРК-202 (МФРК) [sim 0.963] — AI-вердикт: CORRECT
2025-10-13 12:19:04 [INFO] Аналитик функций ГО: AI подтвердил связь КГАМТРК-33 (КГАМТРК) → МТРК-355 (МТРК) [sim 0.841] — AI-вердикт: CORRECT
2025-10-13 12:19:04 [INFO] Аналитик функций ГО: AI подтвердил связь КГДМФРК-162 (КГДМФРК) → МФРК-273 (МФРК) [sim 0.974] — AI-вердикт: CORRECT
2025-10-13 12:19:04 [INFO] Аналитик функций ГО: AI подтвердил связь КВПОМНВОРК-81 (КВПОМНВОРК) → МНВОРК-53 (МНВОРК) [sim 0.979] — AI-вердикт: CORRECT
2025-10-13 12:19:04 [INFO] Аналитик функций ГО: AI подтвердил связь КГДМФРК-140 (КГДМФРК) → МФРК-196 (МФРК) [sim 0.986] — AI-вердикт: CORRECT
2025-10-13 12:19:04 [INFO] Аналитик функций ГО: AI подтвердил связь КГДМФРК-141 (КГДМФРК) → МФРК-197 (МФРК) [sim 0.982] — AI-вердикт: CORRECT
2025-10-13 12:19:04 [INFO] Аналитик функций ГО: AI подтвердил связь КГДМФРК-173 (КГДМФРК) → МФРК-297 (МФРК) [sim 0.974] — AI-вердикт: CORRECT
2025-10-13 12:19:04 [INFO] Аналитик функций ГО: AI подтвердил связь КГДМФРК-150 (КГДМФРК) → МФРК-232 (МФРК) [sim 0.964] — AI-вердикт: CORRECT
2025-10-13 12:19:04 [INFO] Аналитик функций ГО: AI подтвердил связь КГДМФРК-147 (КГДМФРК) → МФРК-229 (МФРК) [sim 0.959] — AI-вердикт: CORRECT
2025-10-13 12:19:04 [INFO] Аналитик функций ГО: AI подтвердил связь КГДМФРК-153 (КГДМФРК) → МФРК-277 (МФРК) [sim 0.988] — AI-вердикт: CORRECT
2025-10-13 12:19:04 [INFO] Аналитик функций ГО: AI подтвердил связь КГДМФРК-164 (КГДМФРК) → МФРК-314 (МФРК) [sim 0.986] — AI-вердикт: CORRECT
2025-10-13 12:19:04 [INFO] Аналитик функций ГО: AI подтвердил связь КГДМФРК-158 (КГДМФРК) → МФРК-313 (МФРК) [sim 0.977] — AI-вердикт: CORRECT
2025-10-13 12:19:04 [INFO] Аналитик функций ГО: AI подтвердил связь КГДМФРК-137 (КГДМФРК) → МФРК-193 (МФРК) [sim 0.985] — AI-вердикт: CORRECT
2025-10-13 12:19:04 [INFO] Аналитик функций ГО: AI подтвердил связь КГДМФРК-139 (КГДМФРК) → МФРК-195 (МФРК) [sim 0.983] — AI-вердикт: CORRECT
2025-10-13 12:19:04 [INFO] Аналитик функций ГО: AI подтвердил связь КГДМФРК-175 (КГДМФРК) → МФРК-210 (МФРК) [sim 0.980] — AI-вердикт: CORRECT
2025-10-13 12:19:04 [INFO] Аналитик функций ГО: AI подтвердил связь КГДМФРК-188 (КГДМФРК) → МФРК-201 (МФРК) [sim 0.962] — AI-вердикт: CORRECT
2025-10-13 12:19:04 [INFO] Аналитик функций ГО: AI подтвердил связь КГДМФРК-138 (КГДМФРК) → МФРК-194 (МФРК) [sim 0.987] — AI-вердикт: CORRECT
2025-10-13 12:19:04 [INFO] Аналитик функций ГО: AI подтвердил связь КГДМФРК-181 (КГДМФРК) → МФРК-518 (МФРК) [sim 0.961] — AI-вердикт: CORRECT
2025-10-13 12:19:04 [INFO] Аналитик функций ГО: AI подтвердил связь КГДМФРК-180 (КГДМФРК) → МФРК-322 (МФРК) [sim 0.986] — AI-вердикт: CORRECT
2025-10-13 12:19:04 [INFO] Аналитик функций ГО: AI подтвердил связь КГДМФРК-125 (КГДМФРК) → МФРК-187 (МФРК) [sim 0.985] — AI-вердикт: CORRECT
2025-10-13 12:19:04 [INFO] Аналитик функций ГО: AI подтвердил связь КГДМФРК-183 (КГДМФРК) → МФРК-325 (МФРК) [sim 0.978] — AI-вердикт: CORRECT
2025-10-13 12:19:04 [INFO] Аналитик функций ГО: AI подтвердил связь КГДМФРК-186 (КГДМФРК) → МФРК-327 (МФРК) [sim 0.987] — AI-вердикт: CORRECT
2025-10-13 12:19:04 [INFO] Аналитик функций ГО: AI подтвердил связь КГДМФРК-1 (КГДМФРК) → МФРК-410 (МФРК) [sim 0.863] — AI-вердикт: CORRECT
2025-10-13 12:19:04 [INFO] Аналитик функций ГО: AI подтвердил связь КГДМФРК-179 (КГДМФРК) → МФРК-303 (МФРК) [sim 0.984] — AI-вердикт: CORRECT
2025-10-13 12:19:04 [INFO] Аналитик функций ГО: AI подтвердил связь КГДМФРК-110 (КГДМФРК) → МФРК-225 (МФРК) [sim 0.970] — AI-вердикт: CORRECT
2025-10-13 12:19:04 [INFO] Аналитик функций ГО: AI подтвердил связь КГДМФРК-182 (КГДМФРК) → МФРК-180 (МФРК) [sim 0.980] — AI-вердикт: CORRECT
2025-10-13 12:19:04 [INFO] Аналитик функций ГО: AI подтвердил связь КГДМФРК-149 (КГДМФРК) → МФРК-231 (МФРК) [sim 0.974] — AI-вердикт: CORRECT
2025-10-13 12:19:04 [INFO] Аналитик функций ГО: AI подтвердил связь КГДМФРК-192 (КГДМФРК) → МФРК-328 (МФРК) [sim 0.962] — AI-вердикт: CORRECT
2025-10-13 12:19:04 [INFO] Аналитик функций ГО: AI подтвердил связь КГДМФРК-18 (КГДМФРК) → МФРК-340 (МФРК) [sim 0.985] — AI-вердикт: CORRECT
2025-10-13 12:19:04 [INFO] Аналитик функций ГО: AI подтвердил связь КГДМФРК-216 (КГДМФРК) → МФРК-540 (МФРК) [sim 1.000] — AI-вердикт: CORRECT
2025-10-13 12:19:04 [INFO] Аналитик функций ГО: AI подтвердил связь КГДМФРК-184 (КГДМФРК) → МФРК-302 (МФРК) [sim 0.989] — AI-вердикт: CORRECT
2025-10-13 12:19:04 [INFO] Аналитик функций ГО: AI подтвердил связь КГАМТРК-75 (КГАМТРК) → МТРК-505 (МТРК) [sim 0.690] — AI-вердикт: CORRECT
2025-10-13 12:19:04 [INFO] Аналитик функций ГО: AI подтвердил связь КГДМФРК-195 (КГДМФРК) → МФРК-330 (МФРК) [sim 0.880] — AI-вердикт: CORRECT
2025-10-13 12:19:04 [INFO] Аналитик функций ГО: AI подтвердил связь КГДМФРК-148 (КГДМФРК) → МФРК-230 (МФРК) [sim 0.960] — AI-вердикт: CORRECT
2025-10-13 12:19:04 [INFO] Аналитик функций ГО: AI подтвердил связь КГДМФРК-215 (КГДМФРК) → МФРК-539 (МФРК) [sim 1.000] — AI-вердикт: CORRECT
2025-10-13 12:19:04 [INFO] Аналитик функций ГО: AI подтвердил связь КГДМФРК-208 (КГДМФРК) → МФРК-529 (МФРК) [sim 1.000] — AI-вердикт: CORRECT
2025-10-13 12:19:04 [INFO] Аналитик функций ГО: AI подтвердил связь КГДМФРК-134 (КГДМФРК) → МФРК-413 (МФРК) [sim 0.971] — AI-вердикт: CORRECT
2025-10-13 12:19:04 [INFO] Аналитик функций ГО: AI подтвердил связь КГДМФРК-197 (КГДМФРК) → МФРК-331 (МФРК) [sim 0.876] — AI-вердикт: CORRECT
2025-10-13 12:19:04 [INFO] Аналитик функций ГО: AI подтвердил связь КГДМФРК-211 (КГДМФРК) → МФРК-534 (МФРК) [sim 1.000] — AI-вердикт: CORRECT
2025-10-13 12:19:04 [INFO] Аналитик функций ГО: AI подтвердил связь КГДМФРК-105 (КГДМФРК) → МФРК-291 (МФРК) [sim 0.933] — AI-вердикт: CORRECT
2025-10-13 12:19:04 [INFO] Аналитик функций ГО: AI подтвердил связь КГДМФРК-189 (КГДМФРК) → МФРК-320 (МФРК) [sim 0.973] — AI-вердикт: CORRECT
2025-10-13 12:19:04 [INFO] Аналитик функций ГО: AI подтвердил связь КГДМФРК-177 (КГДМФРК) → МФРК-212 (МФРК) [sim 0.985] — AI-вердикт: CORRECT
2025-10-13 12:19:04 [INFO] Аналитик функций ГО: AI подтвердил связь КГДМФРК-156 (КГДМФРК) → МФРК-235 (МФРК) [sim 0.710] — AI-вердикт: CORRECT
2025-10-13 12:19:04 [INFO] Аналитик функций ГО: AI подтвердил связь КГДМФРК-209 (КГДМФРК) → МФРК-209 (МФРК) [sim 0.970] — AI-вердикт: CORRECT
2025-10-13 12:19:04 [INFO] Аналитик функций ГО: AI подтвердил связь КГДМФРК-2 (КГДМФРК) → МФРК-172 (МФРК) [sim 0.969] — AI-вердикт: CORRECT
2025-10-13 12:19:04 [INFO] Аналитик функций ГО: AI подтвердил связь КГДМФРК-169 (КГДМФРК) → МФРК-206 (МФРК) [sim 0.981] — AI-вердикт: CORRECT
2025-10-13 12:19:04 [INFO] Аналитик функций ГО: AI подтвердил связь КГДМФРК-202 (КГДМФРК) → МФРК-311 (МФРК) [sim 0.974] — AI-вердикт: CORRECT
2025-10-13 12:19:04 [INFO] Аналитик функций ГО: AI подтвердил связь КГДМФРК-200 (КГДМФРК) → МФРК-301 (МФРК) [sim 0.960] — AI-вердикт: CORRECT
2025-10-13 12:19:04 [INFO] Аналитик функций ГО: AI подтвердил связь КГДМФРК-193 (КГДМФРК) → МФРК-329 (МФРК) [sim 0.944] — AI-вердикт: CORRECT
2025-10-13 12:19:04 [INFO] Аналитик функций ГО: AI подтвердил связь КГДМФРК-190 (КГДМФРК) → МФРК-321 (МФРК) [sim 0.942] — AI-вердикт: CORRECT
2025-10-13 12:19:04 [INFO] Аналитик функций ГО: AI подтвердил связь КГДМФРК-21 (КГДМФРК) → МФРК-362 (МФРК) [sim 0.978] — AI-вердикт: CORRECT
2025-10-13 12:19:04 [INFO] Аналитик функций ГО: AI подтвердил связь КГДМФРК-207 (КГДМФРК) → МФРК-528 (МФРК) [sim 1.000] — AI-вердикт: CORRECT
2025-10-13 12:19:04 [INFO] Аналитик функций ГО: AI подтвердил связь КГДМФРК-212 (КГДМФРК) → МФРК-536 (МФРК) [sim 1.000] — AI-вердикт: CORRECT
2025-10-13 12:19:04 [INFO] Аналитик функций ГО: AI подтвердил связь КГДМФРК-176 (КГДМФРК) → МФРК-211 (МФРК) [sim 0.987] — AI-вердикт: CORRECT
2025-10-13 12:19:04 [INFO] Аналитик функций ГО: AI подтвердил связь КГДМФРК-194 (КГДМФРК) → МФРК-330 (МФРК) [sim 0.931] — AI-вердикт: CORRECT
2025-10-13 12:19:04 [INFO] Аналитик функций ГО: AI подтвердил связь КВПОМНВОРК-96 (КВПОМНВОРК) → МНВОРК-130 (МНВОРК) [sim 0.719] — AI-вердикт: CORRECT
2025-10-13 12:19:04 [INFO] Аналитик функций ГО: AI подтвердил связь КГДМФРК-174 (КГДМФРК) → МФРК-298 (МФРК) [sim 0.985] — AI-вердикт: CORRECT
2025-10-13 12:19:04 [INFO] Аналитик функций ГО: AI подтвердил связь КГДМФРК-210 (КГДМФРК) → МФРК-530 (МФРК) [sim 0.939] — AI-вердикт: CORRECT
2025-10-13 12:19:04 [INFO] Аналитик функций ГО: AI подтвердил связь КГДМФРК-151 (КГДМФРК) → МФРК-272 (МФРК) [sim 0.984] — AI-вердикт: CORRECT
2025-10-13 12:19:04 [INFO] Аналитик функций ГО: AI подтвердил связь КГДМФРК-187 (КГДМФРК) → МФРК-200 (МФРК) [sim 0.995] — AI-вердикт: CORRECT
2025-10-13 12:19:04 [INFO] Аналитик функций ГО: AI подтвердил связь КГДМФРК-204 (КГДМФРК) → МФРК-525 (МФРК) [sim 0.990] — AI-вердикт: CORRECT
2025-10-13 12:19:04 [INFO] Аналитик функций ГО: AI подтвердил связь КГДМФРК-172 (КГДМФРК) → МФРК-319 (МФРК) [sim 0.930] — AI-вердикт: CORRECT
2025-10-13 12:19:04 [INFO] Аналитик функций ГО: AI подтвердил связь КГДМФРК-221 (КГДМФРК) → МФРК-545 (МФРК) [sim 1.000] — AI-вердикт: CORRECT
2025-10-13 12:19:04 [INFO] Аналитик функций ГО: AI подтвердил связь КГДМФРК-233 (КГДМФРК) → МФРК-557 (МФРК) [sim 1.000] — AI-вердикт: CORRECT
2025-10-13 12:19:04 [INFO] Аналитик функций ГО: AI подтвердил связь КГДМФРК-234 (КГДМФРК) → МФРК-559 (МФРК) [sim 1.000] — AI-вердикт: CORRECT
2025-10-13 12:19:04 [INFO] Аналитик функций ГО: AI подтвердил связь КГДМФРК-167 (КГДМФРК) → МФРК-274 (МФРК) [sim 0.981] — AI-вердикт: CORRECT
2025-10-13 12:19:04 [INFO] Аналитик функций ГО: AI подтвердил связь КГДМФРК-203 (КГДМФРК) → МФРК-520 (МФРК) [sim 1.000] — AI-вердикт: CORRECT
2025-10-13 12:19:04 [INFO] Аналитик функций ГО: AI подтвердил связь КГДМФРК-213 (КГДМФРК) → МФРК-537 (МФРК) [sim 1.000] — AI-вердикт: CORRECT
2025-10-13 12:19:04 [INFO] Аналитик функций ГО: AI подтвердил связь КГДМФРК-246 (КГДМФРК) → МФРК-826 (МФРК) [sim 1.000] — AI-вердикт: CORRECT
2025-10-13 12:19:04 [INFO] Аналитик функций ГО: AI подтвердил связь КГДМФРК-199 (КГДМФРК) → МФРК-293 (МФРК) [sim 0.970] — AI-вердикт: CORRECT
2025-10-13 12:19:04 [INFO] Аналитик функций ГО: AI подтвердил связь КГДМФРК-245 (КГДМФРК) → МФРК-825 (МФРК) [sim 1.000] — AI-вердикт: CORRECT
2025-10-13 12:19:04 [INFO] Аналитик функций ГО: AI подтвердил связь КГДМФРК-222 (КГДМФРК) → МФРК-547 (МФРК) [sim 0.961] — AI-вердикт: CORRECT
2025-10-13 12:19:04 [INFO] Аналитик функций ГО: AI подтвердил связь КГДМФРК-238 (КГДМФРК) → МФРК-818 (МФРК) [sim 1.000] — AI-вердикт: CORRECT
2025-10-13 12:19:04 [INFO] Аналитик функций ГО: AI подтвердил связь КГДМФРК-236 (КГДМФРК) → МФРК-816 (МФРК) [sim 1.000] — AI-вердикт: CORRECT
2025-10-13 12:19:04 [INFO] Аналитик функций ГО: AI подтвердил связь КГДМФРК-217 (КГДМФРК) → МФРК-541 (МФРК) [sim 0.953] — AI-вердикт: CORRECT
2025-10-13 12:19:04 [INFO] Аналитик функций ГО: AI подтвердил связь КГДМФРК-243 (КГДМФРК) → МФРК-823 (МФРК) [sim 1.000] — AI-вердикт: CORRECT
2025-10-13 12:19:04 [INFO] Аналитик функций ГО: AI подтвердил связь КГДМФРК-218 (КГДМФРК) → МФРК-542 (МФРК) [sim 1.000] — AI-вердикт: CORRECT
2025-10-13 12:19:04 [INFO] Аналитик функций ГО: AI подтвердил связь КГДМФРК-219 (КГДМФРК) → МФРК-543 (МФРК) [sim 0.940] — AI-вердикт: CORRECT
2025-10-13 12:19:04 [INFO] Аналитик функций ГО: AI подтвердил связь КГДМФРК-228 (КГДМФРК) → МФРК-555 (МФРК) [sim 1.000] — AI-вердикт: CORRECT
2025-10-13 12:19:04 [INFO] Аналитик функций ГО: AI подтвердил связь КГДМФРК-185 (КГДМФРК) → МФРК-326 (МФРК) [sim 0.982] — AI-вердикт: CORRECT
2025-10-13 12:19:04 [INFO] Аналитик функций ГО: AI подтвердил связь КГДМФРК-253 (КГДМФРК) → МФРК-568 (МФРК) [sim 1.000] — AI-вердикт: CORRECT
2025-10-13 12:19:04 [INFO] Аналитик функций ГО: AI подтвердил связь КГДМФРК-205 (КГДМФРК) → МФРК-526 (МФРК) [sim 1.000] — AI-вердикт: CORRECT
2025-10-13 12:19:04 [INFO] Аналитик функций ГО: AI подтвердил связь КГДМФРК-214 (КГДМФРК) → МФРК-538 (МФРК) [sim 0.960] — AI-вердикт: CORRECT
2025-10-13 12:19:04 [INFO] Аналитик функций ГО: AI подтвердил связь КГДМФРК-248 (КГДМФРК) → МФРК-560 (МФРК) [sim 1.000] — AI-вердикт: CORRECT
2025-10-13 12:19:04 [INFO] Аналитик функций ГО: AI подтвердил связь КГДМФРК-24 (КГДМФРК) → МФРК-419 (МФРК) [sim 1.000] — AI-вердикт: CORRECT
2025-10-13 12:19:04 [INFO] Аналитик функций ГО: AI подтвердил связь КГДМФРК-227 (КГДМФРК) → МФРК-550 (МФРК) [sim 0.943] — AI-вердикт: CORRECT
2025-10-13 12:19:04 [INFO] Аналитик функций ГО: AI подтвердил связь КГДМФРК-251 (КГДМФРК) → МФРК-566 (МФРК) [sim 1.000] — AI-вердикт: CORRECT
2025-10-13 12:19:04 [INFO] Аналитик функций ГО: AI подтвердил связь КГДМФРК-22 (КГДМФРК) → МФРК-214 (МФРК) [sim 0.980] — AI-вердикт: CORRECT
2025-10-13 12:19:04 [INFO] Аналитик функций ГО: AI подтвердил связь КГДМФРК-249 (КГДМФРК) → МФРК-562 (МФРК) [sim 1.000] — AI-вердикт: CORRECT
2025-10-13 12:19:04 [INFO] Аналитик функций ГО: AI подтвердил связь КГДМФРК-244 (КГДМФРК) → МФРК-824 (МФРК) [sim 1.000] — AI-вердикт: CORRECT
2025-10-13 12:19:04 [INFO] Аналитик функций ГО: AI подтвердил связь КГДМФРК-242 (КГДМФРК) → МФРК-822 (МФРК) [sim 1.000] — AI-вердикт: CORRECT
2025-10-13 12:19:04 [INFO] Аналитик функций ГО: AI подтвердил связь КГДМФРК-220 (КГДМФРК) → МФРК-544 (МФРК) [sim 0.891] — AI-вердикт: CORRECT
2025-10-13 12:19:04 [INFO] Аналитик функций ГО: AI подтвердил связь КГДМФРК-241 (КГДМФРК) → МФРК-821 (МФРК) [sim 1.000] — AI-вердикт: CORRECT
2025-10-13 12:19:04 [INFO] Аналитик функций ГО: AI подтвердил связь КГДМФРК-272 (КГДМФРК) → МФРК-233 (МФРК) [sim 1.000] — AI-вердикт: CORRECT
2025-10-13 12:19:04 [INFO] Аналитик функций ГО: AI подтвердил связь КГДМФРК-201 (КГДМФРК) → МФРК-310 (МФРК) [sim 0.943] — AI-вердикт: CORRECT
2025-10-13 12:19:04 [INFO] Аналитик функций ГО: AI подтвердил связь КГДМФРК-170 (КГДМФРК) → МФРК-306 (МФРК) [sim 0.924] — AI-вердикт: CORRECT
2025-10-13 12:19:04 [INFO] Аналитик функций ГО: AI подтвердил связь КГДМФРК-256 (КГДМФРК) → МФРК-579 (МФРК) [sim 1.000] — AI-вердикт: CORRECT
2025-10-13 12:19:04 [INFO] Аналитик функций ГО: AI подтвердил связь КГДМФРК-237 (КГДМФРК) → МФРК-817 (МФРК) [sim 0.986] — AI-вердикт: CORRECT
2025-10-13 12:19:04 [INFO] Аналитик функций ГО: AI подтвердил связь КГДМФРК-254 (КГДМФРК) → МФРК-570 (МФРК) [sim 1.000] — AI-вердикт: CORRECT
2025-10-13 12:19:04 [INFO] Аналитик функций ГО: AI подтвердил связь КГДМФРК-247 (КГДМФРК) → МФРК-828 (МФРК) [sim 1.000] — AI-вердикт: CORRECT
2025-10-13 12:19:04 [INFO] Аналитик функций ГО: AI подтвердил связь КГДМФРК-265 (КГДМФРК) → МФРК-650 (МФРК) [sim 1.000] — AI-вердикт: CORRECT
2025-10-13 12:19:04 [INFO] Аналитик функций ГО: AI подтвердил связь КГДМФРК-259 (КГДМФРК) → МФРК-505 (МФРК) [sim 1.000] — AI-вердикт: CORRECT
2025-10-13 12:19:04 [INFO] Аналитик функций ГО: AI подтвердил связь КГДМФРК-191 (КГДМФРК) → МФРК-308 (МФРК) [sim 0.956] — AI-вердикт: CORRECT
2025-10-13 12:19:04 [INFO] Аналитик функций ГО: AI подтвердил связь КГДМФРК-235 (КГДМФРК) → МФРК-815 (МФРК) [sim 0.960] — AI-вердикт: CORRECT
2025-10-13 12:19:04 [INFO] Аналитик функций ГО: AI подтвердил связь КГДМФРК-223 (КГДМФРК) → МФРК-548 (МФРК) [sim 0.945] — AI-вердикт: CORRECT
2025-10-13 12:19:04 [INFO] Аналитик функций ГО: AI подтвердил связь КГДМФРК-273 (КГДМФРК) → МФРК-517 (МФРК) [sim 1.000] — AI-вердикт: CORRECT
2025-10-13 12:19:04 [INFO] Аналитик функций ГО: AI подтвердил связь КГДМФРК-23 (КГДМФРК) → МФРК-345 (МФРК) [sim 0.993] — AI-вердикт: CORRECT
2025-10-13 12:19:04 [INFO] Аналитик функций ГО: AI подтвердил связь КГДМФРК-250 (КГДМФРК) → МФРК-564 (МФРК) [sim 1.000] — AI-вердикт: CORRECT
2025-10-13 12:19:04 [INFO] Аналитик функций ГО: AI подтвердил связь КГДМФРК-255 (КГДМФРК) → МФРК-572 (МФРК) [sim 1.000] — AI-вердикт: CORRECT
2025-10-13 12:19:04 [INFO] Аналитик функций ГО: AI подтвердил связь КГДМФРК-278 (КГДМФРК) → МФРК-608 (МФРК) [sim 1.000] — AI-вердикт: CORRECT
2025-10-13 12:19:04 [INFO] Аналитик функций ГО: AI подтвердил связь КГДМФРК-27 (КГДМФРК) → МФРК-366 (МФРК) [sim 0.956] — AI-вердикт: CORRECT
2025-10-13 12:19:04 [INFO] Аналитик функций ГО: AI подтвердил связь КГДМФРК-298 (КГДМФРК) → МФРК-591 (МФРК) [sim 1.000] — AI-вердикт: CORRECT
2025-10-13 12:19:04 [INFO] Аналитик функций ГО: AI подтвердил связь КГДМФРК-264 (КГДМФРК) → МФРК-649 (МФРК) [sim 1.000] — AI-вердикт: CORRECT
2025-10-13 12:19:04 [INFO] Аналитик функций ГО: AI подтвердил связь КГДМФРК-271 (КГДМФРК) → МФРК-655 (МФРК) [sim 1.000] — AI-вердикт: CORRECT
2025-10-13 12:19:04 [INFO] Аналитик функций ГО: AI подтвердил связь КГДМФРК-277 (КГДМФРК) → МФРК-607 (МФРК) [sim 1.000] — AI-вердикт: CORRECT
2025-10-13 12:19:04 [INFO] Аналитик функций ГО: AI подтвердил связь КГДМФРК-268 (КГДМФРК) → МФРК-725 (МФРК) [sim 1.000] — AI-вердикт: CORRECT
2025-10-13 12:19:04 [INFO] Аналитик функций ГО: AI подтвердил связь КГДМФРК-274 (КГДМФРК) → МФРК-254 (МФРК) [sim 0.973] — AI-вердикт: CORRECT
2025-10-13 12:19:04 [INFO] Аналитик функций ГО: AI подтвердил связь КГДМФРК-252 (КГДМФРК) → МФРК-567 (МФРК) [sim 0.946] — AI-вердикт: CORRECT
2025-10-13 12:19:04 [INFO] Аналитик функций ГО: AI подтвердил связь КГДМФРК-275 (КГДМФРК) → МФРК-583 (МФРК) [sim 1.000] — AI-вердикт: CORRECT
2025-10-13 12:19:04 [INFO] Аналитик функций ГО: AI подтвердил связь КГДМФРК-232 (КГДМФРК) → МФРК-543 (МФРК) [sim 0.913] — AI-вердикт: CORRECT
2025-10-13 12:19:04 [INFO] Аналитик функций ГО: AI подтвердил связь КГДМФРК-269 (КГДМФРК) → МФРК-653 (МФРК) [sim 1.000] — AI-вердикт: CORRECT
2025-10-13 12:19:04 [INFO] Аналитик функций ГО: AI подтвердил связь КГДМФРК-261 (КГДМФРК) → МФРК-522 (МФРК) [sim 0.978] — AI-вердикт: CORRECT
2025-10-13 12:19:04 [INFO] Аналитик функций ГО: AI подтвердил связь КГДМФРК-270 (КГДМФРК) → МФРК-654 (МФРК) [sim 0.962] — AI-вердикт: CORRECT
2025-10-13 12:19:04 [INFO] Аналитик функций ГО: AI подтвердил связь КГДМФРК-29 (КГДМФРК) → МФРК-368 (МФРК) [sim 0.966] — AI-вердикт: CORRECT
2025-10-13 12:19:04 [INFO] Аналитик функций ГО: AI подтвердил связь КГДМФРК-301 (КГДМФРК) → МФРК-595 (МФРК) [sim 1.000] — AI-вердикт: CORRECT
2025-10-13 12:19:04 [INFO] Аналитик функций ГО: AI подтвердил связь КГДМФРК-279 (КГДМФРК) → МФРК-371 (МФРК) [sim 0.980] — AI-вердикт: CORRECT
2025-10-13 12:19:04 [INFO] Аналитик функций ГО: AI подтвердил связь КГДМФРК-276 (КГДМФРК) → МФРК-775 (МФРК) [sim 0.993] — AI-вердикт: CORRECT
2025-10-13 12:19:04 [INFO] Аналитик функций ГО: AI подтвердил связь КГАМТРК-8 (КГАМТРК) → МТРК-19 (МТРК) [sim 0.740] — AI-вердикт: CORRECT
2025-10-13 12:19:04 [INFO] Аналитик функций ГО: AI подтвердил связь КГДМФРК-305 (КГДМФРК) → МФРК-594 (МФРК) [sim 1.000] — AI-вердикт: CORRECT
2025-10-13 12:19:04 [INFO] Аналитик функций ГО: AI подтвердил связь КГДМФРК-239 (КГДМФРК) → МФРК-819 (МФРК) [sim 0.981] — AI-вердикт: CORRECT
2025-10-13 12:19:04 [INFO] Аналитик функций ГО: AI подтвердил связь КГДМФРК-318 (КГДМФРК) → МФРК-599 (МФРК) [sim 0.988] — AI-вердикт: CORRECT
2025-10-13 12:19:04 [INFO] Аналитик функций ГО: AI подтвердил связь КГДМФРК-263 (КГДМФРК) → МФРК-418 (МФРК) [sim 0.954] — AI-вердикт: CORRECT
2025-10-13 12:19:04 [INFO] Аналитик функций ГО: AI подтвердил связь КГДМФРК-257 (КГДМФРК) → МФРК-295 (МФРК) [sim 0.991] — AI-вердикт: CORRECT
2025-10-13 12:19:04 [INFO] Аналитик функций ГО: AI подтвердил связь КГДМФРК-31 (КГДМФРК) → МФРК-369 (МФРК) [sim 1.000] — AI-вердикт: CORRECT
2025-10-13 12:19:04 [INFO] Аналитик функций ГО: AI подтвердил связь КГДМФРК-28 (КГДМФРК) → МФРК-367 (МФРК) [sim 0.961] — AI-вердикт: CORRECT
2025-10-13 12:19:04 [INFO] Аналитик функций ГО: AI подтвердил связь КГДМФРК-266 (КГДМФРК) → МФРК-416 (МФРК) [sim 0.930] — AI-вердикт: CORRECT
2025-10-13 12:19:04 [INFO] Аналитик функций ГО: AI подтвердил связь КГДМФРК-300 (КГДМФРК) → МФРК-593 (МФРК) [sim 1.000] — AI-вердикт: CORRECT
2025-10-13 12:19:04 [INFO] Аналитик функций ГО: AI подтвердил связь КГДМФРК-262 (КГДМФРК) → МФРК-524 (МФРК) [sim 0.962] — AI-вердикт: CORRECT
2025-10-13 12:19:04 [INFO] Аналитик функций ГО: AI подтвердил связь КГДМФРК-315 (КГДМФРК) → МФРК-597 (МФРК) [sim 1.000] — AI-вердикт: CORRECT
2025-10-13 12:19:04 [INFO] Аналитик функций ГО: AI подтвердил связь КГДМФРК-280 (КГДМФРК) → МФРК-372 (МФРК) [sim 0.853] — AI-вердикт: CORRECT
2025-10-13 12:19:04 [INFO] Аналитик функций ГО: AI подтвердил связь КГДМФРК-324 (КГДМФРК) → МФРК-602 (МФРК) [sim 1.000] — AI-вердикт: CORRECT
2025-10-13 12:19:04 [INFO] Аналитик функций ГО: AI подтвердил связь КГДМФРК-323 (КГДМФРК) → МФРК-239 (МФРК) [sim 0.962] — AI-вердикт: CORRECT
2025-10-13 12:19:04 [INFO] Аналитик функций ГО: AI подтвердил связь КГДМФРК-317 (КГДМФРК) → МФРК-598 (МФРК) [sim 1.000] — AI-вердикт: CORRECT
2025-10-13 12:19:04 [INFO] Аналитик функций ГО: AI подтвердил связь КГДМФРК-206 (КГДМФРК) → МФРК-527 (МФРК) [sim 0.972] — AI-вердикт: CORRECT
2025-10-13 12:19:04 [INFO] Аналитик функций ГО: AI подтвердил связь КГДМФРК-320 (КГДМФРК) → МФРК-600 (МФРК) [sim 1.000] — AI-вердикт: CORRECT
2025-10-13 12:19:04 [INFO] Аналитик функций ГО: AI подтвердил связь КГДМФРК-240 (КГДМФРК) → МФРК-820 (МФРК) [sim 1.000] — AI-вердикт: CORRECT
2025-10-13 12:19:04 [INFO] Аналитик функций ГО: AI подтвердил связь КГДМФРК-282 (КГДМФРК) → МФРК-156 (МФРК) [sim 0.973] — AI-вердикт: CORRECT
2025-10-13 12:19:04 [INFO] Аналитик функций ГО: AI подтвердил связь КГДМФРК-281 (КГДМФРК) → МФРК-565 (МФРК) [sim 1.000] — AI-вердикт: CORRECT
2025-10-13 12:19:04 [INFO] Аналитик функций ГО: AI подтвердил связь КГДМФРК-330 (КГДМФРК) → МФРК-622 (МФРК) [sim 1.000] — AI-вердикт: CORRECT
2025-10-13 12:19:04 [INFO] Аналитик функций ГО: AI подтвердил связь КГДМФРК-260 (КГДМФРК) → МФРК-521 (МФРК) [sim 0.958] — AI-вердикт: CORRECT
2025-10-13 12:19:04 [INFO] Аналитик функций ГО: AI подтвердил связь КГДМФРК-336 (КГДМФРК) → МФРК-676 (МФРК) [sim 1.000] — AI-вердикт: CORRECT
2025-10-13 12:19:04 [INFO] Аналитик функций ГО: AI подтвердил связь КГДМФРК-321 (КГДМФРК) → МФРК-601 (МФРК) [sim 1.000] — AI-вердикт: CORRECT
2025-10-13 12:19:04 [INFO] Аналитик функций ГО: AI подтвердил связь КГДМФРК-314 (КГДМФРК) → МФРК-606 (МФРК) [sim 1.000] — AI-вердикт: CORRECT
2025-10-13 12:19:04 [INFO] Аналитик функций ГО: AI подтвердил связь КГДМФРК-308 (КГДМФРК) → МФРК-244 (МФРК) [sim 0.977] — AI-вердикт: CORRECT
2025-10-13 12:19:04 [INFO] Аналитик функций ГО: AI подтвердил связь КГДМФРК-334 (КГДМФРК) → МФРК-675 (МФРК) [sim 1.000] — AI-вердикт: CORRECT
2025-10-13 12:19:04 [INFO] Аналитик функций ГО: AI подтвердил связь КГДМФРК-337 (КГДМФРК) → МФРК-677 (МФРК) [sim 1.000] — AI-вердикт: CORRECT
2025-10-13 12:19:04 [INFO] Аналитик функций ГО: AI подтвердил связь КГДМФРК-322 (КГДМФРК) → МФРК-238 (МФРК) [sim 0.983] — AI-вердикт: CORRECT
2025-10-13 12:19:04 [INFO] Аналитик функций ГО: AI подтвердил связь КГДМФРК-341 (КГДМФРК) → МФРК-680 (МФРК) [sim 1.000] — AI-вердикт: CORRECT
2025-10-13 12:19:04 [INFO] Аналитик функций ГО: AI подтвердил связь КГДМФРК-310 (КГДМФРК) → МФРК-246 (МФРК) [sim 0.974] — AI-вердикт: CORRECT
2025-10-13 12:19:04 [INFO] Аналитик функций ГО: AI подтвердил связь КГДМФРК-258 (КГДМФРК) → МФРК-305 (МФРК) [sim 0.986] — AI-вердикт: CORRECT
2025-10-13 12:19:04 [INFO] Аналитик функций ГО: AI подтвердил связь КГДМФРК-327 (КГДМФРК) → МФРК-605 (МФРК) [sim 1.000] — AI-вердикт: CORRECT
2025-10-13 12:19:04 [INFO] Аналитик функций ГО: AI подтвердил связь КГДМФРК-331 (КГДМФРК) → МФРК-670 (МФРК) [sim 1.000] — AI-вердикт: CORRECT
2025-10-13 12:19:04 [INFO] Аналитик функций ГО: AI подтвердил связь КГДМФРК-33 (КГДМФРК) → МФРК-571 (МФРК) [sim 1.000] — AI-вердикт: CORRECT
2025-10-13 12:19:04 [INFO] Аналитик функций ГО: AI подтвердил связь КГДМФРК-319 (КГДМФРК) → МФРК-237 (МФРК) [sim 0.984] — AI-вердикт: CORRECT
2025-10-13 12:19:04 [INFO] Аналитик функций ГО: AI подтвердил связь КГДМФРК-332 (КГДМФРК) → МФРК-671 (МФРК) [sim 1.000] — AI-вердикт: CORRECT
2025-10-13 12:19:04 [INFO] Аналитик функций ГО: AI подтвердил связь КГДМФРК-198 (КГДМФРК) → МФРК-434 (МФРК) [sim 0.909] — AI-вердикт: CORRECT
2025-10-13 12:19:04 [INFO] Аналитик функций ГО: AI подтвердил связь КГДМФРК-267 (КГДМФРК) → МФРК-651 (МФРК) [sim 0.992] — AI-вердикт: CORRECT
2025-10-13 12:19:04 [INFO] Аналитик функций ГО: AI подтвердил связь КГДМФРК-307 (КГДМФРК) → МФРК-243 (МФРК) [sim 0.990] — AI-вердикт: CORRECT
2025-10-13 12:19:04 [INFO] Аналитик функций ГО: AI подтвердил связь КГДМФРК-313 (КГДМФРК) → МФРК-706 (МФРК) [sim 0.989] — AI-вердикт: CORRECT
2025-10-13 12:19:04 [INFO] Аналитик функций ГО: AI подтвердил связь КГДМФРК-344 (КГДМФРК) → МФРК-116 (МФРК) [sim 1.000] — AI-вердикт: CORRECT
2025-10-13 12:19:04 [INFO] Аналитик функций ГО: AI подтвердил связь КГДМФРК-316 (КГДМФРК) → МФРК-236 (МФРК) [sim 0.963] — AI-вердикт: CORRECT
2025-10-13 12:19:04 [INFO] Аналитик функций ГО: AI подтвердил связь КГДМФРК-229 (КГДМФРК) → МФРК-558 (МФРК) [sim 1.000] — AI-вердикт: CORRECT
2025-10-13 12:19:04 [INFO] Аналитик функций ГО: AI подтвердил связь КГДМФРК-328 (КГДМФРК) → МФРК-252 (МФРК) [sim 0.960] — AI-вердикт: CORRECT
2025-10-13 12:19:04 [INFO] Аналитик функций ГО: AI подтвердил связь КГДМФРК-340 (КГДМФРК) → МФРК-679 (МФРК) [sim 1.000] — AI-вердикт: CORRECT
2025-10-13 12:19:04 [INFO] Аналитик функций ГО: AI подтвердил связь КГДМФРК-302 (КГДМФРК) → МФРК-249 (МФРК) [sim 0.872] — AI-вердикт: CORRECT
2025-10-13 12:19:04 [INFO] Аналитик функций ГО: AI подтвердил связь КГДМФРК-333 (КГДМФРК) → МФРК-673 (МФРК) [sim 1.000] — AI-вердикт: CORRECT
2025-10-13 12:19:04 [INFO] Аналитик функций ГО: AI подтвердил связь КГДМФРК-20 (КГДМФРК) → МФРК-361 (МФРК) [sim 0.979] — AI-вердикт: CORRECT
2025-10-13 12:19:04 [INFO] Аналитик функций ГО: AI подтвердил связь КГДМФРК-339 (КГДМФРК) → МФРК-681 (МФРК) [sim 1.000] — AI-вердикт: CORRECT
2025-10-13 12:19:04 [INFO] Аналитик функций ГО: AI подтвердил связь КГДМФРК-343 (КГДМФРК) → МФРК-683 (МФРК) [sim 1.000] — AI-вердикт: CORRECT
2025-10-13 12:19:04 [INFO] Аналитик функций ГО: AI подтвердил связь КГДМФРК-30 (КГДМФРК) → МФРК-510 (МФРК) [sim 0.986] — AI-вердикт: CORRECT
2025-10-13 12:19:04 [INFO] Аналитик функций ГО: AI подтвердил связь КГДМФРК-326 (КГДМФРК) → МФРК-241 (МФРК) [sim 0.985] — AI-вердикт: CORRECT
2025-10-13 12:19:04 [INFO] Аналитик функций ГО: AI подтвердил связь КГДМФРК-166 (КГДМФРК) → МФРК-316 (МФРК) [sim 0.988] — AI-вердикт: CORRECT
2025-10-13 12:19:04 [INFO] Аналитик функций ГО: AI подтвердил связь КГДМФРК-361 (КГДМФРК) → МФРК-115 (МФРК) [sim 1.000] — AI-вердикт: CORRECT
2025-10-13 12:19:04 [INFO] Аналитик функций ГО: AI подтвердил связь КГДМФРК-325 (КГДМФРК) → МФРК-240 (МФРК) [sim 0.981] — AI-вердикт: CORRECT
2025-10-13 12:19:04 [INFO] Аналитик функций ГО: AI подтвердил связь КГДМФРК-359 (КГДМФРК) → МФРК-686 (МФРК) [sim 1.000] — AI-вердикт: CORRECT
2025-10-13 12:19:04 [INFO] Аналитик функций ГО: AI подтвердил связь КГДМФРК-286 (КГДМФРК) → МФРК-565 (МФРК) [sim 0.657] — AI-вердикт: CORRECT
2025-10-13 12:19:04 [INFO] Аналитик функций ГО: AI подтвердил связь КГДМФРК-290 (КГДМФРК) → МФРК-587 (МФРК) [sim 0.757] — AI-вердикт: CORRECT
2025-10-13 12:19:04 [INFO] Аналитик функций ГО: AI подтвердил связь КГДМФРК-311 (КГДМФРК) → МФРК-604 (МФРК) [sim 0.972] — AI-вердикт: CORRECT
2025-10-13 12:19:04 [INFO] Аналитик функций ГО: AI подтвердил связь КГДМФРК-26 (КГДМФРК) → МФРК-365 (МФРК) [sim 0.974] — AI-вердикт: CORRECT
2025-10-13 12:19:04 [INFO] Аналитик функций ГО: AI подтвердил связь КГДМФРК-353 (КГДМФРК) → МФРК-102 (МФРК) [sim 0.931] — AI-вердикт: CORRECT
2025-10-13 12:19:04 [INFO] Аналитик функций ГО: AI подтвердил связь КГДМФРК-350 (КГДМФРК) → МФРК-112 (МФРК) [sim 0.947] — AI-вердикт: CORRECT
2025-10-13 12:19:04 [INFO] Аналитик функций ГО: AI подтвердил связь КГДМФРК-378 (КГДМФРК) → МФРК-689 (МФРК) [sim 1.000] — AI-вердикт: CORRECT
2025-10-13 12:19:04 [INFO] Аналитик функций ГО: AI подтвердил связь КГДМФРК-382 (КГДМФРК) → МФРК-693 (МФРК) [sim 1.000] — AI-вердикт: CORRECT
2025-10-13 12:19:04 [INFO] Аналитик функций ГО: AI подтвердил связь КГДМФРК-303 (КГДМФРК) → МФРК-249 (МФРК) [sim 0.981] — AI-вердикт: CORRECT
2025-10-13 12:19:04 [INFO] Аналитик функций ГО: AI подтвердил связь КГДМФРК-379 (КГДМФРК) → МФРК-690 (МФРК) [sim 1.000] — AI-вердикт: CORRECT
2025-10-13 12:19:04 [INFO] Аналитик функций ГО: AI подтвердил связь КГДМФРК-371 (КГДМФРК) → МФРК-127 (МФРК) [sim 0.976] — AI-вердикт: CORRECT
2025-10-13 12:19:04 [INFO] Аналитик функций ГО: AI подтвердил связь КГДМФРК-372 (КГДМФРК) → МФРК-128 (МФРК) [sim 0.963] — AI-вердикт: CORRECT
2025-10-13 12:19:04 [INFO] Аналитик функций ГО: AI подтвердил связь КГДМФРК-355 (КГДМФРК) → МФРК-699 (МФРК) [sim 1.000] — AI-вердикт: CORRECT
2025-10-13 12:19:04 [INFO] Аналитик функций ГО: AI подтвердил связь КГДМФРК-362 (КГДМФРК) → МФРК-117 (МФРК) [sim 0.971] — AI-вердикт: CORRECT
2025-10-13 12:19:04 [INFO] Аналитик функций ГО: AI подтвердил связь КГДМФРК-368 (КГДМФРК) → МФРК-124 (МФРК) [sim 0.973] — AI-вердикт: CORRECT
2025-10-13 12:19:04 [INFO] Аналитик функций ГО: AI подтвердил связь КГДМФРК-309 (КГДМФРК) → МФРК-245 (МФРК) [sim 0.981] — AI-вердикт: CORRECT
2025-10-13 12:19:04 [INFO] Аналитик функций ГО: AI подтвердил связь КГДМФРК-380 (КГДМФРК) → МФРК-691 (МФРК) [sim 1.000] — AI-вердикт: CORRECT
2025-10-13 12:19:04 [INFO] Аналитик функций ГО: AI подтвердил связь КГДМФРК-385-2 (КГДМФРК) → МФРК-696-2 (МФРК) [sim 1.000] — AI-вердикт: CORRECT
2025-10-13 12:19:04 [INFO] Аналитик функций ГО: AI подтвердил связь КГДМФРК-385-3 (КГДМФРК) → МФРК-696-3 (МФРК) [sim 1.000] — AI-вердикт: CORRECT
2025-10-13 12:19:04 [INFO] Аналитик функций ГО: AI подтвердил связь КГДМФРК-367 (КГДМФРК) → МФРК-103 (МФРК) [sim 0.882] — AI-вердикт: CORRECT
2025-10-13 12:19:04 [INFO] Аналитик функций ГО: AI подтвердил связь КГДМФРК-357 (КГДМФРК) → МФРК-684 (МФРК) [sim 1.000] — AI-вердикт: CORRECT
2025-10-13 12:19:04 [INFO] Аналитик функций ГО: AI подтвердил связь КГДМФРК-373 (КГДМФРК) → МФРК-129 (МФРК) [sim 0.985] — AI-вердикт: CORRECT
2025-10-13 12:19:04 [INFO] Аналитик функций ГО: AI подтвердил связь КГДМФРК-377 (КГДМФРК) → МФРК-688 (МФРК) [sim 1.000] — AI-вердикт: CORRECT
2025-10-13 12:19:04 [INFO] Аналитик функций ГО: AI подтвердил связь КГДМФРК-364 (КГДМФРК) → МФРК-113 (МФРК) [sim 0.959] — AI-вердикт: CORRECT
2025-10-13 12:19:04 [INFO] Аналитик функций ГО: AI подтвердил связь КГДМФРК-35 (КГДМФРК) → МФРК-865 (МФРК) [sim 0.977] — AI-вердикт: CORRECT
2025-10-13 12:19:04 [INFO] Аналитик функций ГО: AI подтвердил связь КГДМФРК-342 (КГДМФРК) → МФРК-682 (МФРК) [sim 1.000] — AI-вердикт: CORRECT
2025-10-13 12:19:04 [INFO] Аналитик функций ГО: AI подтвердил связь КГДМФРК-383 (КГДМФРК) → МФРК-694 (МФРК) [sim 1.000] — AI-вердикт: CORRECT
2025-10-13 12:19:04 [INFO] Аналитик функций ГО: AI подтвердил связь КГДМФРК-374 (КГДМФРК) → МФРК-130 (МФРК) [sim 0.984] — AI-вердикт: CORRECT
2025-10-13 12:19:04 [INFO] Аналитик функций ГО: AI подтвердил связь КГДМФРК-37 (КГДМФРК) → МФРК-886 (МФРК) [sim 0.962] — AI-вердикт: CORRECT
2025-10-13 12:19:04 [INFO] Аналитик функций ГО: AI подтвердил связь КГДМФРК-376 (КГДМФРК) → МФРК-687 (МФРК) [sim 1.000] — AI-вердикт: CORRECT
2025-10-13 12:19:04 [INFO] Аналитик функций ГО: AI подтвердил связь КГДМФРК-385-4 (КГДМФРК) → МФРК-696-4 (МФРК) [sim 1.000] — AI-вердикт: CORRECT
2025-10-13 12:19:04 [INFO] Аналитик функций ГО: AI подтвердил связь КГДМФРК-306 (КГДМФРК) → МФРК-596 (МФРК) [sim 0.858] — AI-вердикт: CORRECT
2025-10-13 12:19:04 [INFO] Аналитик функций ГО: AI подтвердил связь КГДМФРК-398 (КГДМФРК) → МФРК-876 (МФРК) [sim 1.000] — AI-вердикт: CORRECT
2025-10-13 12:19:04 [INFO] Аналитик функций ГО: AI подтвердил связь КГДМФРК-352 (КГДМФРК) → МФРК-109 (МФРК) [sim 0.953] — AI-вердикт: CORRECT
2025-10-13 12:19:04 [INFO] Аналитик функций ГО: AI подтвердил связь КГДМФРК-345 (КГДМФРК) → МФРК-119 (МФРК) [sim 0.930] — AI-вердикт: CORRECT
2025-10-13 12:19:04 [INFO] Аналитик функций ГО: AI подтвердил связь КГДМФРК-395 (КГДМФРК) → МФРК-873 (МФРК) [sim 1.000] — AI-вердикт: CORRECT
2025-10-13 12:19:04 [INFO] Аналитик функций ГО: AI подтвердил связь КГДМФРК-375 (КГДМФРК) → МФРК-131 (МФРК) [sim 0.983] — AI-вердикт: CORRECT
2025-10-13 12:19:04 [INFO] Аналитик функций ГО: AI подтвердил связь КГДМФРК-387-2 (КГДМФРК) → МФРК-698-2 (МФРК) [sim 1.000] — AI-вердикт: CORRECT
2025-10-13 12:19:04 [INFO] Аналитик функций ГО: AI подтвердил связь КГДМФРК-363 (КГДМФРК) → МФРК-118 (МФРК) [sim 0.925] — AI-вердикт: CORRECT
2025-10-13 12:19:04 [INFO] Аналитик функций ГО: AI подтвердил связь КГДМФРК-387-1 (КГДМФРК) → МФРК-698-1 (МФРК) [sim 1.000] — AI-вердикт: CORRECT
2025-10-13 12:19:04 [INFO] Аналитик функций ГО: AI подтвердил связь КГДМФРК-370 (КГДМФРК) → МФРК-126 (МФРК) [sim 0.977] — AI-вердикт: CORRECT
2025-10-13 12:19:04 [INFO] Аналитик функций ГО: AI подтвердил связь КГДМФРК-356 (КГДМФРК) → МФРК-700 (МФРК) [sim 1.000] — AI-вердикт: CORRECT
2025-10-13 12:19:04 [INFO] Аналитик функций ГО: AI подтвердил связь КГДМФРК-40 (КГДМФРК) → МФРК-574 (МФРК) [sim 1.000] — AI-вердикт: CORRECT
2025-10-13 12:19:04 [INFO] Аналитик функций ГО: AI подтвердил связь КГДМФРК-384 (КГДМФРК) → МФРК-695 (МФРК) [sim 1.000] — AI-вердикт: CORRECT
2025-10-13 12:19:04 [INFO] Аналитик функций ГО: AI подтвердил связь КГДМФРК-386-2 (КГДМФРК) → МФРК-697-2 (МФРК) [sim 1.000] — AI-вердикт: CORRECT
2025-10-13 12:19:04 [INFO] Аналитик функций ГО: AI подтвердил связь КГДМФРК-387-4 (КГДМФРК) → МФРК-698-4 (МФРК) [sim 1.000] — AI-вердикт: CORRECT
2025-10-13 12:19:04 [INFO] Аналитик функций ГО: AI подтвердил связь КГДМФРК-396 (КГДМФРК) → МФРК-874 (МФРК) [sim 1.000] — AI-вердикт: CORRECT
2025-10-13 12:19:04 [INFO] Аналитик функций ГО: AI подтвердил связь КГДМФРК-390 (КГДМФРК) → МФРК-702 (МФРК) [sim 1.000] — AI-вердикт: CORRECT
2025-10-13 12:19:04 [INFO] Аналитик функций ГО: AI подтвердил связь КГДМФРК-386-1 (КГДМФРК) → МФРК-697-1 (МФРК) [sim 1.000] — AI-вердикт: CORRECT
2025-10-13 12:19:04 [INFO] Аналитик функций ГО: AI подтвердил связь КГДМФРК-397 (КГДМФРК) → МФРК-875 (МФРК) [sim 1.000] — AI-вердикт: CORRECT
2025-10-13 12:19:04 [INFO] Аналитик функций ГО: AI подтвердил связь КГДМФРК-39 (КГДМФРК) → МФРК-573 (МФРК) [sim 1.000] — AI-вердикт: CORRECT
2025-10-13 12:19:04 [INFO] Аналитик функций ГО: AI подтвердил связь КГДМФРК-400 (КГДМФРК) → МФРК-724 (МФРК) [sim 1.000] — AI-вердикт: CORRECT
2025-10-13 12:19:04 [INFO] Аналитик функций ГО: AI подтвердил связь КГДМФРК-389 (КГДМФРК) → МФРК-701 (МФРК) [sim 1.000] — AI-вердикт: CORRECT
2025-10-13 12:19:04 [INFO] Аналитик функций ГО: AI подтвердил связь КГДМФРК-349 (КГДМФРК) → МФРК-123 (МФРК) [sim 0.924] — AI-вердикт: CORRECT
2025-10-13 12:19:04 [INFO] Аналитик функций ГО: AI подтвердил связь КГДМФРК-366 (КГДМФРК) → МФРК-111 (МФРК) [sim 0.992] — AI-вердикт: CORRECT
2025-10-13 12:19:04 [INFO] Аналитик функций ГО: AI подтвердил связь КГДМФРК-36 (КГДМФРК) → МФРК-885 (МФРК) [sim 0.992] — AI-вердикт: CORRECT
2025-10-13 12:19:04 [INFO] Аналитик функций ГО: AI подтвердил связь КГДМФРК-360 (КГДМФРК) → МФРК-114 (МФРК) [sim 0.976] — AI-вердикт: CORRECT
2025-10-13 12:19:04 [INFO] Аналитик функций ГО: AI подтвердил связь КГДМФРК-351 (КГДМФРК) → МФРК-110 (МФРК) [sim 0.949] — AI-вердикт: CORRECT
2025-10-13 12:19:04 [INFO] Аналитик функций ГО: AI подтвердил связь КГДМФРК-392 (КГДМФРК) → МФРК-704 (МФРК) [sim 1.000] — AI-вердикт: CORRECT
2025-10-13 12:19:04 [INFO] Аналитик функций ГО: AI подтвердил связь КГДМФРК-391 (КГДМФРК) → МФРК-703 (МФРК) [sim 1.000] — AI-вердикт: CORRECT
2025-10-13 12:19:04 [INFO] Аналитик функций ГО: AI подтвердил связь КГДМФРК-41 (КГДМФРК) → МФРК-575 (МФРК) [sim 1.000] — AI-вердикт: CORRECT
2025-10-13 12:19:04 [INFO] Аналитик функций ГО: AI подтвердил связь КГДМФРК-394 (КГДМФРК) → МФРК-872 (МФРК) [sim 0.963] — AI-вердикт: CORRECT
2025-10-13 12:19:04 [INFO] Аналитик функций ГО: AI подтвердил связь КГДМФРК-381 (КГДМФРК) → МФРК-692 (МФРК) [sim 0.974] — AI-вердикт: CORRECT
2025-10-13 12:19:04 [INFO] Аналитик функций ГО: AI подтвердил связь КГДМФРК-419 (КГДМФРК) → МФРК-623 (МФРК) [sim 1.000] — AI-вердикт: CORRECT
2025-10-13 12:19:04 [INFO] Аналитик функций ГО: AI подтвердил связь КГДМФРК-385-6 (КГДМФРК) → МФРК-696-6 (МФРК) [sim 1.000] — AI-вердикт: CORRECT
2025-10-13 12:19:04 [INFO] Аналитик функций ГО: AI подтвердил связь КГДМФРК-38 (КГДМФРК) → МФРК-888 (МФРК) [sim 0.989] — AI-вердикт: CORRECT
2025-10-13 12:19:04 [INFO] Аналитик функций ГО: AI подтвердил связь КГДМФРК-369 (КГДМФРК) → МФРК-125 (МФРК) [sim 0.983] — AI-вердикт: CORRECT
2025-10-13 12:19:04 [INFO] Аналитик функций ГО: AI подтвердил связь КГДМФРК-403 (КГДМФРК) → МФРК-139 (МФРК) [sim 1.000] — AI-вердикт: CORRECT
2025-10-13 12:19:04 [INFO] Аналитик функций ГО: AI подтвердил связь КГДМФРК-432 (КГДМФРК) → МФРК-1078 (МФРК) [sim 1.000] — AI-вердикт: CORRECT
2025-10-13 12:19:04 [INFO] Аналитик функций ГО: AI подтвердил связь КГДМФРК-358 (КГДМФРК) → МФРК-685 (МФРК) [sim 0.796] — AI-вердикт: CORRECT
2025-10-13 12:19:04 [INFO] Аналитик функций ГО: AI подтвердил связь КГДМФРК-424 (КГДМФРК) → МФРК-889 (МФРК) [sim 1.000] — AI-вердикт: CORRECT
2025-10-13 12:19:04 [INFO] Аналитик функций ГО: AI подтвердил связь КГДМФРК-427 (КГДМФРК) → МФРК-878 (МФРК) [sim 1.000] — AI-вердикт: CORRECT
2025-10-13 12:19:04 [INFO] Аналитик функций ГО: AI подтвердил связь КГДМФРК-44 (КГДМФРК) → МФРК-576 (МФРК) [sim 1.000] — AI-вердикт: CORRECT
2025-10-13 12:19:04 [INFO] Аналитик функций ГО: AI подтвердил связь КГДМФРК-408 (КГДМФРК) → МФРК-783 (МФРК) [sim 1.000] — AI-вердикт: CORRECT
2025-10-13 12:19:04 [INFO] Аналитик функций ГО: AI подтвердил связь КГДМФРК-430 (КГДМФРК) → МФРК-881 (МФРК) [sim 1.000] — AI-вердикт: CORRECT
2025-10-13 12:19:04 [INFO] Аналитик функций ГО: AI подтвердил связь КГДМФРК-34 (КГДМФРК) → МФРК-364 (МФРК) [sim 0.990] — AI-вердикт: CORRECT
2025-10-13 12:19:04 [INFO] Аналитик функций ГО: AI подтвердил связь КГДМФРК-312 (КГДМФРК) → МФРК-242 (МФРК) [sim 0.959] — AI-вердикт: CORRECT
2025-10-13 12:19:04 [INFO] Аналитик функций ГО: AI подтвердил связь КГДМФРК-386-3 (КГДМФРК) → МФРК-697-3 (МФРК) [sim 1.000] — AI-вердикт: CORRECT
2025-10-13 12:19:04 [INFO] Аналитик функций ГО: AI подтвердил связь КГДМФРК-399 (КГДМФРК) → МФРК-877 (МФРК) [sim 0.986] — AI-вердикт: CORRECT
2025-10-13 12:19:04 [INFO] Аналитик функций ГО: AI подтвердил связь КГДМФРК-431 (КГДМФРК) → МФРК-882 (МФРК) [sim 1.000] — AI-вердикт: CORRECT
2025-10-13 12:19:04 [INFO] Аналитик функций ГО: AI подтвердил связь КГДМФРК-49 (КГДМФРК) → МФРК-584 (МФРК) [sim 1.000] — AI-вердикт: CORRECT
2025-10-13 12:19:04 [INFO] Аналитик функций ГО: AI подтвердил связь КГДМФРК-47 (КГДМФРК) → МФРК-580 (МФРК) [sim 1.000] — AI-вердикт: CORRECT
2025-10-13 12:19:04 [INFO] Аналитик функций ГО: AI подтвердил связь КГДМФРК-404 (КГДМФРК) → МФРК-140 (МФРК) [sim 0.976] — AI-вердикт: CORRECT
2025-10-13 12:19:04 [INFO] Аналитик функций ГО: AI подтвердил связь КГДМФРК-387-3 (КГДМФРК) → МФРК-698-3 (МФРК) [sim 1.000] — AI-вердикт: CORRECT
2025-10-13 12:19:04 [INFO] Аналитик функций ГО: AI подтвердил связь КГДМФРК-422 (КГДМФРК) → МФРК-150 (МФРК) [sim 0.924] — AI-вердикт: CORRECT
2025-10-13 12:19:04 [INFO] Аналитик функций ГО: AI подтвердил связь КГДМФРК-423 (КГДМФРК) → МФРК-887 (МФРК) [sim 1.000] — AI-вердикт: CORRECT
2025-10-13 12:19:04 [INFO] Аналитик функций ГО: AI подтвердил связь КГДМФРК-416 (КГДМФРК) → МФРК-390 (МФРК) [sim 0.891] — AI-вердикт: CORRECT
2025-10-13 12:19:04 [INFO] Аналитик функций ГО: AI подтвердил связь КГДМФРК-432-1 (КГДМФРК) → МФРК-1078 (МФРК) [sim 1.000] — AI-вердикт: CORRECT
2025-10-13 12:19:04 [INFO] Аналитик функций ГО: AI подтвердил связь КГДМФРК-393 (КГДМФРК) → МФРК-705 (МФРК) [sim 1.000] — AI-вердикт: CORRECT
2025-10-13 12:19:04 [INFO] Аналитик функций ГО: AI подтвердил связь КГДМФРК-59 (КГДМФРК) → МФРК-611 (МФРК) [sim 1.000] — AI-вердикт: CORRECT
2025-10-13 12:19:04 [INFO] Аналитик функций ГО: AI подтвердил связь КГДМФРК-43 (КГДМФРК) → МФРК-154 (МФРК) [sim 1.000] — AI-вердикт: CORRECT
2025-10-13 12:19:04 [INFO] Аналитик функций ГО: AI подтвердил связь КГДМФРК-45 (КГДМФРК) → МФРК-577 (МФРК) [sim 1.000] — AI-вердикт: CORRECT
2025-10-13 12:19:04 [INFO] Аналитик функций ГО: AI подтвердил связь КГДМФРК-415 (КГДМФРК) → МФРК-389 (МФРК) [sim 0.867] — AI-вердикт: CORRECT
2025-10-13 12:19:04 [INFO] Аналитик функций ГО: AI подтвердил связь КГДМФРК-421 (КГДМФРК) → МФРК-91 (МФРК) [sim 0.886] — AI-вердикт: CORRECT
2025-10-13 12:19:04 [INFO] Аналитик функций ГО: AI подтвердил связь КГДМФРК-51 (КГДМФРК) → МФРК-589 (МФРК) [sim 1.000] — AI-вердикт: CORRECT
2025-10-13 12:19:04 [INFO] Аналитик функций ГО: AI подтвердил связь КГДМФРК-42 (КГДМФРК) → МФРК-153 (МФРК) [sim 0.984] — AI-вердикт: CORRECT
2025-10-13 12:19:04 [INFO] Аналитик функций ГО: AI подтвердил связь КГДМФРК-299 (КГДМФРК) → МФРК-592 (МФРК) [sim 0.975] — AI-вердикт: CORRECT
2025-10-13 12:19:04 [INFO] Аналитик функций ГО: AI подтвердил связь КГДМФРК-70 (КГДМФРК) → МФРК-358 (МФРК) [sim 0.925] — AI-вердикт: CORRECT
2025-10-13 12:19:04 [INFO] Аналитик функций ГО: AI подтвердил связь КГДМФРК-4 (КГДМФРК) → МФРК-408 (МФРК) [sim 0.961] — AI-вердикт: CORRECT
2025-10-13 12:19:04 [INFO] Аналитик функций ГО: AI подтвердил связь КГДМФРК-3 (КГДМФРК) → МФРК-410 (МФРК) [sim 0.962] — AI-вердикт: CORRECT
2025-10-13 12:19:04 [INFO] Аналитик функций ГО: AI подтвердил связь КГДМФРК-412 (КГДМФРК) → МФРК-386 (МФРК) [sim 0.939] — AI-вердикт: CORRECT
2025-10-13 12:19:04 [INFO] Аналитик функций ГО: AI подтвердил связь КГДМФРК-56 (КГДМФРК) → МФРК-609 (МФРК) [sim 1.000] — AI-вердикт: CORRECT
2025-10-13 12:19:04 [INFO] Аналитик функций ГО: AI подтвердил связь КГДМФРК-17 (КГДМФРК) → МФРК-343 (МФРК) [sim 0.983] — AI-вердикт: CORRECT
2025-10-13 12:19:04 [INFO] Аналитик функций ГО: AI подтвердил связь КГДМФРК-48 (КГДМФРК) → МФРК-581 (МФРК) [sim 0.905] — AI-вердикт: CORRECT
2025-10-13 12:19:04 [INFO] Аналитик функций ГО: AI подтвердил связь КГДМФРК-418 (КГДМФРК) → МФРК-218 (МФРК) [sim 0.995] — AI-вердикт: CORRECT
2025-10-13 12:19:04 [INFO] Аналитик функций ГО: AI подтвердил связь КГДМФРК-417 (КГДМФРК) → МФРК-391 (МФРК) [sim 0.884] — AI-вердикт: CORRECT
2025-10-13 12:19:04 [INFO] Аналитик функций ГО: AI подтвердил связь КГДМФРК-32 (КГДМФРК) → МФРК-370 (МФРК) [sim 0.925] — AI-вердикт: CORRECT
2025-10-13 12:19:04 [INFO] Аналитик функций ГО: AI подтвердил связь КГДМФРК-55 (КГДМФРК) → МФРК-334 (МФРК) [sim 0.931] — AI-вердикт: CORRECT
2025-10-13 12:19:04 [INFO] Аналитик функций ГО: AI подтвердил связь КГДМФРК-426 (КГДМФРК) → МФРК-92 (МФРК) [sim 0.835] — AI-вердикт: CORRECT
2025-10-13 12:19:04 [INFO] Аналитик функций ГО: AI подтвердил связь КГДМФРК-75 (КГДМФРК) → МФРК-375 (МФРК) [sim 0.961] — AI-вердикт: CORRECT
2025-10-13 12:19:04 [INFO] Аналитик функций ГО: AI подтвердил связь КГДМФРК-74 (КГДМФРК) → МФРК-344 (МФРК) [sim 0.976] — AI-вердикт: CORRECT
2025-10-13 12:19:04 [INFO] Аналитик функций ГО: AI подтвердил связь КГДМФРК-60 (КГДМФРК) → МФРК-374 (МФРК) [sim 0.985] — AI-вердикт: CORRECT
2025-10-13 12:19:04 [INFO] Аналитик функций ГО: AI подтвердил связь КГДМФРК-420 (КГДМФРК) → МФРК-42 (МФРК) [sim 0.928] — AI-вердикт: CORRECT
2025-10-13 12:19:04 [INFO] Аналитик функций ГО: AI подтвердил связь КГДМФРК-61 (КГДМФРК) → МФРК-337 (МФРК) [sim 0.978] — AI-вердикт: CORRECT
2025-10-13 12:19:04 [INFO] Аналитик функций ГО: AI подтвердил связь КГДМФРК-69 (КГДМФРК) → МФРК-335 (МФРК) [sim 0.983] — AI-вердикт: CORRECT
2025-10-13 12:19:04 [INFO] Аналитик функций ГО: AI подтвердил связь КГДМФРК-410 (КГДМФРК) → МФРК-98 (МФРК) [sim 0.982] — AI-вердикт: CORRECT
2025-10-13 12:19:04 [INFO] Аналитик функций ГО: AI подтвердил связь КГДМФРК-346 (КГДМФРК) → МФРК-120 (МФРК) [sim 0.975] — AI-вердикт: CORRECT
2025-10-13 12:19:04 [INFO] Аналитик функций ГО: AI подтвердил связь КГДМФРК-79 (КГДМФРК) → МФРК-379 (МФРК) [sim 0.958] — AI-вердикт: CORRECT
2025-10-13 12:19:04 [INFO] Аналитик функций ГО: AI подтвердил связь КГДМФРК-289 (КГДМФРК) → МФРК-635 (МФРК) [sim 0.699] — AI-вердикт: CORRECT
2025-10-13 12:19:04 [INFO] Аналитик функций ГО: AI подтвердил связь КГДМФРК-85 (КГДМФРК) → МФРК-509 (МФРК) [sim 1.000] — AI-вердикт: CORRECT
2025-10-13 12:19:04 [INFO] Аналитик функций ГО: AI подтвердил связь КГДМФРК-64 (КГДМФРК) → МФРК-336 (МФРК) [sim 0.986] — AI-вердикт: CORRECT
2025-10-13 12:19:04 [INFO] Аналитик функций ГО: AI подтвердил связь КГДМФРК-65 (КГДМФРК) → МФРК-612 (МФРК) [sim 0.968] — AI-вердикт: CORRECT
2025-10-13 12:19:04 [INFO] Аналитик функций ГО: AI подтвердил связь КГИАКМСХРК-114 (КГИАКМСХРК) → МСХРК-694 (МСХРК) [sim 1.000] — AI-вердикт: CORRECT
2025-10-13 12:19:04 [INFO] Аналитик функций ГО: AI подтвердил связь КГИАКМСХРК-110 (КГИАКМСХРК) → МСХРК-576 (МСХРК) [sim 1.000] — AI-вердикт: CORRECT
2025-10-13 12:19:04 [INFO] Аналитик функций ГО: AI подтвердил связь КГИАКМСХРК-100 (КГИАКМСХРК) → МСХРК-562 (МСХРК) [sim 1.000] — AI-вердикт: CORRECT
2025-10-13 12:19:04 [INFO] Аналитик функций ГО: AI подтвердил связь КГДМФРК-73 (КГДМФРК) → МФРК-346 (МФРК) [sim 0.982] — AI-вердикт: CORRECT
2025-10-13 12:19:04 [INFO] Аналитик функций ГО: AI подтвердил связь КГИАКМСХРК-103 (КГИАКМСХРК) → МСХРК-567 (МСХРК) [sim 1.000] — AI-вердикт: CORRECT
2025-10-13 12:19:04 [INFO] Аналитик функций ГО: AI подтвердил связь КГДМФРК-68 (КГДМФРК) → МФРК-347 (МФРК) [sim 0.964] — AI-вердикт: CORRECT
2025-10-13 12:19:04 [INFO] Аналитик функций ГО: AI подтвердил связь КГИАКМСХРК-1 (КГИАКМСХРК) → МСХРК-8-7 (МСХРК) [sim 0.983] — AI-вердикт: CORRECT
2025-10-13 12:19:04 [INFO] Аналитик функций ГО: AI подтвердил связь КГДМФРК-425 (КГДМФРК) → МФРК-890 (МФРК) [sim 0.970] — AI-вердикт: CORRECT
2025-10-13 12:19:04 [INFO] Аналитик функций ГО: AI подтвердил связь КГИАКМСХРК-106 (КГИАКМСХРК) → МСХРК-571 (МСХРК) [sim 1.000] — AI-вердикт: CORRECT
2025-10-13 12:19:04 [INFO] Аналитик функций ГО: AI подтвердил связь КГИАКМСХРК-102 (КГИАКМСХРК) → МСХРК-566 (МСХРК) [sim 0.976] — AI-вердикт: CORRECT
2025-10-13 12:19:04 [INFO] Аналитик функций ГО: AI подтвердил связь КГДМФРК-71 (КГДМФРК) → МФРК-341 (МФРК) [sim 0.975] — AI-вердикт: CORRECT
2025-10-13 12:19:04 [INFO] Аналитик функций ГО: AI подтвердил связь КГДМФРК-414 (КГДМФРК) → МФРК-388 (МФРК) [sim 0.818] — AI-вердикт: CORRECT
2025-10-13 12:19:04 [INFO] Аналитик функций ГО: AI подтвердил связь КГДМФРК-82 (КГДМФРК) → МФРК-215 (МФРК) [sim 0.989] — AI-вердикт: CORRECT
2025-10-13 12:19:04 [INFO] Аналитик функций ГО: AI подтвердил связь КГДМФРК-72 (КГДМФРК) → МФРК-352 (МФРК) [sim 0.967] — AI-вердикт: CORRECT
2025-10-13 12:19:04 [INFO] Аналитик функций ГО: AI подтвердил связь КГДМФРК-66 (КГДМФРК) → МФРК-613 (МФРК) [sim 0.974] — AI-вердикт: CORRECT
2025-10-13 12:19:04 [INFO] Аналитик функций ГО: AI подтвердил связь КГДМФРК-8 (КГДМФРК) → МФРК-412 (МФРК) [sim 0.983] — AI-вердикт: CORRECT
2025-10-13 12:19:04 [INFO] Аналитик функций ГО: AI подтвердил связь КГИАКМСХРК-19 (КГИАКМСХРК) → МСХРК-223 (МСХРК) [sim 1.000] — AI-вердикт: CORRECT
2025-10-13 12:19:04 [INFO] Аналитик функций ГО: AI подтвердил связь КГИАКМСХРК-101 (КГИАКМСХРК) → МСХРК-564 (МСХРК) [sim 1.000] — AI-вердикт: CORRECT
2025-10-13 12:19:04 [INFO] Аналитик функций ГО: AI подтвердил связь КГИАКМСХРК-11 (КГИАКМСХРК) → МСХРК-215 (МСХРК) [sim 1.000] — AI-вердикт: CORRECT
2025-10-13 12:19:04 [INFO] Аналитик функций ГО: AI подтвердил связь КГДМФРК-329 (КГДМФРК) → МФРК-253 (МФРК) [sim 0.979] — AI-вердикт: CORRECT
2025-10-13 12:19:04 [INFO] Аналитик функций ГО: AI подтвердил связь КГДМФРК-78 (КГДМФРК) → МФРК-378 (МФРК) [sim 0.956] — AI-вердикт: CORRECT
2025-10-13 12:19:04 [INFO] Аналитик функций ГО: AI подтвердил связь КГИАКМСХРК-105 (КГИАКМСХРК) → МСХРК-570 (МСХРК) [sim 1.000] — AI-вердикт: CORRECT
2025-10-13 12:19:04 [INFO] Аналитик функций ГО: AI подтвердил связь КГИАКМСХРК-108 (КГИАКМСХРК) → МСХРК-574 (МСХРК) [sim 1.000] — AI-вердикт: CORRECT
2025-10-13 12:19:04 [INFO] Аналитик функций ГО: AI подтвердил связь КГИАКМСХРК-23 (КГИАКМСХРК) → МСХРК-227 (МСХРК) [sim 1.000] — AI-вердикт: CORRECT
2025-10-13 12:19:04 [INFO] Аналитик функций ГО: AI подтвердил связь КГДМФРК-92 (КГДМФРК) → МФРК-278 (МФРК) [sim 0.985] — AI-вердикт: CORRECT
2025-10-13 12:19:04 [INFO] Аналитик функций ГО: AI подтвердил связь КГИАКМСХРК-109 (КГИАКМСХРК) → МСХРК-575 (МСХРК) [sim 1.000] — AI-вердикт: CORRECT
2025-10-13 12:19:04 [INFO] Аналитик функций ГО: AI подтвердил связь КГИАКМСХРК-17 (КГИАКМСХРК) → МСХРК-221 (МСХРК) [sim 1.000] — AI-вердикт: CORRECT
2025-10-13 12:19:04 [INFO] Аналитик функций ГО: AI подтвердил связь КГДМФРК-77 (КГДМФРК) → МФРК-377 (МФРК) [sim 0.975] — AI-вердикт: CORRECT
2025-10-13 12:19:04 [INFO] Аналитик функций ГО: AI подтвердил связь КГДМФРК-9 (КГДМФРК) → МФРК-610 (МФРК) [sim 1.000] — AI-вердикт: CORRECT
2025-10-13 12:19:04 [INFO] Аналитик функций ГО: AI подтвердил связь КГДМФРК-6 (КГДМФРК) → МФРК-409 (МФРК) [sim 0.969] — AI-вердикт: CORRECT
2025-10-13 12:19:04 [INFO] Аналитик функций ГО: AI подтвердил связь КГДМФРК-81 (КГДМФРК) → МФРК-381 (МФРК) [sim 0.988] — AI-вердикт: CORRECT
2025-10-13 12:19:04 [INFO] Аналитик функций ГО: AI подтвердил связь КГДМФРК-46 (КГДМФРК) → МФРК-578 (МФРК) [sim 0.991] — AI-вердикт: CORRECT
2025-10-13 12:19:04 [INFO] Аналитик функций ГО: AI подтвердил связь КГДМФРК-95 (КГДМФРК) → МФРК-281 (МФРК) [sim 0.976] — AI-вердикт: CORRECT
2025-10-13 12:19:04 [INFO] Аналитик функций ГО: AI подтвердил связь КГДМФРК-86 (КГДМФРК) → МФРК-223 (МФРК) [sim 0.885] — AI-вердикт: CORRECT
2025-10-13 12:19:04 [INFO] Аналитик функций ГО: AI подтвердил связь КГДМФРК-411 (КГДМФРК) → МФРК-155 (МФРК) [sim 0.809] — AI-вердикт: CORRECT
2025-10-13 12:19:04 [INFO] Аналитик функций ГО: AI подтвердил связь КГИАКМСХРК-113 (КГИАКМСХРК) → МСХРК-579 (МСХРК) [sim 0.990] — AI-вердикт: CORRECT
2025-10-13 12:19:04 [INFO] Аналитик функций ГО: AI подтвердил связь КГДМФРК-80 (КГДМФРК) → МФРК-380 (МФРК) [sim 0.982] — AI-вердикт: CORRECT
2025-10-13 12:19:04 [INFO] Аналитик функций ГО: AI подтвердил связь КГДМФРК-53 (КГДМФРК) → МФРК-333 (МФРК) [sim 0.979] — AI-вердикт: CORRECT
2025-10-13 12:19:04 [INFO] Аналитик функций ГО: AI подтвердил связь КГИАКМСХРК-107 (КГИАКМСХРК) → МСХРК-572 (МСХРК) [sim 0.990] — AI-вердикт: CORRECT
2025-10-13 12:19:04 [INFO] Аналитик функций ГО: AI подтвердил связь КГДМФРК-93 (КГДМФРК) → МФРК-279 (МФРК) [sim 0.986] — AI-вердикт: CORRECT
2025-10-13 12:19:04 [INFO] Аналитик функций ГО: AI подтвердил связь КГИАКМСХРК-31 (КГИАКМСХРК) → МСХРК-235 (МСХРК) [sim 1.000] — AI-вердикт: CORRECT
2025-10-13 12:19:04 [INFO] Аналитик функций ГО: AI подтвердил связь КГИАКМСХРК-20 (КГИАКМСХРК) → МСХРК-224 (МСХРК) [sim 1.000] — AI-вердикт: CORRECT
2025-10-13 12:19:04 [INFO] Аналитик функций ГО: AI подтвердил связь КГДМФРК-84 (КГДМФРК) → МФРК-482 (МФРК) [sim 0.969] — AI-вердикт: CORRECT
2025-10-13 12:19:04 [INFO] Аналитик функций ГО: AI подтвердил связь КГИАКМСХРК-104 (КГИАКМСХРК) → МСХРК-569 (МСХРК) [sim 1.000] — AI-вердикт: CORRECT
2025-10-13 12:19:04 [INFO] Аналитик функций ГО: AI подтвердил связь КГДМФРК-83 (КГДМФРК) → МФРК-217 (МФРК) [sim 0.994] — AI-вердикт: CORRECT
2025-10-13 12:19:04 [INFO] Аналитик функций ГО: AI подтвердил связь КГИАКМСХРК-27 (КГИАКМСХРК) → МСХРК-231 (МСХРК) [sim 1.000] — AI-вердикт: CORRECT
2025-10-13 12:19:04 [INFO] Аналитик функций ГО: AI подтвердил связь КГДМФРК-96 (КГДМФРК) → МФРК-282 (МФРК) [sim 0.918] — AI-вердикт: CORRECT
2025-10-13 12:19:04 [INFO] Аналитик функций ГО: AI подтвердил связь КГИАКМСХРК-34 (КГИАКМСХРК) → МСХРК-238 (МСХРК) [sim 1.000] — AI-вердикт: CORRECT
2025-10-13 12:19:04 [INFO] Аналитик функций ГО: AI подтвердил связь КГИАКМСХРК-37 (КГИАКМСХРК) → МСХРК-241 (МСХРК) [sim 1.000] — AI-вердикт: CORRECT
2025-10-13 12:19:04 [INFO] Аналитик функций ГО: AI подтвердил связь КГИАКМСХРК-112 (КГИАКМСХРК) → МСХРК-578 (МСХРК) [sim 1.000] — AI-вердикт: CORRECT
2025-10-13 12:19:04 [INFO] Аналитик функций ГО: AI подтвердил связь КГИАКМСХРК-29 (КГИАКМСХРК) → МСХРК-233 (МСХРК) [sim 1.000] — AI-вердикт: CORRECT
2025-10-13 12:19:04 [INFO] Аналитик функций ГО: AI подтвердил связь КГИАКМСХРК-16 (КГИАКМСХРК) → МСХРК-220 (МСХРК) [sim 0.978] — AI-вердикт: CORRECT
2025-10-13 12:19:04 [INFO] Аналитик функций ГО: AI подтвердил связь КГИАКМСХРК-25 (КГИАКМСХРК) → МСХРК-229 (МСХРК) [sim 1.000] — AI-вердикт: CORRECT
2025-10-13 12:19:04 [INFO] Аналитик функций ГО: AI подтвердил связь КГИАКМСХРК-32 (КГИАКМСХРК) → МСХРК-236 (МСХРК) [sim 1.000] — AI-вердикт: CORRECT
2025-10-13 12:19:04 [INFO] Аналитик функций ГО: AI подтвердил связь КГИАКМСХРК-18 (КГИАКМСХРК) → МСХРК-222 (МСХРК) [sim 1.000] — AI-вердикт: CORRECT
2025-10-13 12:19:04 [INFO] Аналитик функций ГО: AI подтвердил связь КГИАКМСХРК-14 (КГИАКМСХРК) → МСХРК-218 (МСХРК) [sim 0.988] — AI-вердикт: CORRECT
2025-10-13 12:19:04 [INFO] Аналитик функций ГО: AI подтвердил связь КГИАКМСХРК-36 (КГИАКМСХРК) → МСХРК-240 (МСХРК) [sim 1.000] — AI-вердикт: CORRECT
2025-10-13 12:19:04 [INFO] Аналитик функций ГО: AI подтвердил связь КГИАКМСХРК-26 (КГИАКМСХРК) → МСХРК-230 (МСХРК) [sim 1.000] — AI-вердикт: CORRECT
2025-10-13 12:19:04 [INFO] Аналитик функций ГО: AI подтвердил связь КГИАКМСХРК-24 (КГИАКМСХРК) → МСХРК-228 (МСХРК) [sim 1.000] — AI-вердикт: CORRECT
2025-10-13 12:19:04 [INFO] Аналитик функций ГО: AI подтвердил связь КГДМФРК-62 (КГДМФРК) → МФРК-338 (МФРК) [sim 0.989] — AI-вердикт: CORRECT
2025-10-13 12:19:04 [INFO] Аналитик функций ГО: AI подтвердил связь КГДМФРК-7 (КГДМФРК) → МФРК-411 (МФРК) [sim 0.963] — AI-вердикт: CORRECT
2025-10-13 12:19:04 [INFO] Аналитик функций ГО: AI подтвердил связь КГДМФРК-89 (КГДМФРК) → МФРК-207 (МФРК) [sim 0.992] — AI-вердикт: CORRECT
2025-10-13 12:19:04 [INFO] Аналитик функций ГО: AI подтвердил связь КГИАКМСХРК-44 (КГИАКМСХРК) → МСХРК-248 (МСХРК) [sim 1.000] — AI-вердикт: CORRECT
2025-10-13 12:19:04 [INFO] Аналитик функций ГО: AI подтвердил связь КГДМФРК-88 (КГДМФРК) → МФРК-512 (МФРК) [sim 1.000] — AI-вердикт: CORRECT
2025-10-13 12:19:04 [INFO] Аналитик функций ГО: AI подтвердил связь КГИАКМСХРК-3 (КГИАКМСХРК) → МСХРК-207 (МСХРК) [sim 1.000] — AI-вердикт: CORRECT
2025-10-13 12:19:04 [INFO] Аналитик функций ГО: AI подтвердил связь КГДМФРК-94 (КГДМФРК) → МФРК-280 (МФРК) [sim 0.979] — AI-вердикт: CORRECT
2025-10-13 12:19:04 [INFO] Аналитик функций ГО: AI подтвердил связь КГИАКМСХРК-58 (КГИАКМСХРК) → МСХРК-262 (МСХРК) [sim 1.000] — AI-вердикт: CORRECT
2025-10-13 12:19:04 [INFO] Аналитик функций ГО: AI подтвердил связь КГИАКМСХРК-2 (КГИАКМСХРК) → МСХРК-16 (МСХРК) [sim 0.924] — AI-вердикт: CORRECT
2025-10-13 12:19:04 [INFO] Аналитик функций ГО: AI подтвердил связь КГИАКМСХРК-39 (КГИАКМСХРК) → МСХРК-243 (МСХРК) [sim 1.000] — AI-вердикт: CORRECT
2025-10-13 12:19:04 [INFO] Аналитик функций ГО: AI подтвердил связь КГИАКМСХРК-4 (КГИАКМСХРК) → МСХРК-208 (МСХРК) [sim 1.000] — AI-вердикт: CORRECT
2025-10-13 12:19:04 [INFO] Аналитик функций ГО: AI подтвердил связь КГДМФРК-90 (КГДМФРК) → МФРК-285 (МФРК) [sim 0.953] — AI-вердикт: CORRECT
2025-10-13 12:19:04 [INFO] Аналитик функций ГО: AI подтвердил связь КГДМФРК-76 (КГДМФРК) → МФРК-376 (МФРК) [sim 0.990] — AI-вердикт: CORRECT
2025-10-13 12:19:04 [INFO] Аналитик функций ГО: AI подтвердил связь КГИАКМСХРК-38 (КГИАКМСХРК) → МСХРК-242 (МСХРК) [sim 1.000] — AI-вердикт: CORRECT
2025-10-13 12:19:04 [INFO] Аналитик функций ГО: AI подтвердил связь КГИАКМСХРК-111 (КГИАКМСХРК) → МСХРК-577 (МСХРК) [sim 0.976] — AI-вердикт: CORRECT
2025-10-13 12:19:04 [INFO] Аналитик функций ГО: AI подтвердил связь КГИАКМСХРК-115 (КГИАКМСХРК) → МСХРК-704 (МСХРК) [sim 0.780] — AI-вердикт: CORRECT
2025-10-13 12:19:04 [INFO] Аналитик функций ГО: AI подтвердил связь КГИАКМСХРК-13 (КГИАКМСХРК) → МСХРК-217 (МСХРК) [sim 0.979] — AI-вердикт: CORRECT
2025-10-13 12:19:04 [INFO] Аналитик функций ГО: AI подтвердил связь КГИАКМСХРК-12 (КГИАКМСХРК) → МСХРК-216 (МСХРК) [sim 0.990] — AI-вердикт: CORRECT
2025-10-13 12:19:04 [INFO] Аналитик функций ГО: AI подтвердил связь КГИАКМСХРК-57 (КГИАКМСХРК) → МСХРК-261 (МСХРК) [sim 1.000] — AI-вердикт: CORRECT
2025-10-13 12:19:04 [INFO] Аналитик функций ГО: AI подтвердил связь КГИАКМСХРК-50 (КГИАКМСХРК) → МСХРК-254 (МСХРК) [sim 1.000] — AI-вердикт: CORRECT
2025-10-13 12:19:04 [INFO] Аналитик функций ГО: AI подтвердил связь КГДМФРК-5 (КГДМФРК) → МФРК-407 (МФРК) [sim 0.980] — AI-вердикт: CORRECT
2025-10-13 12:19:04 [INFO] Аналитик функций ГО: AI подтвердил связь КГИАКМСХРК-75 (КГИАКМСХРК) → МСХРК-110 (МСХРК) [sim 1.000] — AI-вердикт: CORRECT
2025-10-13 12:19:04 [INFO] Аналитик функций ГО: AI подтвердил связь КГИАКМСХРК-40 (КГИАКМСХРК) → МСХРК-244 (МСХРК) [sim 1.000] — AI-вердикт: CORRECT
2025-10-13 12:19:04 [INFO] Аналитик функций ГО: AI подтвердил связь КГИАКМСХРК-22 (КГИАКМСХРК) → МСХРК-226 (МСХРК) [sim 0.971] — AI-вердикт: CORRECT
2025-10-13 12:19:04 [INFO] Аналитик функций ГО: AI подтвердил связь КГИАКМСХРК-54 (КГИАКМСХРК) → МСХРК-258 (МСХРК) [sim 0.943] — AI-вердикт: CORRECT
2025-10-13 12:19:04 [INFO] Аналитик функций ГО: AI подтвердил связь КГДМФРК-98 (КГДМФРК) → МФРК-283 (МФРК) [sim 0.989] — AI-вердикт: CORRECT
2025-10-13 12:19:04 [INFO] Аналитик функций ГО: AI подтвердил связь КГИАКМСХРК-41 (КГИАКМСХРК) → МСХРК-245 (МСХРК) [sim 1.000] — AI-вердикт: CORRECT
2025-10-13 12:19:04 [INFO] Аналитик функций ГО: AI подтвердил связь КГИАКМСХРК-33 (КГИАКМСХРК) → МСХРК-237 (МСХРК) [sim 1.000] — AI-вердикт: CORRECT
2025-10-13 12:19:04 [INFO] Аналитик функций ГО: AI подтвердил связь КГИАКМСХРК-28 (КГИАКМСХРК) → МСХРК-232 (МСХРК) [sim 1.000] — AI-вердикт: CORRECT
2025-10-13 12:19:04 [INFO] Аналитик функций ГО: AI подтвердил связь КГИАКМСХРК-61 (КГИАКМСХРК) → МСХРК-265 (МСХРК) [sim 1.000] — AI-вердикт: CORRECT
2025-10-13 12:19:04 [INFO] Аналитик функций ГО: AI подтвердил связь КГИАКМСХРК-59 (КГИАКМСХРК) → МСХРК-263 (МСХРК) [sim 1.000] — AI-вердикт: CORRECT
2025-10-13 12:19:04 [INFO] Аналитик функций ГО: AI подтвердил связь КГИАКМСХРК-63 (КГИАКМСХРК) → МСХРК-267 (МСХРК) [sim 1.000] — AI-вердикт: CORRECT
2025-10-13 12:19:04 [INFO] Аналитик функций ГО: AI подтвердил связь КГИАКМСХРК-21 (КГИАКМСХРК) → МСХРК-225 (МСХРК) [sim 0.956] — AI-вердикт: CORRECT
2025-10-13 12:19:04 [INFO] Аналитик функций ГО: AI подтвердил связь КГИАКМСХРК-46 (КГИАКМСХРК) → МСХРК-250 (МСХРК) [sim 1.000] — AI-вердикт: CORRECT
2025-10-13 12:19:04 [INFO] Аналитик функций ГО: AI подтвердил связь КГИАКМСХРК-45 (КГИАКМСХРК) → МСХРК-249 (МСХРК) [sim 0.972] — AI-вердикт: CORRECT
2025-10-13 12:19:04 [INFO] Аналитик функций ГО: AI подтвердил связь КГИАКМСХРК-30 (КГИАКМСХРК) → МСХРК-234 (МСХРК) [sim 1.000] — AI-вердикт: CORRECT
2025-10-13 12:19:04 [INFO] Аналитик функций ГО: AI подтвердил связь КГИАКМСХРК-49 (КГИАКМСХРК) → МСХРК-253 (МСХРК) [sim 1.000] — AI-вердикт: CORRECT
2025-10-13 12:19:04 [INFO] Аналитик функций ГО: AI подтвердил связь КГИАКМСХРК-42 (КГИАКМСХРК) → МСХРК-246 (МСХРК) [sim 0.974] — AI-вердикт: CORRECT
2025-10-13 12:19:04 [INFO] Аналитик функций ГО: AI подтвердил связь КГИАКМСХРК-69 (КГИАКМСХРК) → МСХРК-273 (МСХРК) [sim 1.000] — AI-вердикт: CORRECT
2025-10-13 12:19:04 [INFO] Аналитик функций ГО: AI подтвердил связь КГИАКМСХРК-72 (КГИАКМСХРК) → МСХРК-276 (МСХРК) [sim 1.000] — AI-вердикт: CORRECT
2025-10-13 12:19:04 [INFO] Аналитик функций ГО: AI подтвердил связь КГИАКМСХРК-52 (КГИАКМСХРК) → МСХРК-256 (МСХРК) [sim 0.987] — AI-вердикт: CORRECT
2025-10-13 12:19:04 [INFO] Аналитик функций ГО: AI подтвердил связь КГИАКМСХРК-15 (КГИАКМСХРК) → МСХРК-219 (МСХРК) [sim 0.994] — AI-вердикт: CORRECT
2025-10-13 12:19:04 [INFO] Аналитик функций ГО: AI подтвердил связь КГИАКМСХРК-73 (КГИАКМСХРК) → МСХРК-111 (МСХРК) [sim 1.000] — AI-вердикт: CORRECT
2025-10-13 12:19:04 [INFO] Аналитик функций ГО: AI подтвердил связь КГИАКМСХРК-62 (КГИАКМСХРК) → МСХРК-266 (МСХРК) [sim 1.000] — AI-вердикт: CORRECT
2025-10-13 12:19:04 [INFO] Аналитик функций ГО: AI подтвердил связь КГИАКМСХРК-51-2 (КГИАКМСХРК) → МСХРК-255-2 (МСХРК) [sim 0.976] — AI-вердикт: CORRECT
2025-10-13 12:19:04 [INFO] Аналитик функций ГО: AI подтвердил связь КГИАКМСХРК-80 (КГИАКМСХРК) → МСХРК-353 (МСХРК) [sim 1.000] — AI-вердикт: CORRECT
2025-10-13 12:19:04 [INFO] Аналитик функций ГО: AI подтвердил связь КГИАКМСХРК-86 (КГИАКМСХРК) → МСХРК-458 (МСХРК) [sim 1.000] — AI-вердикт: CORRECT
2025-10-13 12:19:04 [INFO] Аналитик функций ГО: AI подтвердил связь КГИАКМСХРК-55 (КГИАКМСХРК) → МСХРК-259 (МСХРК) [sim 0.962] — AI-вердикт: CORRECT
2025-10-13 12:19:04 [INFO] Аналитик функций ГО: AI подтвердил связь КГИАКМСХРК-74 (КГИАКМСХРК) → МСХРК-121 (МСХРК) [sim 1.000] — AI-вердикт: CORRECT
2025-10-13 12:19:04 [INFO] Аналитик функций ГО: AI подтвердил связь КГИАКМСХРК-48 (КГИАКМСХРК) → МСХРК-252 (МСХРК) [sim 0.982] — AI-вердикт: CORRECT
2025-10-13 12:19:04 [INFO] Аналитик функций ГО: AI подтвердил связь КГИАКМСХРК-47 (КГИАКМСХРК) → МСХРК-251 (МСХРК) [sim 0.961] — AI-вердикт: CORRECT
2025-10-13 12:19:04 [INFO] Аналитик функций ГО: AI подтвердил связь КГИАКМСХРК-7 (КГИАКМСХРК) → МСХРК-211 (МСХРК) [sim 0.941] — AI-вердикт: CORRECT
2025-10-13 12:19:04 [INFO] Аналитик функций ГО: AI подтвердил связь КГИАКМСХРК-43 (КГИАКМСХРК) → МСХРК-247 (МСХРК) [sim 0.983] — AI-вердикт: CORRECT
2025-10-13 12:19:04 [INFO] Аналитик функций ГО: AI подтвердил связь КГИАКМСХРК-10 (КГИАКМСХРК) → МСХРК-214 (МСХРК) [sim 0.971] — AI-вердикт: CORRECT
2025-10-13 12:19:04 [INFO] Аналитик функций ГО: AI подтвердил связь КГИАКМСХРК-91 (КГИАКМСХРК) → МСХРК-463 (МСХРК) [sim 1.000] — AI-вердикт: CORRECT
2025-10-13 12:19:04 [INFO] Аналитик функций ГО: AI подтвердил связь КГИАКМСХРК-56 (КГИАКМСХРК) → МСХРК-260 (МСХРК) [sim 0.966] — AI-вердикт: CORRECT
2025-10-13 12:19:04 [INFO] Аналитик функций ГО: AI подтвердил связь КГИАКМСХРК-64 (КГИАКМСХРК) → МСХРК-268 (МСХРК) [sim 1.000] — AI-вердикт: CORRECT
2025-10-13 12:19:04 [INFO] Аналитик функций ГО: AI подтвердил связь КГДМФРК-99 (КГДМФРК) → МФРК-284 (МФРК) [sim 0.935] — AI-вердикт: CORRECT
2025-10-13 12:19:04 [INFO] Аналитик функций ГО: AI подтвердил связь КГИАКМСХРК-79 (КГИАКМСХРК) → МСХРК-349 (МСХРК) [sim 1.000] — AI-вердикт: CORRECT
2025-10-13 12:19:04 [INFO] Аналитик функций ГО: AI подтвердил связь КГИАКМСХРК-66 (КГИАКМСХРК) → МСХРК-270 (МСХРК) [sim 1.000] — AI-вердикт: CORRECT
2025-10-13 12:19:04 [INFO] Аналитик функций ГО: AI подтвердил связь КГИАКМСХРК-67 (КГИАКМСХРК) → МСХРК-271 (МСХРК) [sim 1.000] — AI-вердикт: CORRECT
2025-10-13 12:19:04 [INFO] Аналитик функций ГО: AI подтвердил связь КГИАКМСХРК-90 (КГИАКМСХРК) → МСХРК-462 (МСХРК) [sim 1.000] — AI-вердикт: CORRECT
2025-10-13 12:19:04 [INFO] Аналитик функций ГО: AI подтвердил связь КГИАКМСХРК-35 (КГИАКМСХРК) → МСХРК-239 (МСХРК) [sim 1.000] — AI-вердикт: CORRECT
2025-10-13 12:19:04 [INFO] Аналитик функций ГО: AI подтвердил связь КГИАКМСХРК-5 (КГИАКМСХРК) → МСХРК-209 (МСХРК) [sim 0.976] — AI-вердикт: CORRECT
2025-10-13 12:19:04 [INFO] Аналитик функций ГО: AI подтвердил связь КГИПМФРК-26 (КГИПМФРК) → МФРК-759 (МФРК) [sim 1.000] — AI-вердикт: CORRECT
2025-10-13 12:19:04 [INFO] Аналитик функций ГО: AI подтвердил связь КГИАКМСХРК-51-3 (КГИАКМСХРК) → МСХРК-255-3 (МСХРК) [sim 0.985] — AI-вердикт: CORRECT
2025-10-13 12:19:04 [INFO] Аналитик функций ГО: AI подтвердил связь КГИАКМСХРК-84-2 (КГИАКМСХРК) → МСХРК-8-5 (МСХРК) [sim 0.965] — AI-вердикт: CORRECT
2025-10-13 12:19:04 [INFO] Аналитик функций ГО: AI подтвердил связь КГИАКМСХРК-89 (КГИАКМСХРК) → МСХРК-461 (МСХРК) [sim 1.000] — AI-вердикт: CORRECT
2025-10-13 12:19:04 [INFO] Аналитик функций ГО: AI подтвердил связь КГИПМФРК-27 (КГИПМФРК) → МФРК-747 (МФРК) [sim 1.000] — AI-вердикт: CORRECT
2025-10-13 12:19:04 [INFO] Аналитик функций ГО: AI подтвердил связь КГИАКМСХРК-9 (КГИАКМСХРК) → МСХРК-213 (МСХРК) [sim 0.982] — AI-вердикт: CORRECT
2025-10-13 12:19:04 [INFO] Аналитик функций ГО: AI подтвердил связь КГИАКМСХРК-81 (КГИАКМСХРК) → МСХРК-355 (МСХРК) [sim 1.000] — AI-вердикт: CORRECT
2025-10-13 12:19:04 [INFO] Аналитик функций ГО: AI подтвердил связь КГИАКМСХРК-87 (КГИАКМСХРК) → МСХРК-459 (МСХРК) [sim 1.000] — AI-вердикт: CORRECT
2025-10-13 12:19:04 [INFO] Аналитик функций ГО: AI подтвердил связь КГИАКМСХРК-78 (КГИАКМСХРК) → МСХРК-348 (МСХРК) [sim 1.000] — AI-вердикт: CORRECT
2025-10-13 12:19:04 [INFO] Аналитик функций ГО: AI подтвердил связь КГИАКМСХРК-51-1 (КГИАКМСХРК) → МСХРК-255-1 (МСХРК) [sim 0.978] — AI-вердикт: CORRECT
2025-10-13 12:19:04 [INFO] Аналитик функций ГО: AI подтвердил связь КГИАКМСХРК-98 (КГИАКМСХРК) → МСХРК-558 (МСХРК) [sim 1.000] — AI-вердикт: CORRECT
2025-10-13 12:19:04 [INFO] Аналитик функций ГО: AI подтвердил связь КГИАКМСХРК-92 (КГИАКМСХРК) → МСХРК-690 (МСХРК) [sim 0.860] — AI-вердикт: CORRECT
2025-10-13 12:19:04 [INFO] Аналитик функций ГО: AI подтвердил связь КГИПМФРК-15 (КГИПМФРК) → МФРК-743 (МФРК) [sim 1.000] — AI-вердикт: CORRECT
2025-10-13 12:19:04 [INFO] Аналитик функций ГО: AI подтвердил связь КГИАКМСХРК-99 (КГИАКМСХРК) → МСХРК-560 (МСХРК) [sim 1.000] — AI-вердикт: CORRECT
2025-10-13 12:19:04 [INFO] Аналитик функций ГО: AI подтвердил связь КГИАКМСХРК-88 (КГИАКМСХРК) → МСХРК-460 (МСХРК) [sim 1.000] — AI-вердикт: CORRECT
2025-10-13 12:19:04 [INFO] Аналитик функций ГО: AI подтвердил связь КГИПМФРК-23 (КГИПМФРК) → МФРК-750 (МФРК) [sim 1.000] — AI-вердикт: CORRECT
2025-10-13 12:19:04 [INFO] Аналитик функций ГО: AI подтвердил связь КГИАКМСХРК-70 (КГИАКМСХРК) → МСХРК-274 (МСХРК) [sim 1.000] — AI-вердикт: CORRECT
2025-10-13 12:19:04 [INFO] Аналитик функций ГО: AI подтвердил связь КГИПМФРК-13 (КГИПМФРК) → МФРК-740 (МФРК) [sim 1.000] — AI-вердикт: CORRECT
2025-10-13 12:19:04 [INFO] Аналитик функций ГО: AI подтвердил связь КГИПМФРК-1 (КГИПМФРК) → МФРК-752 (МФРК) [sim 1.000] — AI-вердикт: CORRECT
2025-10-13 12:19:04 [INFO] Аналитик функций ГО: AI подтвердил связь КГИАКМСХРК-53 (КГИАКМСХРК) → МСХРК-257 (МСХРК) [sim 1.000] — AI-вердикт: CORRECT
2025-10-13 12:19:04 [INFO] Аналитик функций ГО: AI подтвердил связь КГИПМФРК-36 (КГИПМФРК) → МФРК-713 (МФРК) [sim 1.000] — AI-вердикт: CORRECT
2025-10-13 12:19:04 [INFO] Аналитик функций ГО: AI подтвердил связь КГИПМФРК-35 (КГИПМФРК) → МФРК-712 (МФРК) [sim 1.000] — AI-вердикт: CORRECT
2025-10-13 12:19:04 [INFO] Аналитик функций ГО: AI подтвердил связь КГИПМФРК-2 (КГИПМФРК) → МФРК-61 (МФРК) [sim 1.000] — AI-вердикт: CORRECT
2025-10-13 12:19:04 [INFO] Аналитик функций ГО: AI подтвердил связь КГДМФРК-58 (КГДМФРК) → МФРК-349 (МФРК) [sim 0.951] — AI-вердикт: CORRECT
2025-10-13 12:19:04 [INFO] Аналитик функций ГО: AI подтвердил связь КГИПМФРК-19 (КГИПМФРК) → МФРК-749 (МФРК) [sim 1.000] — AI-вердикт: CORRECT
2025-10-13 12:19:04 [INFO] Аналитик функций ГО: AI подтвердил связь КГИАКМСХРК-83 (КГИАКМСХРК) → МСХРК-356 (МСХРК) [sim 1.000] — AI-вердикт: CORRECT
2025-10-13 12:19:04 [INFO] Аналитик функций ГО: AI подтвердил связь КГИАКМСХРК-76 (КГИАКМСХРК) → МСХРК-8-10 (МСХРК) [sim 0.921] — AI-вердикт: CORRECT
2025-10-13 12:19:04 [INFO] Аналитик функций ГО: AI подтвердил связь КГИПМФРК-21 (КГИПМФРК) → МФРК-707 (МФРК) [sim 1.000] — AI-вердикт: CORRECT
2025-10-13 12:19:04 [INFO] Аналитик функций ГО: AI подтвердил связь КГИПМФРК-18 (КГИПМФРК) → МФРК-746 (МФРК) [sim 1.000] — AI-вердикт: CORRECT
2025-10-13 12:19:04 [INFO] Аналитик функций ГО: AI подтвердил связь КГИАКМСХРК-68 (КГИАКМСХРК) → МСХРК-114 (МСХРК) [sim 1.000] — AI-вердикт: CORRECT
2025-10-13 12:19:04 [INFO] Аналитик функций ГО: AI подтвердил связь КГИПМФРК-11 (КГИПМФРК) → МФРК-734 (МФРК) [sim 1.000] — AI-вердикт: CORRECT
2025-10-13 12:19:04 [INFO] Аналитик функций ГО: AI подтвердил связь КГИПМФРК-14 (КГИПМФРК) → МФРК-741 (МФРК) [sim 1.000] — AI-вердикт: CORRECT
2025-10-13 12:19:04 [INFO] Аналитик функций ГО: AI подтвердил связь КГИАКМСХРК-77 (КГИАКМСХРК) → МСХРК-354 (МСХРК) [sim 1.000] — AI-вердикт: CORRECT
2025-10-13 12:19:04 [INFO] Аналитик функций ГО: AI подтвердил связь КГИПМФРК-53 (КГИПМФРК) → МФРК-757 (МФРК) [sim 1.000] — AI-вердикт: CORRECT
2025-10-13 12:19:04 [INFO] Аналитик функций ГО: AI подтвердил связь КГИАКМСХРК-6 (КГИАКМСХРК) → МСХРК-210 (МСХРК) [sim 0.984] — AI-вердикт: CORRECT
2025-10-13 12:19:04 [INFO] Аналитик функций ГО: AI подтвердил связь КГИПМФРК-4 (КГИПМФРК) → МФРК-726 (МФРК) [sim 0.997] — AI-вердикт: CORRECT
2025-10-13 12:19:04 [INFO] Аналитик функций ГО: AI подтвердил связь КГИПМФРК-29 (КГИПМФРК) → МФРК-735 (МФРК) [sim 1.000] — AI-вердикт: CORRECT
2025-10-13 12:19:04 [INFO] Аналитик функций ГО: AI подтвердил связь КГИПМФРК-47 (КГИПМФРК) → МФРК-748 (МФРК) [sim 1.000] — AI-вердикт: CORRECT
2025-10-13 12:19:04 [INFO] Аналитик функций ГО: AI подтвердил связь КГИАКМСХРК-84-1 (КГИАКМСХРК) → МСХРК-8-3 (МСХРК) [sim 0.971] — AI-вердикт: CORRECT
2025-10-13 12:19:04 [INFO] Аналитик функций ГО: AI подтвердил связь КГИПМФРК-20 (КГИПМФРК) → МФРК-587 (МФРК) [sim 1.000] — AI-вердикт: CORRECT
2025-10-13 12:19:04 [INFO] Аналитик функций ГО: AI подтвердил связь КГИПМФРК-16 (КГИПМФРК) → МФРК-745 (МФРК) [sim 1.000] — AI-вердикт: CORRECT
2025-10-13 12:19:04 [INFO] Аналитик функций ГО: AI подтвердил связь КГИАКМСХРК-94 (КГИАКМСХРК) → МСХРК-556 (МСХРК) [sim 0.967] — AI-вердикт: CORRECT
2025-10-13 12:19:04 [INFO] Аналитик функций ГО: AI подтвердил связь КГИАКМСХРК-71 (КГИАКМСХРК) → МСХРК-275 (МСХРК) [sim 0.987] — AI-вердикт: CORRECT
2025-10-13 12:19:04 [INFO] Аналитик функций ГО: AI подтвердил связь КГИПМФРК-28 (КГИПМФРК) → МФРК-760 (МФРК) [sim 1.000] — AI-вердикт: CORRECT
2025-10-13 12:19:04 [INFO] Аналитик функций ГО: AI подтвердил связь КГИАКМСХРК-8 (КГИАКМСХРК) → МСХРК-212 (МСХРК) [sim 0.979] — AI-вердикт: CORRECT
2025-10-13 12:19:04 [INFO] Аналитик функций ГО: AI подтвердил связь КГИПМФРК-6 (КГИПМФРК) → МФРК-728 (МФРК) [sim 1.000] — AI-вердикт: CORRECT
2025-10-13 12:19:04 [INFO] Аналитик функций ГО: AI подтвердил связь КГИПМФРК-57 (КГИПМФРК) → МФРК-769 (МФРК) [sim 1.000] — AI-вердикт: CORRECT
2025-10-13 12:19:04 [INFO] Аналитик функций ГО: AI подтвердил связь КГИПМФРК-61 (КГИПМФРК) → МФРК-756 (МФРК) [sim 1.000] — AI-вердикт: CORRECT
2025-10-13 12:19:04 [INFO] Аналитик функций ГО: AI подтвердил связь КГИПМФРК-43 (КГИПМФРК) → МФРК-729 (МФРК) [sim 1.000] — AI-вердикт: CORRECT
2025-10-13 12:19:04 [INFO] Аналитик функций ГО: AI подтвердил связь КГИПМФРК-22 (КГИПМФРК) → МФРК-754 (МФРК) [sim 1.000] — AI-вердикт: CORRECT
2025-10-13 12:19:04 [INFO] Аналитик функций ГО: AI подтвердил связь КГИПМФРК-44 (КГИПМФРК) → МФРК-730 (МФРК) [sim 1.000] — AI-вердикт: CORRECT
2025-10-13 12:19:04 [INFO] Аналитик функций ГО: AI подтвердил связь КГИПМФРК-45 (КГИПМФРК) → МФРК-736 (МФРК) [sim 1.000] — AI-вердикт: CORRECT
2025-10-13 12:19:04 [INFO] Аналитик функций ГО: AI подтвердил связь КГИАКМСХРК-85 (КГИАКМСХРК) → МСХРК-457 (МСХРК) [sim 0.967] — AI-вердикт: CORRECT
2025-10-13 12:19:04 [INFO] Аналитик функций ГО: AI подтвердил связь КГИПМФРК-38 (КГИПМФРК) → МФРК-716 (МФРК) [sim 1.000] — AI-вердикт: CORRECT
2025-10-13 12:19:04 [INFO] Аналитик функций ГО: AI подтвердил связь КГИПМФРК-59 (КГИПМФРК) → МФРК-753 (МФРК) [sim 1.000] — AI-вердикт: CORRECT
2025-10-13 12:19:04 [INFO] Аналитик функций ГО: AI подтвердил связь КГИПМФРК-34 (КГИПМФРК) → МФРК-711 (МФРК) [sim 1.000] — AI-вердикт: CORRECT
2025-10-13 12:19:04 [INFO] Аналитик функций ГО: AI подтвердил связь КГИПМФРК-46 (КГИПМФРК) → МФРК-742 (МФРК) [sim 1.000] — AI-вердикт: CORRECT
2025-10-13 12:19:04 [INFO] Аналитик функций ГО: AI подтвердил связь КГИПМФРК-12 (КГИПМФРК) → МФРК-737 (МФРК) [sim 1.000] — AI-вердикт: CORRECT
2025-10-13 12:19:04 [INFO] Аналитик функций ГО: AI подтвердил связь КГИПМФРК-40 (КГИПМФРК) → МФРК-718 (МФРК) [sim 1.000] — AI-вердикт: CORRECT
2025-10-13 12:19:04 [INFO] Аналитик функций ГО: AI подтвердил связь КГДМФРК-413 (КГДМФРК) → МФРК-387 (МФРК) [sim 0.880] — AI-вердикт: CORRECT
2025-10-13 12:19:04 [INFO] Аналитик функций ГО: AI подтвердил связь КГИПМФРК-42 (КГИПМФРК) → МФРК-768 (МФРК) [sim 1.000] — AI-вердикт: CORRECT
2025-10-13 12:19:04 [INFO] Аналитик функций ГО: AI подтвердил связь КГИПМФРК-65 (КГИПМФРК) → МФРК-772 (МФРК) [sim 1.000] — AI-вердикт: CORRECT
2025-10-13 12:19:04 [INFO] Аналитик функций ГО: AI подтвердил связь КГДМФРК-348 (КГДМФРК) → МФРК-122 (МФРК) [sim 0.983] — AI-вердикт: CORRECT
2025-10-13 12:19:04 [INFO] Аналитик функций ГО: AI подтвердил связь КГИПМФРК-49 (КГИПМФРК) → МФРК-762 (МФРК) [sim 1.000] — AI-вердикт: CORRECT
2025-10-13 12:19:04 [INFO] Аналитик функций ГО: AI подтвердил связь КГИПМФРК-71 (КГИПМФРК) → МФРК-459 (МФРК) [sim 1.000] — AI-вердикт: CORRECT
2025-10-13 12:19:04 [INFO] Аналитик функций ГО: AI подтвердил связь КГИПМФРК-33 (КГИПМФРК) → МФРК-710 (МФРК) [sim 1.000] — AI-вердикт: CORRECT
2025-10-13 12:19:04 [INFO] Аналитик функций ГО: AI подтвердил связь КГИПМФРК-56 (КГИПМФРК) → МФРК-767 (МФРК) [sim 1.000] — AI-вердикт: CORRECT
2025-10-13 12:19:04 [INFO] Аналитик функций ГО: AI подтвердил связь КГИПМФРК-69 (КГИПМФРК) → МФРК-738 (МФРК) [sim 1.000] — AI-вердикт: CORRECT
2025-10-13 12:19:04 [INFO] Аналитик функций ГО: AI подтвердил связь КГИПМФРК-52 (КГИПМФРК) → МФРК-765 (МФРК) [sim 1.000] — AI-вердикт: CORRECT
2025-10-13 12:19:04 [INFO] Аналитик функций ГО: AI подтвердил связь КГИПМФРК-58 (КГИПМФРК) → МФРК-708 (МФРК) [sim 1.000] — AI-вердикт: CORRECT
2025-10-13 12:19:04 [INFO] Аналитик функций ГО: AI подтвердил связь КГИПМФРК-17 (КГИПМФРК) → МФРК-744 (МФРК) [sim 1.000] — AI-вердикт: CORRECT
2025-10-13 12:19:04 [INFO] Аналитик функций ГО: AI подтвердил связь КГИПМФРК-39 (КГИПМФРК) → МФРК-717 (МФРК) [sim 1.000] — AI-вердикт: CORRECT
2025-10-13 12:19:04 [INFO] Аналитик функций ГО: AI подтвердил связь КГИАКМСХРК-97 (КГИАКМСХРК) → МСХРК-28 (МСХРК) [sim 1.000] — AI-вердикт: CORRECT
2025-10-13 12:19:04 [INFO] Аналитик функций ГО: AI подтвердил связь КГИАКМСХРК-60 (КГИАКМСХРК) → МСХРК-264 (МСХРК) [sim 0.971] — AI-вердикт: CORRECT
2025-10-13 12:19:04 [INFO] Аналитик функций ГО: AI подтвердил связь КГИПМФРК-51 (КГИПМФРК) → МФРК-764 (МФРК) [sim 1.000] — AI-вердикт: CORRECT
2025-10-13 12:19:04 [INFO] Аналитик функций ГО: AI подтвердил связь КГИПМФРК-72 (КГИПМФРК) → МФРК-259 (МФРК) [sim 1.000] — AI-вердикт: CORRECT
2025-10-13 12:19:04 [INFO] Аналитик функций ГО: AI подтвердил связь КГИПМФРК-37 (КГИПМФРК) → МФРК-715 (МФРК) [sim 1.000] — AI-вердикт: CORRECT
2025-10-13 12:19:04 [INFO] Аналитик функций ГО: AI подтвердил связь КГИПМФРК-70 (КГИПМФРК) → МФРК-739 (МФРК) [sim 1.000] — AI-вердикт: CORRECT
2025-10-13 12:19:04 [INFO] Аналитик функций ГО: AI подтвердил связь КГИПМФРК-25 (КГИПМФРК) → МФРК-751 (МФРК) [sim 0.992] — AI-вердикт: CORRECT
2025-10-13 12:19:04 [INFO] Аналитик функций ГО: AI подтвердил связь КГИПМФРК-5 (КГИПМФРК) → МФРК-727 (МФРК) [sim 1.000] — AI-вердикт: CORRECT
2025-10-13 12:19:04 [INFO] Аналитик функций ГО: AI подтвердил связь КГИПМФРК-7 (КГИПМФРК) → МФРК-731 (МФРК) [sim 1.000] — AI-вердикт: CORRECT
2025-10-13 12:19:04 [INFO] Аналитик функций ГО: AI подтвердил связь КГИАКМСХРК-82 (КГИАКМСХРК) → МСХРК-360 (МСХРК) [sim 1.000] — AI-вердикт: CORRECT
2025-10-13 12:19:04 [INFO] Аналитик функций ГО: AI подтвердил связь КГИПМФРК-81-1 (КГИПМФРК) → МФРК-1078 (МФРК) [sim 0.970] — AI-вердикт: CORRECT
2025-10-13 12:19:04 [INFO] Аналитик функций ГО: AI подтвердил связь КГИПМФРК-76 (КГИПМФРК) → МФРК-42 (МФРК) [sim 1.000] — AI-вердикт: CORRECT
2025-10-13 12:19:04 [INFO] Аналитик функций ГО: AI подтвердил связь КГИПМФРК-60 (КГИПМФРК) → МФРК-755 (МФРК) [sim 1.000] — AI-вердикт: CORRECT
2025-10-13 12:19:04 [INFO] Аналитик функций ГО: AI подтвердил связь КГИПМФРК-50 (КГИПМФРК) → МФРК-763 (МФРК) [sim 0.976] — AI-вердикт: CORRECT
2025-10-13 12:19:04 [INFO] Аналитик функций ГО: AI подтвердил связь КГИПМФРК-81 (КГИПМФРК) → МФРК-1078 (МФРК) [sim 0.970] — AI-вердикт: CORRECT
2025-10-13 12:19:04 [INFO] Аналитик функций ГО: AI подтвердил связь КГИПМФРК-55 (КГИПМФРК) → МФРК-758 (МФРК) [sim 1.000] — AI-вердикт: CORRECT
2025-10-13 12:19:04 [INFO] Аналитик функций ГО: AI подтвердил связь КГИПМФРК-78 (КГИПМФРК) → МФРК-92 (МФРК) [sim 1.000] — AI-вердикт: CORRECT
2025-10-13 12:19:04 [INFO] Аналитик функций ГО: AI подтвердил связь КГИПМФРК-48 (КГИПМФРК) → МФРК-761 (МФРК) [sim 1.000] — AI-вердикт: CORRECT
2025-10-13 12:19:04 [INFO] Аналитик функций ГО: AI подтвердил связь КГИПМФРК-54 (КГИПМФРК) → МФРК-766 (МФРК) [sim 1.000] — AI-вердикт: CORRECT
2025-10-13 12:19:04 [INFO] Аналитик функций ГО: AI подтвердил связь КГИПМФРК-63 (КГИПМФРК) → МФРК-770 (МФРК) [sim 1.000] — AI-вердикт: CORRECT
2025-10-13 12:19:04 [INFO] Аналитик функций ГО: AI подтвердил связь КГИПМФРК-8 (КГИПМФРК) → МФРК-466 (МФРК) [sim 0.994] — AI-вердикт: CORRECT
2025-10-13 12:19:04 [INFO] Аналитик функций ГО: AI подтвердил связь КГМПСРК-15 (КГМПСРК) → МПСРК-7 (МПСРК) [sim 0.984] — AI-вердикт: CORRECT
2025-10-13 12:19:04 [INFO] Аналитик функций ГО: AI подтвердил связь КГМПСРК-31 (КГМПСРК) → МПСРК-380 (МПСРК) [sim 1.000] — AI-вердикт: CORRECT
2025-10-13 12:19:04 [INFO] Аналитик функций ГО: AI подтвердил связь КГИПМФРК-68 (КГИПМФРК) → МФРК-76 (МФРК) [sim 0.957] — AI-вердикт: CORRECT
2025-10-13 12:19:04 [INFO] Аналитик функций ГО: AI подтвердил связь КГИПМФРК-80 (КГИПМФРК) → МФРК-150 (МФРК) [sim 0.946] — AI-вердикт: CORRECT
2025-10-13 12:19:04 [INFO] Аналитик функций ГО: AI подтвердил связь КГИПМФРК-41 (КГИПМФРК) → МФРК-719 (МФРК) [sim 0.994] — AI-вердикт: CORRECT
2025-10-13 12:19:04 [INFO] Аналитик функций ГО: AI подтвердил связь КГИПМФРК-10 (КГИПМФРК) → МФРК-709 (МФРК) [sim 1.000] — AI-вердикт: CORRECT
2025-10-13 12:19:04 [INFO] Аналитик функций ГО: AI подтвердил связь КГМПСРК-30 (КГМПСРК) → МПСРК-344 (МПСРК) [sim 1.000] — AI-вердикт: CORRECT
2025-10-13 12:19:04 [INFO] Аналитик функций ГО: AI подтвердил связь КГИПМФРК-9 (КГИПМФРК) → МФРК-733 (МФРК) [sim 1.000] — AI-вердикт: CORRECT
2025-10-13 12:19:04 [INFO] Аналитик функций ГО: AI подтвердил связь КГМПСРК-40 (КГМПСРК) → МПСРК-349 (МПСРК) [sim 1.000] — AI-вердикт: CORRECT
2025-10-13 12:19:04 [INFO] Аналитик функций ГО: AI подтвердил связь КГМПСРК-22 (КГМПСРК) → МПСРК-323 (МПСРК) [sim 0.970] — AI-вердикт: CORRECT
2025-10-13 12:19:04 [INFO] Аналитик функций ГО: AI подтвердил связь КГМПСРК-28 (КГМПСРК) → МПСРК-379 (МПСРК) [sim 1.000] — AI-вердикт: CORRECT
2025-10-13 12:19:04 [INFO] Аналитик функций ГО: AI подтвердил связь КГМПСРК-23 (КГМПСРК) → МПСРК-322 (МПСРК) [sim 0.975] — AI-вердикт: CORRECT
2025-10-13 12:19:04 [INFO] Аналитик функций ГО: AI подтвердил связь КГМПСРК-5 (КГМПСРК) → МПСРК-388 (МПСРК) [sim 1.000] — AI-вердикт: CORRECT
2025-10-13 12:19:04 [INFO] Аналитик функций ГО: AI подтвердил связь КГМПСРК-47 (КГМПСРК) → МПСРК-354 (МПСРК) [sim 1.000] — AI-вердикт: CORRECT
2025-10-13 12:19:04 [INFO] Аналитик функций ГО: AI подтвердил связь КГМПСРК-41 (КГМПСРК) → МПСРК-368 (МПСРК) [sim 0.995] — AI-вердикт: CORRECT
2025-10-13 12:19:04 [INFO] Аналитик функций ГО: AI подтвердил связь КГМПСРК-43 (КГМПСРК) → МПСРК-350 (МПСРК) [sim 1.000] — AI-вердикт: CORRECT
2025-10-13 12:19:04 [INFO] Аналитик функций ГО: AI подтвердил связь КГИПМФРК-67 (КГИПМФРК) → МФРК-405 (МФРК) [sim 0.978] — AI-вердикт: CORRECT
2025-10-13 12:19:04 [INFO] Аналитик функций ГО: AI подтвердил связь КГИТМТСЗНРК-10 (КГИТМТСЗНРК) → МТСЗНРК-244 (МТСЗНРК) [sim 0.697] — AI-вердикт: CORRECT
2025-10-13 12:19:04 [INFO] Аналитик функций ГО: AI подтвердил связь КГМПСРК-4 (КГМПСРК) → МПСРК-387 (МПСРК) [sim 1.000] — AI-вердикт: CORRECT
2025-10-13 12:19:04 [INFO] Аналитик функций ГО: AI подтвердил связь КГМПСРК-58 (КГМПСРК) → МПСРК-359 (МПСРК) [sim 1.000] — AI-вердикт: CORRECT
2025-10-13 12:19:04 [INFO] Аналитик функций ГО: AI подтвердил связь КГМПСРК-36 (КГМПСРК) → МПСРК-346 (МПСРК) [sim 1.000] — AI-вердикт: CORRECT
2025-10-13 12:19:04 [INFO] Аналитик функций ГО: AI подтвердил связь КГМПСРК-48 (КГМПСРК) → МПСРК-355 (МПСРК) [sim 1.000] — AI-вердикт: CORRECT
2025-10-13 12:19:04 [INFO] Аналитик функций ГО: AI подтвердил связь КГМПСРК-21 (КГМПСРК) → МПСРК-342 (МПСРК) [sim 0.978] — AI-вердикт: CORRECT
2025-10-13 12:19:04 [INFO] Аналитик функций ГО: AI подтвердил связь КГМПСРК-53 (КГМПСРК) → МПСРК-338 (МПСРК) [sim 1.000] — AI-вердикт: CORRECT
2025-10-13 12:19:04 [INFO] Аналитик функций ГО: AI подтвердил связь КГИТМТСЗНРК-11 (КГИТМТСЗНРК) → МТСЗНРК-2 (МТСЗНРК) [sim 0.813] — AI-вердикт: CORRECT
2025-10-13 12:19:04 [INFO] Аналитик функций ГО: AI подтвердил связь КГМПСРК-38 (КГМПСРК) → МПСРК-347 (МПСРК) [sim 0.997] — AI-вердикт: CORRECT
2025-10-13 12:19:04 [INFO] Аналитик функций ГО: AI подтвердил связь КГИТМТСЗНРК-6 (КГИТМТСЗНРК) → МТСЗНРК-16 (МТСЗНРК) [sim 0.849] — AI-вердикт: CORRECT
2025-10-13 12:19:04 [INFO] Аналитик функций ГО: AI подтвердил связь КГИАКМСХРК-95 (КГИАКМСХРК) → МСХРК-509 (МСХРК) [sim 0.989] — AI-вердикт: CORRECT
2025-10-13 12:19:04 [INFO] Аналитик функций ГО: AI подтвердил связь КГМПСРК-51 (КГМПСРК) → МПСРК-321 (МПСРК) [sim 1.000] — AI-вердикт: CORRECT
2025-10-13 12:19:04 [INFO] Аналитик функций ГО: AI подтвердил связь КГМПСРК-29 (КГМПСРК) → МПСРК-327 (МПСРК) [sim 0.973] — AI-вердикт: CORRECT
2025-10-13 12:19:04 [INFO] Аналитик функций ГО: AI подтвердил связь КГМПСРК-24 (КГМПСРК) → МПСРК-325 (МПСРК) [sim 0.989] — AI-вердикт: CORRECT
2025-10-13 12:19:04 [INFO] Аналитик функций ГО: AI подтвердил связь КГИТМТСЗНРК-15 (КГИТМТСЗНРК) → МТСЗНРК-13 (МТСЗНРК) [sim 0.602] — AI-вердикт: CORRECT
2025-10-13 12:19:04 [INFO] Аналитик функций ГО: AI подтвердил связь КГМПСРК-52 (КГМПСРК) → МПСРК-357 (МПСРК) [sim 1.000] — AI-вердикт: CORRECT
2025-10-13 12:19:04 [INFO] Аналитик функций ГО: AI подтвердил связь КГМПСРК-59 (КГМПСРК) → МПСРК-381 (МПСРК) [sim 1.000] — AI-вердикт: CORRECT
2025-10-13 12:19:04 [INFO] Аналитик функций ГО: AI подтвердил связь КГИТМТСЗНРК-14 (КГИТМТСЗНРК) → МТСЗНРК-17 (МТСЗНРК) [sim 0.664] — AI-вердикт: CORRECT
2025-10-13 12:19:04 [INFO] Аналитик функций ГО: AI подтвердил связь КГМПСРК-50 (КГМПСРК) → МПСРК-356 (МПСРК) [sim 1.000] — AI-вердикт: CORRECT
2025-10-13 12:19:04 [INFO] Аналитик функций ГО: AI подтвердил связь КГМПСРК-60 (КГМПСРК) → МПСРК-361 (МПСРК) [sim 1.000] — AI-вердикт: CORRECT
2025-10-13 12:19:04 [INFO] Аналитик функций ГО: AI подтвердил связь КГМПСРК-27 (КГМПСРК) → МПСРК-343 (МПСРК) [sim 0.983] — AI-вердикт: CORRECT
2025-10-13 12:19:04 [INFO] Аналитик функций ГО: AI подтвердил связь КГМПСРК-26 (КГМПСРК) → МПСРК-337 (МПСРК) [sim 1.000] — AI-вердикт: CORRECT
2025-10-13 12:19:04 [INFO] Аналитик функций ГО: AI подтвердил связь КГМПСРК-66 (КГМПСРК) → МПСРК-366 (МПСРК) [sim 1.000] — AI-вердикт: CORRECT
2025-10-13 12:19:04 [INFO] Аналитик функций ГО: AI подтвердил связь КГМПСРК-65 (КГМПСРК) → МПСРК-365 (МПСРК) [sim 1.000] — AI-вердикт: CORRECT
2025-10-13 12:19:04 [INFO] Аналитик функций ГО: AI подтвердил связь КГМПСРК-54 (КГМПСРК) → МПСРК-335 (МПСРК) [sim 0.955] — AI-вердикт: CORRECT
2025-10-13 12:19:04 [INFO] Аналитик функций ГО: AI подтвердил связь КГМПСРК-3 (КГМПСРК) → МПСРК-4 (МПСРК) [sim 0.776] — AI-вердикт: CORRECT
2025-10-13 12:19:04 [INFO] Аналитик функций ГО: AI подтвердил связь КГМПСРК-57 (КГМПСРК) → МПСРК-336 (МПСРК) [sim 0.983] — AI-вердикт: CORRECT
2025-10-13 12:19:04 [INFO] Аналитик функций ГО: AI подтвердил связь КГИАКМСХРК-96 (КГИАКМСХРК) → МСХРК-653 (МСХРК) [sim 0.982] — AI-вердикт: CORRECT
2025-10-13 12:19:04 [INFO] Аналитик функций ГО: AI подтвердил связь КГМПСРК-62 (КГМПСРК) → МПСРК-363 (МПСРК) [sim 1.000] — AI-вердикт: CORRECT
2025-10-13 12:19:04 [INFO] Аналитик функций ГО: AI подтвердил связь КГМПСРК-67 (КГМПСРК) → МПСРК-367 (МПСРК) [sim 1.000] — AI-вердикт: CORRECT
2025-10-13 12:19:04 [INFO] Аналитик функций ГО: AI подтвердил связь КГМПСРК-64 (КГМПСРК) → МПСРК-364 (МПСРК) [sim 1.000] — AI-вердикт: CORRECT
2025-10-13 12:19:04 [INFO] Аналитик функций ГО: AI подтвердил связь КГМПСРК-16 (КГМПСРК) → МПСРК-7 (МПСРК) [sim 0.739] — AI-вердикт: CORRECT
2025-10-13 12:19:04 [INFO] Аналитик функций ГО: AI подтвердил связь КГМПСРК-42 (КГМПСРК) → МПСРК-369 (МПСРК) [sim 0.989] — AI-вердикт: CORRECT
2025-10-13 12:19:04 [INFO] Аналитик функций ГО: AI подтвердил связь КГМПСРК-56 (КГМПСРК) → МПСРК-358 (МПСРК) [sim 1.000] — AI-вердикт: CORRECT
2025-10-13 12:19:04 [INFO] Аналитик функций ГО: AI подтвердил связь КГМПСРК-6 (КГМПСРК) → МПСРК-390 (МПСРК) [sim 1.000] — AI-вердикт: CORRECT
2025-10-13 12:19:04 [INFO] Аналитик функций ГО: AI подтвердил связь КГИПМФРК-66 (КГИПМФРК) → МФРК-404 (МФРК) [sim 0.991] — AI-вердикт: CORRECT
2025-10-13 12:19:04 [INFO] Аналитик функций ГО: AI подтвердил связь КГМПСРК-2 (КГМПСРК) → МПСРК-10 (МПСРК) [sim 0.685] — AI-вердикт: CORRECT
2025-10-13 12:19:04 [INFO] Аналитик функций ГО: AI подтвердил связь КГИТМТСЗНРК-8 (КГИТМТСЗНРК) → МТСЗНРК-14 (МТСЗНРК) [sim 0.756] — AI-вердикт: CORRECT
2025-10-13 12:19:04 [INFO] Аналитик функций ГО: AI подтвердил связь КГМПСРК-39 (КГМПСРК) → МПСРК-348 (МПСРК) [sim 1.000] — AI-вердикт: CORRECT
2025-10-13 12:19:04 [INFO] Аналитик функций ГО: AI подтвердил связь КГМПСРК-74 (КГМПСРК) → МПСРК-372 (МПСРК) [sim 0.976] — AI-вердикт: CORRECT
2025-10-13 12:19:04 [INFO] Аналитик функций ГО: AI подтвердил связь КГИПМФРК-77 (КГИПМФРК) → МФРК-91 (МФРК) [sim 1.000] — AI-вердикт: CORRECT
2025-10-13 12:19:04 [INFO] Аналитик функций ГО: AI подтвердил связь КГМПСРК-72 (КГМПСРК) → МПСРК-339 (МПСРК) [sim 0.934] — AI-вердикт: CORRECT
2025-10-13 12:19:04 [INFO] Аналитик функций ГО: AI подтвердил связь КГМПСРК-12 (КГМПСРК) → МПСРК-2 (МПСРК) [sim 0.907] — AI-вердикт: CORRECT
2025-10-13 12:19:04 [INFO] Аналитик функций ГО: AI подтвердил связь КГМПСРК-55 (КГМПСРК) → МПСРК-333 (МПСРК) [sim 0.962] — AI-вердикт: CORRECT
2025-10-13 12:19:04 [INFO] Аналитик функций ГО: AI подтвердил связь КГМПСРК-77 (КГМПСРК) → МПСРК-375 (МПСРК) [sim 0.990] — AI-вердикт: CORRECT
2025-10-13 12:19:04 [INFO] Аналитик функций ГО: AI подтвердил связь КГМПСРК-46 (КГМПСРК) → МПСРК-353 (МПСРК) [sim 1.000] — AI-вердикт: CORRECT
2025-10-13 12:19:04 [INFO] Аналитик функций ГО: AI подтвердил связь КГМРМЧСРК-16 (КГМРМЧСРК) → МЧСРК-345 (МЧСРК) [sim 0.974] — AI-вердикт: CORRECT
2025-10-13 12:19:04 [INFO] Аналитик функций ГО: AI подтвердил связь КГМПСРК-82-1 (КГМПСРК) → МПСРК-18 (МПСРК) [sim 0.965] — AI-вердикт: CORRECT
2025-10-13 12:19:04 [INFO] Аналитик функций ГО: AI подтвердил связь КГИПМФРК-73 (КГИПМФРК) → МФРК-590 (МФРК) [sim 1.000] — AI-вердикт: CORRECT
2025-10-13 12:19:04 [INFO] Аналитик функций ГО: AI подтвердил связь КГМПСРК-82 (КГМПСРК) → МПСРК-18 (МПСРК) [sim 0.965] — AI-вердикт: CORRECT
2025-10-13 12:19:04 [INFO] Аналитик функций ГО: AI подтвердил связь КГМПСРК-68 (КГМПСРК) → МПСРК-370 (МПСРК) [sim 1.000] — AI-вердикт: CORRECT
2025-10-13 12:19:04 [INFO] Аналитик функций ГО: AI подтвердил связь КГМПСРК-80 (КГМПСРК) → МПСРК-384 (МПСРК) [sim 0.968] — AI-вердикт: CORRECT
2025-10-13 12:19:04 [INFO] Аналитик функций ГО: AI подтвердил связь КГМРМЧСРК-20 (КГМРМЧСРК) → МЧСРК-351 (МЧСРК) [sim 0.990] — AI-вердикт: CORRECT
2025-10-13 12:19:04 [INFO] Аналитик функций ГО: AI подтвердил связь КГМРМЧСРК-19 (КГМРМЧСРК) → МЧСРК-350 (МЧСРК) [sim 0.989] — AI-вердикт: CORRECT
2025-10-13 12:19:04 [INFO] Аналитик функций ГО: AI подтвердил связь КГМРМЧСРК-14 (КГМРМЧСРК) → МЧСРК-324 (МЧСРК) [sim 0.978] — AI-вердикт: CORRECT
2025-10-13 12:19:04 [INFO] Аналитик функций ГО: AI подтвердил связь КГМПСРК-81 (КГМПСРК) → МПСРК-385 (МПСРК) [sim 1.000] — AI-вердикт: CORRECT
2025-10-13 12:19:04 [INFO] Аналитик функций ГО: AI подтвердил связь КГМПСРК-70 (КГМПСРК) → МПСРК-340 (МПСРК) [sim 0.986] — AI-вердикт: CORRECT
2025-10-13 12:19:04 [INFO] Аналитик функций ГО: AI подтвердил связь КГМПСРК-76 (КГМПСРК) → МПСРК-374 (МПСРК) [sim 0.988] — AI-вердикт: CORRECT
2025-10-13 12:19:04 [INFO] Аналитик функций ГО: AI подтвердил связь КГМРМЧСРК-13 (КГМРМЧСРК) → МЧСРК-326 (МЧСРК) [sim 0.994] — AI-вердикт: CORRECT
2025-10-13 12:19:04 [INFO] Аналитик функций ГО: AI подтвердил связь КГМРМЧСРК-23 (КГМРМЧСРК) → МЧСРК-354 (МЧСРК) [sim 0.992] — AI-вердикт: CORRECT
2025-10-13 12:19:04 [INFO] Аналитик функций ГО: AI подтвердил связь КГМПСРК-69 (КГМПСРК) → МПСРК-334 (МПСРК) [sim 1.000] — AI-вердикт: CORRECT
2025-10-13 12:19:04 [INFO] Аналитик функций ГО: AI подтвердил связь КГМПСРК-75 (КГМПСРК) → МПСРК-373 (МПСРК) [sim 0.982] — AI-вердикт: CORRECT
2025-10-13 12:19:04 [INFO] Аналитик функций ГО: AI подтвердил связь КГМРМЧСРК-26 (КГМРМЧСРК) → МЧСРК-357 (МЧСРК) [sim 0.973] — AI-вердикт: CORRECT
2025-10-13 12:19:04 [INFO] Аналитик функций ГО: AI подтвердил связь КГМРМЧСРК-15 (КГМРМЧСРК) → МЧСРК-312 (МЧСРК) [sim 0.957] — AI-вердикт: CORRECT
2025-10-13 12:19:04 [INFO] Аналитик функций ГО: AI подтвердил связь КГМРМЧСРК-21 (КГМРМЧСРК) → МЧСРК-352 (МЧСРК) [sim 0.964] — AI-вердикт: CORRECT
2025-10-13 12:19:04 [INFO] Аналитик функций ГО: AI подтвердил связь КГМРМЧСРК-9 (КГМРМЧСРК) → МЧСРК-343 (МЧСРК) [sim 0.987] — AI-вердикт: CORRECT
2025-10-13 12:19:04 [INFO] Аналитик функций ГО: AI подтвердил связь КГМРМЧСРК-7 (КГМРМЧСРК) → МЧСРК-315 (МЧСРК) [sim 0.967] — AI-вердикт: CORRECT
2025-10-13 12:19:04 [INFO] Аналитик функций ГО: AI подтвердил связь КГМРМЧСРК-12 (КГМРМЧСРК) → МЧСРК-325 (МЧСРК) [sim 0.989] — AI-вердикт: CORRECT
2025-10-13 12:19:04 [INFO] Аналитик функций ГО: AI подтвердил связь КГМРМЧСРК-17 (КГМРМЧСРК) → МЧСРК-348 (МЧСРК) [sim 0.996] — AI-вердикт: CORRECT
2025-10-13 12:19:04 [INFO] Аналитик функций ГО: AI подтвердил связь КГМПСРК-79 (КГМПСРК) → МПСРК-383 (МПСРК) [sim 0.976] — AI-вердикт: CORRECT
2025-10-13 12:19:04 [INFO] Аналитик функций ГО: AI подтвердил связь КГМРМЧСРК-8 (КГМРМЧСРК) → МЧСРК-323 (МЧСРК) [sim 0.989] — AI-вердикт: CORRECT
2025-10-13 12:19:04 [INFO] Аналитик функций ГО: AI подтвердил связь КГМРМЧСРК-22 (КГМРМЧСРК) → МЧСРК-353 (МЧСРК) [sim 0.989] — AI-вердикт: CORRECT
2025-10-13 12:19:04 [INFO] Аналитик функций ГО: AI подтвердил связь КГМРМЧСРК-2 (КГМРМЧСРК) → МЧСРК-3 (МЧСРК) [sim 0.656] — AI-вердикт: CORRECT
2025-10-13 12:19:04 [INFO] Аналитик функций ГО: AI подтвердил связь КГМРМЧСРК-27 (КГМРМЧСРК) → МЧСРК-321 (МЧСРК) [sim 0.988] — AI-вердикт: CORRECT
2025-10-13 12:19:04 [INFO] Аналитик функций ГО: AI подтвердил связь КГМПСРК-7 (КГМПСРК) → МПСРК-558 (МПСРК) [sim 0.732] — AI-вердикт: CORRECT
2025-10-13 12:19:04 [INFO] Аналитик функций ГО: AI подтвердил связь КГМПСРК-25 (КГМПСРК) → МПСРК-326 (МПСРК) [sim 0.928] — AI-вердикт: CORRECT
2025-10-13 12:19:04 [INFO] Аналитик функций ГО: AI подтвердил связь КГМРМЧСРК-28 (КГМРМЧСРК) → МЧСРК-410 (МЧСРК) [sim 0.904] — AI-вердикт: CORRECT
2025-10-13 12:19:04 [INFO] Аналитик функций ГО: AI подтвердил связь КГМРМЧСРК-10 (КГМРМЧСРК) → МЧСРК-298 (МЧСРК) [sim 0.971] — AI-вердикт: CORRECT
2025-10-13 12:19:04 [INFO] Аналитик функций ГО: AI подтвердил связь КГОВЧМЧСРК-19 (КГОВЧМЧСРК) → МЧСРК-9 (МЧСРК) [sim 0.891] — AI-вердикт: CORRECT
2025-10-13 12:19:04 [INFO] Аналитик функций ГО: AI подтвердил связь КГИТМТСЗНРК-22 (КГИТМТСЗНРК) → МТСЗНРК-111 (МТСЗНРК) [sim 0.717] — AI-вердикт: CORRECT
2025-10-13 12:19:04 [INFO] Аналитик функций ГО: AI подтвердил связь КГОВЧМЧСРК-3 (КГОВЧМЧСРК) → МЧСРК-6 (МЧСРК) [sim 0.901] — AI-вердикт: CORRECT
2025-10-13 12:19:04 [INFO] Аналитик функций ГО: AI подтвердил связь КГОВЧМЧСРК-22 (КГОВЧМЧСРК) → МЧСРК-21 (МЧСРК) [sim 0.889] — AI-вердикт: CORRECT
2025-10-13 12:19:04 [INFO] Аналитик функций ГО: AI подтвердил связь КГОВЧМЧСРК-53 (КГОВЧМЧСРК) → МЧСРК-391 (МЧСРК) [sim 0.980] — AI-вердикт: CORRECT
2025-10-13 12:19:04 [INFO] Аналитик функций ГО: AI подтвердил связь КГОВЧМЧСРК-21 (КГОВЧМЧСРК) → МЧСРК-11 (МЧСРК) [sim 0.882] — AI-вердикт: CORRECT
2025-10-13 12:19:04 [INFO] Аналитик функций ГО: AI подтвердил связь КГОВЧМЧСРК-61 (КГОВЧМЧСРК) → МЧСРК-269 (МЧСРК) [sim 0.987] — AI-вердикт: CORRECT
2025-10-13 12:19:04 [INFO] Аналитик функций ГО: AI подтвердил связь КГОВЧМЧСРК-42-4 (КГОВЧМЧСРК) → МЧСРК-276 (МЧСРК) [sim 0.882] — AI-вердикт: CORRECT
2025-10-13 12:19:04 [INFO] Аналитик функций ГО: AI подтвердил связь КГОВЧМЧСРК-57 (КГОВЧМЧСРК) → МЧСРК-339 (МЧСРК) [sim 0.967] — AI-вердикт: CORRECT
2025-10-13 12:19:04 [INFO] Аналитик функций ГО: AI подтвердил связь КГМРМЧСРК-18 (КГМРМЧСРК) → МЧСРК-349 (МЧСРК) [sim 0.955] — AI-вердикт: CORRECT
2025-10-13 12:19:04 [INFO] Аналитик функций ГО: AI подтвердил связь КГМРМЧСРК-5 (КГМРМЧСРК) → МЧСРК-410 (МЧСРК) [sim 0.659] — AI-вердикт: CORRECT
2025-10-13 12:19:04 [INFO] Аналитик функций ГО: AI подтвердил связь КГМРМЧСРК-11 (КГМРМЧСРК) → МЧСРК-191 (МЧСРК) [sim 0.940] — AI-вердикт: CORRECT
2025-10-13 12:19:04 [INFO] Аналитик функций ГО: AI подтвердил связь КГОВЧМЧСРК-46 (КГОВЧМЧСРК) → МЧСРК-391 (МЧСРК) [sim 0.720] — AI-вердикт: CORRECT
2025-10-13 12:19:04 [INFO] Аналитик функций ГО: AI подтвердил связь КГОВЧМЧСРК-42-3 (КГОВЧМЧСРК) → МЧСРК-275 (МЧСРК) [sim 0.869] — AI-вердикт: CORRECT
2025-10-13 12:19:04 [INFO] Аналитик функций ГО: AI подтвердил связь КГОВЧМЧСРК-42-2 (КГОВЧМЧСРК) → МЧСРК-274 (МЧСРК) [sim 0.895] — AI-вердикт: CORRECT
2025-10-13 12:19:04 [INFO] Аналитик функций ГО: AI подтвердил связь КГМРМЧСРК-6 (КГМРМЧСРК) → МЧСРК-6 (МЧСРК) [sim 0.983] — AI-вердикт: CORRECT
2025-10-13 12:19:04 [INFO] Аналитик функций ГО: AI подтвердил связь КГОВЧМЧСРК-23 (КГОВЧМЧСРК) → МЧСРК-255 (МЧСРК) [sim 0.703] — AI-вердикт: CORRECT
2025-10-13 12:19:04 [INFO] Аналитик функций ГО: AI подтвердил связь КГОВЧМЧСРК-58 (КГОВЧМЧСРК) → МЧСРК-340 (МЧСРК) [sim 0.978] — AI-вердикт: CORRECT
2025-10-13 12:19:04 [INFO] Аналитик функций ГО: AI подтвердил связь КГОВЧМЧСРК-31 (КГОВЧМЧСРК) → МЧСРК-258 (МЧСРК) [sim 0.851] — AI-вердикт: CORRECT
2025-10-13 12:19:04 [INFO] Аналитик функций ГО: AI подтвердил связь КГОВЧМЧСРК-18-1 (КГОВЧМЧСРК) → МЧСРК-29 (МЧСРК) [sim 0.728] — AI-вердикт: CORRECT
2025-10-13 12:19:04 [INFO] Аналитик функций ГО: AI подтвердил связь КГОВЧМЧСРК-41 (КГОВЧМЧСРК) → МЧСРК-28 (МЧСРК) [sim 0.791] — AI-вердикт: CORRECT
2025-10-13 12:19:04 [INFO] Аналитик функций ГО: AI подтвердил связь КГМРМЧСРК-1 (КГМРМЧСРК) → МЧСРК-342 (МЧСРК) [sim 0.626] — AI-вердикт: CORRECT
2025-10-13 12:19:04 [INFO] Аналитик функций ГО: AI подтвердил связь КГОВЧМЧСРК-56 (КГОВЧМЧСРК) → МЧСРК-335 (МЧСРК) [sim 0.903] — AI-вердикт: CORRECT
2025-10-13 12:19:04 [INFO] Аналитик функций ГО: AI подтвердил связь КГОВЧМЧСРК-42-1 (КГОВЧМЧСРК) → МЧСРК-33 (МЧСРК) [sim 0.937] — AI-вердикт: CORRECT
2025-10-13 12:19:04 [INFO] Аналитик функций ГО: AI подтвердил связь КГОВЧМЧСРК-44 (КГОВЧМЧСРК) → МЧСРК-14 (МЧСРК) [sim 0.744] — AI-вердикт: CORRECT
2025-10-13 12:19:04 [INFO] Аналитик функций ГО: AI подтвердил связь КГОЗМПСРК-3 (КГОЗМПСРК) → МПСРК-533 (МПСРК) [sim 0.976] — AI-вердикт: CORRECT
2025-10-13 12:19:04 [INFO] Аналитик функций ГО: AI подтвердил связь КГУМЦРИАПРК-33 (КГУМЦРИАПРК) → МЦРИАПРК-511 (МЦРИАПРК) [sim 1.000] — AI-вердикт: CORRECT
2025-10-13 12:19:04 [INFO] Аналитик функций ГО: AI подтвердил связь КГОВЧМЧСРК-18-3 (КГОВЧМЧСРК) → МЧСРК-16 (МЧСРК) [sim 0.697] — AI-вердикт: CORRECT
2025-10-13 12:19:04 [INFO] Аналитик функций ГО: AI подтвердил связь КГУМЦРИАПРК-23 (КГУМЦРИАПРК) → МЦРИАПРК-525 (МЦРИАПРК) [sim 1.000] — AI-вердикт: CORRECT
2025-10-13 12:19:04 [INFO] Аналитик функций ГО: AI подтвердил связь КГУМЦРИАПРК-46 (КГУМЦРИАПРК) → МЦРИАПРК-529 (МЦРИАПРК) [sim 1.000] — AI-вердикт: CORRECT
2025-10-13 12:19:04 [INFO] Аналитик функций ГО: AI подтвердил связь КГУМЦРИАПРК-36 (КГУМЦРИАПРК) → МЦРИАПРК-513 (МЦРИАПРК) [sim 1.000] — AI-вердикт: CORRECT
2025-10-13 12:19:04 [INFO] Аналитик функций ГО: AI подтвердил связь КГОВЧМЧСРК-54 (КГОВЧМЧСРК) → МЧСРК-391 (МЧСРК) [sim 0.631] — AI-вердикт: CORRECT
2025-10-13 12:19:04 [INFO] Аналитик функций ГО: AI подтвердил связь КГМПСРК-11 (КГМПСРК) → МПСРК-6 (МПСРК) [sim 0.746] — AI-вердикт: CORRECT
2025-10-13 12:19:04 [INFO] Аналитик функций ГО: AI подтвердил связь КГУМЦРИАПРК-41 (КГУМЦРИАПРК) → МЦРИАПРК-526 (МЦРИАПРК) [sim 1.000] — AI-вердикт: CORRECT
2025-10-13 12:19:04 [INFO] Аналитик функций ГО: AI подтвердил связь КГУМЦРИАПРК-43 (КГУМЦРИАПРК) → МЦРИАПРК-527 (МЦРИАПРК) [sim 1.000] — AI-вердикт: CORRECT
2025-10-13 12:19:04 [INFO] Аналитик функций ГО: AI подтвердил связь КГОВЧМЧСРК-4 (КГОВЧМЧСРК) → МЧСРК-3 (МЧСРК) [sim 0.878] — AI-вердикт: CORRECT
2025-10-13 12:19:04 [INFO] Аналитик функций ГО: AI подтвердил связь КГОВЧМЧСРК-18-2 (КГОВЧМЧСРК) → МЧСРК-16 (МЧСРК) [sim 0.853] — AI-вердикт: CORRECT
2025-10-13 12:19:04 [INFO] Аналитик функций ГО: AI подтвердил связь КГУМЦРИАПРК-39 (КГУМЦРИАПРК) → МЦРИАПРК-522 (МЦРИАПРК) [sim 1.000] — AI-вердикт: CORRECT
2025-10-13 12:19:04 [INFO] Аналитик функций ГО: AI подтвердил связь КГУМЦРИАПРК-45 (КГУМЦРИАПРК) → МЦРИАПРК-528 (МЦРИАПРК) [sim 1.000] — AI-вердикт: CORRECT
2025-10-13 12:19:04 [INFO] Аналитик функций ГО: AI подтвердил связь КГУМЦРИАПРК-11 (КГУМЦРИАПРК) → МЦРИАПРК-229 (МЦРИАПРК) [sim 0.990] — AI-вердикт: CORRECT
2025-10-13 12:19:04 [INFO] Аналитик функций ГО: AI подтвердил связь КГУМЦРИАПРК-13 (КГУМЦРИАПРК) → МЦРИАПРК-228 (МЦРИАПРК) [sim 0.992] — AI-вердикт: CORRECT
2025-10-13 12:19:04 [INFO] Аналитик функций ГО: AI подтвердил связь КГУМЦРИАПРК-57 (КГУМЦРИАПРК) → МЦРИАПРК-516 (МЦРИАПРК) [sim 1.000] — AI-вердикт: CORRECT
2025-10-13 12:19:04 [INFO] Аналитик функций ГО: AI подтвердил связь КГУМЦРИАПРК-31 (КГУМЦРИАПРК) → МЦРИАПРК-253 (МЦРИАПРК) [sim 0.992] — AI-вердикт: CORRECT
2025-10-13 12:19:04 [INFO] Аналитик функций ГО: AI подтвердил связь КГОВЧМЧСРК-5 (КГОВЧМЧСРК) → МЧСРК-329 (МЧСРК) [sim 0.897] — AI-вердикт: CORRECT
2025-10-13 12:19:04 [INFO] Аналитик функций ГО: AI подтвердил связь КГОЗМПСРК-9 (КГОЗМПСРК) → МПСРК-537 (МПСРК) [sim 0.874] — AI-вердикт: CORRECT
2025-10-13 12:19:04 [INFO] Аналитик функций ГО: AI подтвердил связь КГОВЧМЧСРК-1 (КГОВЧМЧСРК) → МЧСРК-1 (МЧСРК) [sim 0.874] — AI-вердикт: CORRECT
2025-10-13 12:19:04 [INFO] Аналитик функций ГО: AI подтвердил связь КГОВЧМЧСРК-32 (КГОВЧМЧСРК) → МЧСРК-14 (МЧСРК) [sim 0.682] — AI-вердикт: CORRECT
2025-10-13 12:19:04 [INFO] Аналитик функций ГО: AI подтвердил связь КГУМЦРИАПРК-59 (КГУМЦРИАПРК) → МЦРИАПРК-514 (МЦРИАПРК) [sim 0.989] — AI-вердикт: CORRECT
2025-10-13 12:19:04 [INFO] Аналитик функций ГО: AI подтвердил связь КГУМЦРИАПРК-55 (КГУМЦРИАПРК) → МЦРИАПРК-519 (МЦРИАПРК) [sim 0.978] — AI-вердикт: CORRECT
2025-10-13 12:19:04 [INFO] Аналитик функций ГО: AI подтвердил связь КГМПСРК-9 (КГМПСРК) → МПСРК-22 (МПСРК) [sim 0.740] — AI-вердикт: CORRECT
2025-10-13 12:19:04 [INFO] Аналитик функций ГО: AI подтвердил связь КГОЗМПСРК-2 (КГОЗМПСРК) → МПСРК-10 (МПСРК) [sim 0.697] — AI-вердикт: CORRECT
2025-10-13 12:19:04 [INFO] Аналитик функций ГО: AI подтвердил связь КГУМЦРИАПРК-58 (КГУМЦРИАПРК) → МЦРИАПРК-518 (МЦРИАПРК) [sim 1.000] — AI-вердикт: CORRECT
2025-10-13 12:19:04 [INFO] Аналитик функций ГО: AI подтвердил связь КГУМЦРИАПРК-56 (КГУМЦРИАПРК) → МЦРИАПРК-515 (МЦРИАПРК) [sim 0.976] — AI-вердикт: CORRECT
2025-10-13 12:19:04 [INFO] Аналитик функций ГО: AI подтвердил связь КГУМЦРИАПРК-22 (КГУМЦРИАПРК) → МЦРИАПРК-240 (МЦРИАПРК) [sim 0.966] — AI-вердикт: CORRECT
2025-10-13 12:19:04 [INFO] Аналитик функций ГО: AI подтвердил связь КГУМЦРИАПРК-9 (КГУМЦРИАПРК) → МЦРИАПРК-236 (МЦРИАПРК) [sim 0.958] — AI-вердикт: CORRECT
2025-10-13 12:19:04 [INFO] Аналитик функций ГО: AI подтвердил связь КГУМЦРИАПРК-10 (КГУМЦРИАПРК) → МЦРИАПРК-70 (МЦРИАПРК) [sim 0.983] — AI-вердикт: CORRECT
2025-10-13 12:19:04 [INFO] Аналитик функций ГО: AI подтвердил связь КГУМЦРИАПРК-25 (КГУМЦРИАПРК) → МЦРИАПРК-524 (МЦРИАПРК) [sim 0.897] — AI-вердикт: CORRECT
2025-10-13 12:19:04 [INFO] Аналитик функций ГО: AI подтвердил связь КГУМЦРИАПРК-44 (КГУМЦРИАПРК) → МЦРИАПРК-517 (МЦРИАПРК) [sim 0.955] — AI-вердикт: CORRECT
2025-10-13 12:19:04 [INFO] Аналитик функций ГО: AI подтвердил связь КДСЖХМПСРК-105 (КДСЖХМПСРК) → МПСРК-250 (МПСРК) [sim 1.000] — AI-вердикт: CORRECT
2025-10-13 12:19:04 [INFO] Аналитик функций ГО: AI подтвердил связь КДСЖХМПСРК-101 (КДСЖХМПСРК) → МПСРК-443 (МПСРК) [sim 0.988] — AI-вердикт: CORRECT
2025-10-13 12:19:04 [INFO] Аналитик функций ГО: AI подтвердил связь КГУМЦРИАПРК-38 (КГУМЦРИАПРК) → МЦРИАПРК-513 (МЦРИАПРК) [sim 0.776] — AI-вердикт: CORRECT
2025-10-13 12:19:04 [INFO] Аналитик функций ГО: AI подтвердил связь КГУМЦРИАПРК-18 (КГУМЦРИАПРК) → МЦРИАПРК-249 (МЦРИАПРК) [sim 0.927] — AI-вердикт: CORRECT
2025-10-13 12:19:04 [INFO] Аналитик функций ГО: AI подтвердил связь КДСЖХМПСРК-20 (КДСЖХМПСРК) → МПСРК-415 (МПСРК) [sim 1.000] — AI-вердикт: CORRECT
2025-10-13 12:19:04 [INFO] Аналитик функций ГО: AI подтвердил связь КГОЗМПСРК-4 (КГОЗМПСРК) → МПСРК-537 (МПСРК) [sim 0.741] — AI-вердикт: CORRECT
2025-10-13 12:19:04 [INFO] Аналитик функций ГО: AI подтвердил связь КГОВЧМЧСРК-55 (КГОВЧМЧСРК) → МЧСРК-303 (МЧСРК) [sim 0.942] — AI-вердикт: CORRECT
2025-10-13 12:19:04 [INFO] Аналитик функций ГО: AI подтвердил связь КГУМЦРИАПРК-15 (КГУМЦРИАПРК) → МЦРИАПРК-231 (МЦРИАПРК) [sim 0.986] — AI-вердикт: CORRECT
2025-10-13 12:19:04 [INFO] Аналитик функций ГО: AI подтвердил связь КДСЖХМПСРК-102 (КДСЖХМПСРК) → МПСРК-446 (МПСРК) [sim 1.000] — AI-вердикт: CORRECT
2025-10-13 12:19:04 [INFO] Аналитик функций ГО: AI подтвердил связь КГУМЦРИАПРК-12 (КГУМЦРИАПРК) → МЦРИАПРК-227 (МЦРИАПРК) [sim 0.991] — AI-вердикт: CORRECT
2025-10-13 12:19:04 [INFO] Аналитик функций ГО: AI подтвердил связь КГУМЦРИАПРК-48 (КГУМЦРИАПРК) → МЦРИАПРК-530 (МЦРИАПРК) [sim 1.000] — AI-вердикт: CORRECT
2025-10-13 12:19:04 [INFO] Аналитик функций ГО: AI подтвердил связь КДСЖХМПСРК-18 (КДСЖХМПСРК) → МПСРК-413 (МПСРК) [sim 0.983] — AI-вердикт: CORRECT
2025-10-13 12:19:04 [INFO] Аналитик функций ГО: AI подтвердил связь КГУМЦРИАПРК-14 (КГУМЦРИАПРК) → МЦРИАПРК-230 (МЦРИАПРК) [sim 0.987] — AI-вердикт: CORRECT
2025-10-13 12:19:04 [INFO] Аналитик функций ГО: AI подтвердил связь КДСЖХМПСРК-38 (КДСЖХМПСРК) → МПСРК-398 (МПСРК) [sim 0.980] — AI-вердикт: CORRECT
2025-10-13 12:19:04 [INFO] Аналитик функций ГО: AI подтвердил связь КДСЖХМПСРК-65 (КДСЖХМПСРК) → МПСРК-472 (МПСРК) [sim 1.000] — AI-вердикт: CORRECT
2025-10-13 12:19:04 [INFO] Аналитик функций ГО: AI подтвердил связь КГУМЦРИАПРК-37 (КГУМЦРИАПРК) → МЦРИАПРК-520 (МЦРИАПРК) [sim 1.000] — AI-вердикт: CORRECT
2025-10-13 12:19:04 [INFO] Аналитик функций ГО: AI подтвердил связь КГУМЦРИАПРК-16 (КГУМЦРИАПРК) → МЦРИАПРК-232 (МЦРИАПРК) [sim 0.988] — AI-вердикт: CORRECT
2025-10-13 12:19:04 [INFO] Аналитик функций ГО: AI подтвердил связь КДСЖХМПСРК-43 (КДСЖХМПСРК) → МПСРК-442 (МПСРК) [sim 1.000] — AI-вердикт: CORRECT
2025-10-13 12:19:04 [INFO] Аналитик функций ГО: AI подтвердил связь КГУМЦРИАПРК-52 (КГУМЦРИАПРК) → МЦРИАПРК-484 (МЦРИАПРК) [sim 1.000] — AI-вердикт: CORRECT
2025-10-13 12:19:04 [INFO] Аналитик функций ГО: AI подтвердил связь КДСЖХМПСРК-51 (КДСЖХМПСРК) → МПСРК-18 (МПСРК) [sim 0.765] — AI-вердикт: CORRECT
2025-10-13 12:19:04 [INFO] Аналитик функций ГО: AI подтвердил связь КДСЖХМПСРК-50 (КДСЖХМПСРК) → МПСРК-17 (МПСРК) [sim 0.779] — AI-вердикт: CORRECT
2025-10-13 12:19:04 [INFO] Аналитик функций ГО: AI подтвердил связь КДСЖХМПСРК-69 (КДСЖХМПСРК) → МПСРК-405 (МПСРК) [sim 0.975] — AI-вердикт: CORRECT
2025-10-13 12:19:04 [INFO] Аналитик функций ГО: AI подтвердил связь КДСЖХМПСРК-70 (КДСЖХМПСРК) → МПСРК-470 (МПСРК) [sim 0.977] — AI-вердикт: CORRECT
2025-10-13 12:19:04 [INFO] Аналитик функций ГО: AI подтвердил связь КДСЖХМПСРК-77 (КДСЖХМПСРК) → МПСРК-478 (МПСРК) [sim 0.991] — AI-вердикт: CORRECT
2025-10-13 12:19:04 [INFO] Аналитик функций ГО: AI подтвердил связь КДСЖХМПСРК-89 (КДСЖХМПСРК) → МПСРК-430 (МПСРК) [sim 1.000] — AI-вердикт: CORRECT
2025-10-13 12:19:04 [INFO] Аналитик функций ГО: AI подтвердил связь КДСЖХМПСРК-55 (КДСЖХМПСРК) → МПСРК-1 (МПСРК) [sim 0.683] — AI-вердикт: CORRECT
2025-10-13 12:19:04 [INFO] Аналитик функций ГО: AI подтвердил связь КДСЖХМПСРК-71 (КДСЖХМПСРК) → МПСРК-471 (МПСРК) [sim 0.991] — AI-вердикт: CORRECT
2025-10-13 12:19:04 [INFO] Аналитик функций ГО: AI подтвердил связь КДСЖХМПСРК-73 (КДСЖХМПСРК) → МПСРК-474 (МПСРК) [sim 0.947] — AI-вердикт: CORRECT
2025-10-13 12:19:04 [INFO] Аналитик функций ГО: AI подтвердил связь КДСЖХМПСРК-46 (КДСЖХМПСРК) → МПСРК-558 (МПСРК) [sim 0.751] — AI-вердикт: CORRECT
2025-10-13 12:19:04 [INFO] Аналитик функций ГО: AI подтвердил связь КДСЖХМПСРК-68 (КДСЖХМПСРК) → МПСРК-469 (МПСРК) [sim 0.975] — AI-вердикт: CORRECT
2025-10-13 12:19:04 [INFO] Аналитик функций ГО: AI подтвердил связь КДСЖХМПСРК-39 (КДСЖХМПСРК) → МПСРК-399 (МПСРК) [sim 0.967] — AI-вердикт: CORRECT
2025-10-13 12:19:04 [INFO] Аналитик функций ГО: AI подтвердил связь КДСЖХМПСРК-74 (КДСЖХМПСРК) → МПСРК-475 (МПСРК) [sim 0.958] — AI-вердикт: CORRECT
2025-10-13 12:19:04 [INFO] Аналитик функций ГО: AI подтвердил связь КДСЖХМПСРК-79 (КДСЖХМПСРК) → МПСРК-517 (МПСРК) [sim 0.994] — AI-вердикт: CORRECT
2025-10-13 12:19:04 [INFO] Аналитик функций ГО: AI подтвердил связь КДСЖХМПСРК-75 (КДСЖХМПСРК) → МПСРК-476 (МПСРК) [sim 0.991] — AI-вердикт: CORRECT
2025-10-13 12:19:04 [INFO] Аналитик функций ГО: AI подтвердил связь КДСЖХМПСРК-97 (КДСЖХМПСРК) → МПСРК-440 (МПСРК) [sim 0.969] — AI-вердикт: CORRECT
2025-10-13 12:19:04 [INFO] Аналитик функций ГО: AI подтвердил связь КГУМЦРИАПРК-60-1 (КГУМЦРИАПРК) → МЦРИАПРК-555 (МЦРИАПРК) [sim 0.868] — AI-вердикт: CORRECT
2025-10-13 12:19:04 [INFO] Аналитик функций ГО: AI подтвердил связь КДСФКМТСРК-109 (КДСФКМТСРК) → МТСРК-108 (МТСРК) [sim 1.000] — AI-вердикт: CORRECT
2025-10-13 12:19:04 [INFO] Аналитик функций ГО: AI подтвердил связь КДСФКМТСРК-102 (КДСФКМТСРК) → МТСРК-77 (МТСРК) [sim 0.946] — AI-вердикт: CORRECT
2025-10-13 12:19:04 [INFO] Аналитик функций ГО: AI подтвердил связь КДСЖХМПСРК-72 (КДСЖХМПСРК) → МПСРК-419 (МПСРК) [sim 0.981] — AI-вердикт: CORRECT
2025-10-13 12:19:04 [INFO] Аналитик функций ГО: AI подтвердил связь КДСЖХМПСРК-91 (КДСЖХМПСРК) → МПСРК-436 (МПСРК) [sim 0.982] — AI-вердикт: CORRECT
2025-10-13 12:19:04 [INFO] Аналитик функций ГО: AI подтвердил связь КДСФКМТСРК-100 (КДСФКМТСРК) → МТСРК-75 (МТСРК) [sim 0.953] — AI-вердикт: CORRECT
2025-10-13 12:19:04 [INFO] Аналитик функций ГО: AI подтвердил связь КДСФКМТСРК-117 (КДСФКМТСРК) → МТСРК-224 (МТСРК) [sim 0.975] — AI-вердикт: CORRECT
2025-10-13 12:19:04 [INFO] Аналитик функций ГО: AI подтвердил связь КДСЖХМПСРК-90 (КДСЖХМПСРК) → МПСРК-435 (МПСРК) [sim 0.974] — AI-вердикт: CORRECT
2025-10-13 12:19:04 [INFO] Аналитик функций ГО: AI подтвердил связь КДСФКМТСРК-107 (КДСФКМТСРК) → МТСРК-82 (МТСРК) [sim 0.949] — AI-вердикт: CORRECT
2025-10-13 12:19:04 [INFO] Аналитик функций ГО: AI подтвердил связь КДСФКМТСРК-117-1 (КДСФКМТСРК) → МТСРК-224 (МТСРК) [sim 0.975] — AI-вердикт: CORRECT
2025-10-13 12:19:04 [INFO] Аналитик функций ГО: AI подтвердил связь КДСФКМТСРК-106 (КДСФКМТСРК) → МТСРК-81 (МТСРК) [sim 0.971] — AI-вердикт: CORRECT
2025-10-13 12:19:04 [INFO] Аналитик функций ГО: AI подтвердил связь КДСФКМТСРК-105 (КДСФКМТСРК) → МТСРК-80 (МТСРК) [sim 0.978] — AI-вердикт: CORRECT
2025-10-13 12:19:04 [INFO] Аналитик функций ГО: AI подтвердил связь КДСФКМТСРК-108 (КДСФКМТСРК) → МТСРК-83 (МТСРК) [sim 0.970] — AI-вердикт: CORRECT
2025-10-13 12:19:04 [INFO] Аналитик функций ГО: AI подтвердил связь КДСФКМТСРК-113 (КДСФКМТСРК) → МТСРК-110 (МТСРК) [sim 0.973] — AI-вердикт: CORRECT
2025-10-13 12:19:04 [INFO] Аналитик функций ГО: AI подтвердил связь КДСЖХМПСРК-33 (КДСЖХМПСРК) → МПСРК-502 (МПСРК) [sim 0.617] — AI-вердикт: CORRECT
2025-10-13 12:19:04 [INFO] Аналитик функций ГО: AI подтвердил связь КДСЖХМПСРК-95 (КДСЖХМПСРК) → МПСРК-438 (МПСРК) [sim 0.991] — AI-вердикт: CORRECT
2025-10-13 12:19:04 [INFO] Аналитик функций ГО: AI подтвердил связь КДСЖХМПСРК-57 (КДСЖХМПСРК) → МПСРК-420 (МПСРК) [sim 0.783] — AI-вердикт: CORRECT
2025-10-13 12:19:04 [INFO] Аналитик функций ГО: AI подтвердил связь КДСФКМТСРК-10 (КДСФКМТСРК) → МТСРК-6 (МТСРК) [sim 0.798] — AI-вердикт: CORRECT
2025-10-13 12:19:04 [INFO] Аналитик функций ГО: AI подтвердил связь КДСЖХМПСРК-96 (КДСЖХМПСРК) → МПСРК-439 (МПСРК) [sim 0.992] — AI-вердикт: CORRECT
2025-10-13 12:19:04 [INFO] Аналитик функций ГО: AI подтвердил связь КДСЖХМПСРК-100 (КДСЖХМПСРК) → МПСРК-441 (МПСРК) [sim 0.978] — AI-вердикт: CORRECT
2025-10-13 12:19:04 [INFO] Аналитик функций ГО: AI подтвердил связь КДСЖХМПСРК-6 (КДСЖХМПСРК) → МПСРК-8 (МПСРК) [sim 0.719] — AI-вердикт: CORRECT
2025-10-13 12:19:04 [INFO] Аналитик функций ГО: AI подтвердил связь КДСФКМТСРК-103 (КДСФКМТСРК) → МТСРК-78 (МТСРК) [sim 0.974] — AI-вердикт: CORRECT
2025-10-13 12:19:04 [INFO] Аналитик функций ГО: AI подтвердил связь КДСФКМТСРК-14 (КДСФКМТСРК) → МТСРК-34 (МТСРК) [sim 0.993] — AI-вердикт: CORRECT
2025-10-13 12:19:04 [INFO] Аналитик функций ГО: AI подтвердил связь КДСФКМТСРК-112 (КДСФКМТСРК) → МТСРК-64 (МТСРК) [sim 0.994] — AI-вердикт: CORRECT
2025-10-13 12:19:04 [INFO] Аналитик функций ГО: AI подтвердил связь КДСФКМТСРК-101 (КДСФКМТСРК) → МТСРК-76 (МТСРК) [sim 0.947] — AI-вердикт: CORRECT
2025-10-13 12:19:04 [INFO] Аналитик функций ГО: AI подтвердил связь КДСФКМТСРК-51 (КДСФКМТСРК) → МТСРК-90 (МТСРК) [sim 0.967] — AI-вердикт: CORRECT
2025-10-13 12:19:04 [INFO] Аналитик функций ГО: AI подтвердил связь КДСФКМТСРК-50 (КДСФКМТСРК) → МТСРК-37 (МТСРК) [sim 0.933] — AI-вердикт: CORRECT
2025-10-13 12:19:04 [INFO] Аналитик функций ГО: AI подтвердил связь КДСЖХМПСРК-94 (КДСЖХМПСРК) → МПСРК-488 (МПСРК) [sim 0.802] — AI-вердикт: CORRECT
2025-10-13 12:19:04 [INFO] Аналитик функций ГО: AI подтвердил связь КДСФКМТСРК-32 (КДСФКМТСРК) → МТСРК-85 (МТСРК) [sim 0.977] — AI-вердикт: CORRECT
2025-10-13 12:19:04 [INFO] Аналитик функций ГО: AI подтвердил связь КГУМЦРИАПРК-17 (КГУМЦРИАПРК) → МЦРИАПРК-233 (МЦРИАПРК) [sim 0.983] — AI-вердикт: CORRECT
2025-10-13 12:19:04 [INFO] Аналитик функций ГО: AI подтвердил связь КДСФКМТСРК-49 (КДСФКМТСРК) → МТСРК-89 (МТСРК) [sim 0.986] — AI-вердикт: CORRECT
2025-10-13 12:19:04 [INFO] Аналитик функций ГО: AI подтвердил связь КДСФКМТСРК-13 (КДСФКМТСРК) → МТСРК-33 (МТСРК) [sim 0.989] — AI-вердикт: CORRECT
2025-10-13 12:19:04 [INFO] Аналитик функций ГО: AI подтвердил связь КДСФКМТСРК-18 (КДСФКМТСРК) → МТСРК-36 (МТСРК) [sim 0.929] — AI-вердикт: CORRECT
2025-10-13 12:19:04 [INFO] Аналитик функций ГО: AI подтвердил связь КДСЖХМПСРК-92 (КДСЖХМПСРК) → МПСРК-528 (МПСРК) [sim 0.781] — AI-вердикт: CORRECT
2025-10-13 12:19:04 [INFO] Аналитик функций ГО: AI подтвердил связь КДСЖХМПСРК-26 (КДСЖХМПСРК) → МПСРК-497 (МПСРК) [sim 0.701] — AI-вердикт: CORRECT
2025-10-13 12:19:04 [INFO] Аналитик функций ГО: AI подтвердил связь КДСФКМТСРК-52 (КДСФКМТСРК) → МТСРК-91 (МТСРК) [sim 0.983] — AI-вердикт: CORRECT
2025-10-13 12:19:04 [INFO] Аналитик функций ГО: AI подтвердил связь КДСФКМТСРК-19 (КДСФКМТСРК) → МТСРК-87 (МТСРК) [sim 0.877] — AI-вердикт: CORRECT
2025-10-13 12:19:04 [INFO] Аналитик функций ГО: AI подтвердил связь КДСФКМТСРК-21 (КДСФКМТСРК) → МТСРК-88 (МТСРК) [sim 0.852] — AI-вердикт: CORRECT
2025-10-13 12:19:04 [INFO] Аналитик функций ГО: AI подтвердил связь КДСЖХМПСРК-25 (КДСЖХМПСРК) → МПСРК-502 (МПСРК) [sim 0.648] — AI-вердикт: CORRECT
2025-10-13 12:19:04 [INFO] Аналитик функций ГО: AI подтвердил связь КДСФКМТСРК-74 (КДСФКМТСРК) → МТСРК-52 (МТСРК) [sim 0.947] — AI-вердикт: CORRECT
2025-10-13 12:19:04 [INFO] Аналитик функций ГО: AI подтвердил связь КДСФКМТСРК-64 (КДСФКМТСРК) → МТСРК-42 (МТСРК) [sim 0.967] — AI-вердикт: CORRECT
2025-10-13 12:19:04 [INFO] Аналитик функций ГО: AI подтвердил связь КДСФКМТСРК-68 (КДСФКМТСРК) → МТСРК-97 (МТСРК) [sim 0.991] — AI-вердикт: CORRECT
2025-10-13 12:19:04 [INFO] Аналитик функций ГО: AI подтвердил связь КДСФКМТСРК-69 (КДСФКМТСРК) → МТСРК-45 (МТСРК) [sim 0.983] — AI-вердикт: CORRECT
2025-10-13 12:19:04 [INFO] Аналитик функций ГО: AI подтвердил связь КДСФКМТСРК-92 (КДСФКМТСРК) → МТСРК-105 (МТСРК) [sim 0.985] — AI-вердикт: CORRECT
2025-10-13 12:19:04 [INFO] Аналитик функций ГО: AI подтвердил связь КДСФКМТСРК-79 (КДСФКМТСРК) → МТСРК-100 (МТСРК) [sim 0.962] — AI-вердикт: CORRECT
2025-10-13 12:19:04 [INFO] Аналитик функций ГО: AI подтвердил связь КДСФКМТСРК-80 (КДСФКМТСРК) → МТСРК-101 (МТСРК) [sim 0.992] — AI-вердикт: CORRECT
2025-10-13 12:19:04 [INFO] Аналитик функций ГО: AI подтвердил связь КДСФКМТСРК-53 (КДСФКМТСРК) → МТСРК-92 (МТСРК) [sim 0.986] — AI-вердикт: CORRECT
2025-10-13 12:19:04 [INFO] Аналитик функций ГО: AI подтвердил связь КДСЖХМПСРК-76 (КДСЖХМПСРК) → МПСРК-477 (МПСРК) [sim 0.991] — AI-вердикт: CORRECT
2025-10-13 12:19:04 [INFO] Аналитик функций ГО: AI подтвердил связь КДСФКМТСРК-60 (КДСФКМТСРК) → МТСРК-39 (МТСРК) [sim 0.982] — AI-вердикт: CORRECT
2025-10-13 12:19:04 [INFO] Аналитик функций ГО: AI подтвердил связь КДСФКМТСРК-65 (КДСФКМТСРК) → МТСРК-43 (МТСРК) [sim 0.974] — AI-вердикт: CORRECT
2025-10-13 12:19:04 [INFO] Аналитик функций ГО: AI подтвердил связь КДСЖХМПСРК-99 (КДСЖХМПСРК) → МПСРК-494 (МПСРК) [sim 0.824] — AI-вердикт: CORRECT
2025-10-13 12:19:04 [INFO] Аналитик функций ГО: AI подтвердил связь КДСФКМТСРК-91 (КДСФКМТСРК) → МТСРК-67 (МТСРК) [sim 0.958] — AI-вердикт: CORRECT
2025-10-13 12:19:04 [INFO] Аналитик функций ГО: AI подтвердил связь КДСФКМТСРК-75 (КДСФКМТСРК) → МТСРК-98 (МТСРК) [sim 0.939] — AI-вердикт: CORRECT
2025-10-13 12:19:04 [INFO] Аналитик функций ГО: AI подтвердил связь КДСФКМТСРК-72 (КДСФКМТСРК) → МТСРК-2 (МТСРК) [sim 0.681] — AI-вердикт: CORRECT
2025-10-13 12:19:04 [INFO] Аналитик функций ГО: AI подтвердил связь КДСФКМТСРК-87 (КДСФКМТСРК) → МТСРК-60 (МТСРК) [sim 0.967] — AI-вердикт: CORRECT
2025-10-13 12:19:04 [INFO] Аналитик функций ГО: AI подтвердил связь КДСЖХМПСРК-80 (КДСЖХМПСРК) → МПСРК-524 (МПСРК) [sim 0.945] — AI-вердикт: CORRECT
2025-10-13 12:19:04 [INFO] Аналитик функций ГО: AI подтвердил связь КДСФКМТСРК-93 (КДСФКМТСРК) → МТСРК-106 (МТСРК) [sim 0.991] — AI-вердикт: CORRECT
2025-10-13 12:19:04 [INFO] Аналитик функций ГО: AI подтвердил связь КДСФКМТСРК-73 (КДСФКМТСРК) → МТСРК-2 (МТСРК) [sim 0.727] — AI-вердикт: CORRECT
2025-10-13 12:19:04 [INFO] Аналитик функций ГО: AI подтвердил связь КДСФКМТСРК-85 (КДСФКМТСРК) → МТСРК-59 (МТСРК) [sim 0.967] — AI-вердикт: CORRECT
2025-10-13 12:19:04 [INFO] Аналитик функций ГО: AI подтвердил связь КДСФКМТСРК-89 (КДСФКМТСРК) → МТСРК-104 (МТСРК) [sim 0.969] — AI-вердикт: CORRECT
2025-10-13 12:19:04 [INFO] Аналитик функций ГО: AI подтвердил связь КДСФКМТСРК-111 (КДСФКМТСРК) → МТСРК-109 (МТСРК) [sim 0.882] — AI-вердикт: CORRECT
2025-10-13 12:19:04 [INFO] Аналитик функций ГО: AI подтвердил связь КЖВТМТРК-100 (КЖВТМТРК) → МТРК-274 (МТРК) [sim 0.969] — AI-вердикт: CORRECT
2025-10-13 12:19:04 [INFO] Аналитик функций ГО: AI подтвердил связь КДСФКМТСРК-9 (КДСФКМТСРК) → МТСРК-15 (МТСРК) [sim 0.933] — AI-вердикт: CORRECT
2025-10-13 12:19:04 [INFO] Аналитик функций ГО: AI подтвердил связь КДСФКМТСРК-33 (КДСФКМТСРК) → МТСРК-88 (МТСРК) [sim 0.924] — AI-вердикт: CORRECT
2025-10-13 12:19:04 [INFO] Аналитик функций ГО: AI подтвердил связь КЖВТМТРК-112 (КЖВТМТРК) → МТРК-255 (МТРК) [sim 0.989] — AI-вердикт: CORRECT
2025-10-13 12:19:04 [INFO] Аналитик функций ГО: AI подтвердил связь КДСФКМТСРК-90 (КДСФКМТСРК) → МТСРК-63 (МТСРК) [sim 0.985] — AI-вердикт: CORRECT
2025-10-13 12:19:04 [INFO] Аналитик функций ГО: AI подтвердил связь КДСФКМТСРК-115 (КДСФКМТСРК) → МТСРК-112 (МТСРК) [sim 0.781] — AI-вердикт: CORRECT
2025-10-13 12:19:04 [INFO] Аналитик функций ГО: AI подтвердил связь КДСФКМТСРК-84 (КДСФКМТСРК) → МТСРК-58 (МТСРК) [sim 0.990] — AI-вердикт: CORRECT
2025-10-13 12:19:04 [INFO] Аналитик функций ГО: AI подтвердил связь КДСФКМТСРК-58 (КДСФКМТСРК) → МТСРК-38 (МТСРК) [sim 0.744] — AI-вердикт: CORRECT
2025-10-13 12:19:04 [INFO] Аналитик функций ГО: AI подтвердил связь КЖВТМТРК-119 (КЖВТМТРК) → МТРК-491 (МТРК) [sim 1.000] — AI-вердикт: CORRECT
2025-10-13 12:19:04 [INFO] Аналитик функций ГО: AI подтвердил связь КЖВТМТРК-11 (КЖВТМТРК) → МТРК-226 (МТРК) [sim 0.978] — AI-вердикт: CORRECT
2025-10-13 12:19:04 [INFO] Аналитик функций ГО: AI подтвердил связь КДСФКМТСРК-62 (КДСФКМТСРК) → МТСРК-41 (МТСРК) [sim 0.960] — AI-вердикт: CORRECT
2025-10-13 12:19:04 [INFO] Аналитик функций ГО: AI подтвердил связь КДСФКМТСРК-98 (КДСФКМТСРК) → МТСРК-73 (МТСРК) [sim 0.972] — AI-вердикт: CORRECT
2025-10-13 12:19:04 [INFO] Аналитик функций ГО: AI подтвердил связь КЖВТМТРК-109 (КЖВТМТРК) → МТРК-232 (МТРК) [sim 0.985] — AI-вердикт: CORRECT
2025-10-13 12:19:04 [INFO] Аналитик функций ГО: AI подтвердил связь КЖВТМТРК-135 (КЖВТМТРК) → МТРК-310 (МТРК) [sim 0.973] — AI-вердикт: CORRECT
2025-10-13 12:19:04 [INFO] Аналитик функций ГО: AI подтвердил связь КЖВТМТРК-128 (КЖВТМТРК) → МТРК-10 (МТРК) [sim 1.000] — AI-вердикт: CORRECT
2025-10-13 12:19:04 [INFO] Аналитик функций ГО: AI подтвердил связь КЖВТМТРК-131 (КЖВТМТРК) → МТРК-300 (МТРК) [sim 0.965] — AI-вердикт: CORRECT
2025-10-13 12:19:04 [INFO] Аналитик функций ГО: AI подтвердил связь КЖВТМТРК-129 (КЖВТМТРК) → МТРК-11 (МТРК) [sim 1.000] — AI-вердикт: CORRECT
2025-10-13 12:19:04 [INFO] Аналитик функций ГО: AI подтвердил связь КЖВТМТРК-137 (КЖВТМТРК) → МТРК-313 (МТРК) [sim 0.981] — AI-вердикт: CORRECT
2025-10-13 12:19:04 [INFO] Аналитик функций ГО: AI подтвердил связь КЖВТМТРК-113 (КЖВТМТРК) → МТРК-256 (МТРК) [sim 0.987] — AI-вердикт: CORRECT
2025-10-13 12:19:04 [INFO] Аналитик функций ГО: AI подтвердил связь КЖВТМТРК-114 (КЖВТМТРК) → МТРК-257 (МТРК) [sim 0.984] — AI-вердикт: CORRECT
2025-10-13 12:19:04 [INFO] Аналитик функций ГО: AI подтвердил связь КЖВТМТРК-118 (КЖВТМТРК) → МТРК-489 (МТРК) [sim 0.923] — AI-вердикт: CORRECT
2025-10-13 12:19:04 [INFO] Аналитик функций ГО: AI подтвердил связь КЖВТМТРК-108 (КЖВТМТРК) → МТРК-146 (МТРК) [sim 0.986] — AI-вердикт: CORRECT
2025-10-13 12:19:04 [INFO] Аналитик функций ГО: AI подтвердил связь КЖВТМТРК-13 (КЖВТМТРК) → МТРК-228 (МТРК) [sim 0.958] — AI-вердикт: CORRECT
2025-10-13 12:19:04 [INFO] Аналитик функций ГО: AI подтвердил связь КЖВТМТРК-110 (КЖВТМТРК) → МТРК-253 (МТРК) [sim 0.993] — AI-вердикт: CORRECT
2025-10-13 12:19:04 [INFO] Аналитик функций ГО: AI подтвердил связь КЖВТМТРК-127 (КЖВТМТРК) → МТРК-162 (МТРК) [sim 0.984] — AI-вердикт: CORRECT
2025-10-13 12:19:04 [INFO] Аналитик функций ГО: AI подтвердил связь КДСФКМТСРК-95 (КДСФКМТСРК) → МТСРК-70 (МТСРК) [sim 0.946] — AI-вердикт: CORRECT
2025-10-13 12:19:04 [INFO] Аналитик функций ГО: AI подтвердил связь КЖВТМТРК-136 (КЖВТМТРК) → МТРК-312 (МТРК) [sim 0.979] — AI-вердикт: CORRECT
2025-10-13 12:19:04 [INFO] Аналитик функций ГО: AI подтвердил связь КЖВТМТРК-139 (КЖВТМТРК) → МТРК-315 (МТРК) [sim 0.976] — AI-вердикт: CORRECT
2025-10-13 12:19:04 [INFO] Аналитик функций ГО: AI подтвердил связь КЖВТМТРК-140 (КЖВТМТРК) → МТРК-319 (МТРК) [sim 0.978] — AI-вердикт: CORRECT
2025-10-13 12:19:04 [INFO] Аналитик функций ГО: AI подтвердил связь КЖВТМТРК-105 (КЖВТМТРК) → МТРК-37 (МТРК) [sim 0.973] — AI-вердикт: CORRECT
2025-10-13 12:19:04 [INFO] Аналитик функций ГО: AI подтвердил связь КЖВТМТРК-133 (КЖВТМТРК) → МТРК-304 (МТРК) [sim 0.981] — AI-вердикт: CORRECT
2025-10-13 12:19:04 [INFO] Аналитик функций ГО: AI подтвердил связь КЖВТМТРК-101 (КЖВТМТРК) → МТРК-264 (МТРК) [sim 0.883] — AI-вердикт: CORRECT
2025-10-13 12:19:04 [INFO] Аналитик функций ГО: AI подтвердил связь КЖВТМТРК-138 (КЖВТМТРК) → МТРК-314 (МТРК) [sim 0.973] — AI-вердикт: CORRECT
2025-10-13 12:19:04 [INFO] Аналитик функций ГО: AI подтвердил связь КЖВТМТРК-115 (КЖВТМТРК) → МТРК-324 (МТРК) [sim 0.979] — AI-вердикт: CORRECT
2025-10-13 12:19:04 [INFO] Аналитик функций ГО: AI подтвердил связь КЖВТМТРК-106 (КЖВТМТРК) → МТРК-137 (МТРК) [sim 0.977] — AI-вердикт: CORRECT
2025-10-13 12:19:04 [INFO] Аналитик функций ГО: AI подтвердил связь КЖВТМТРК-10 (КЖВТМТРК) → МТРК-225 (МТРК) [sim 0.975] — AI-вердикт: CORRECT
2025-10-13 12:19:04 [INFO] Аналитик функций ГО: AI подтвердил связь КЖВТМТРК-146 (КЖВТМТРК) → МТРК-295 (МТРК) [sim 0.952] — AI-вердикт: CORRECT
2025-10-13 12:19:04 [INFO] Аналитик функций ГО: AI подтвердил связь КДСФКМТСРК-114 (КДСФКМТСРК) → МТСРК-111 (МТСРК) [sim 0.951] — AI-вердикт: CORRECT
2025-10-13 12:19:04 [INFO] Аналитик функций ГО: AI подтвердил связь КЖВТМТРК-134 (КЖВТМТРК) → МТРК-309 (МТРК) [sim 0.986] — AI-вердикт: CORRECT
2025-10-13 12:19:04 [INFO] Аналитик функций ГО: AI подтвердил связь КЖВТМТРК-145 (КЖВТМТРК) → МТРК-294 (МТРК) [sim 0.984] — AI-вердикт: CORRECT
2025-10-13 12:19:04 [INFO] Аналитик функций ГО: AI подтвердил связь КЖВТМТРК-12 (КЖВТМТРК) → МТРК-227 (МТРК) [sim 0.944] — AI-вердикт: CORRECT
2025-10-13 12:19:04 [INFO] Аналитик функций ГО: AI подтвердил связь КЖВТМТРК-141 (КЖВТМТРК) → МТРК-320 (МТРК) [sim 0.977] — AI-вердикт: CORRECT
2025-10-13 12:19:04 [INFO] Аналитик функций ГО: AI подтвердил связь КЖВТМТРК-103 (КЖВТМТРК) → МТРК-83 (МТРК) [sim 0.969] — AI-вердикт: CORRECT
2025-10-13 12:19:04 [INFO] Аналитик функций ГО: AI подтвердил связь КЖВТМТРК-15 (КЖВТМТРК) → МТРК-231 (МТРК) [sim 0.989] — AI-вердикт: CORRECT
2025-10-13 12:19:04 [INFO] Аналитик функций ГО: AI подтвердил связь КЖВТМТРК-157 (КЖВТМТРК) → МТРК-147 (МТРК) [sim 1.000] — AI-вердикт: CORRECT
2025-10-13 12:19:04 [INFO] Аналитик функций ГО: AI подтвердил связь КДСФКМТСРК-77 (КДСФКМТСРК) → МТСРК-99 (МТСРК) [sim 0.860] — AI-вердикт: CORRECT
2025-10-13 12:19:04 [INFO] Аналитик функций ГО: AI подтвердил связь КЖВТМТРК-144 (КЖВТМТРК) → МТРК-293 (МТРК) [sim 0.962] — AI-вердикт: CORRECT
2025-10-13 12:19:04 [INFO] Аналитик функций ГО: AI подтвердил связь КЖВТМТРК-132 (КЖВТМТРК) → МТРК-303 (МТРК) [sim 0.984] — AI-вердикт: CORRECT
2025-10-13 12:19:04 [INFO] Аналитик функций ГО: AI подтвердил связь КЖВТМТРК-156 (КЖВТМТРК) → МТРК-269 (МТРК) [sim 0.863] — AI-вердикт: CORRECT
2025-10-13 12:19:04 [INFO] Аналитик функций ГО: AI подтвердил связь КЖВТМТРК-14 (КЖВТМТРК) → МТРК-229 (МТРК) [sim 0.949] — AI-вердикт: CORRECT
2025-10-13 12:19:04 [INFO] Аналитик функций ГО: AI подтвердил связь КЖВТМТРК-126 (КЖВТМТРК) → МТРК-153 (МТРК) [sim 0.972] — AI-вердикт: CORRECT
2025-10-13 12:19:04 [INFO] Аналитик функций ГО: AI подтвердил связь КЖВТМТРК-20 (КЖВТМТРК) → МТРК-249 (МТРК) [sim 0.945] — AI-вердикт: CORRECT
2025-10-13 12:19:04 [INFO] Аналитик функций ГО: AI подтвердил связь КЖВТМТРК-23 (КЖВТМТРК) → МТРК-252 (МТРК) [sim 0.955] — AI-вердикт: CORRECT
2025-10-13 12:19:04 [INFO] Аналитик функций ГО: AI подтвердил связь КЖВТМТРК-17 (КЖВТМТРК) → МТРК-243 (МТРК) [sim 0.971] — AI-вердикт: CORRECT
2025-10-13 12:19:04 [INFO] Аналитик функций ГО: AI подтвердил связь КЖВТМТРК-26 (КЖВТМТРК) → МТРК-88 (МТРК) [sim 0.952] — AI-вердикт: CORRECT
2025-10-13 12:19:04 [INFO] Аналитик функций ГО: AI подтвердил связь КЖВТМТРК-36 (КЖВТМТРК) → МТРК-96 (МТРК) [sim 0.961] — AI-вердикт: CORRECT
2025-10-13 12:19:04 [INFO] Аналитик функций ГО: AI подтвердил связь КЖВТМТРК-27 (КЖВТМТРК) → МТРК-89 (МТРК) [sim 0.978] — AI-вердикт: CORRECT
2025-10-13 12:19:04 [INFO] Аналитик функций ГО: AI подтвердил связь КЖВТМТРК-18 (КЖВТМТРК) → МТРК-250 (МТРК) [sim 0.980] — AI-вердикт: CORRECT
2025-10-13 12:19:04 [INFO] Аналитик функций ГО: AI подтвердил связь КЖВТМТРК-29 (КЖВТМТРК) → МТРК-72 (МТРК) [sim 0.975] — AI-вердикт: CORRECT
2025-10-13 12:19:04 [INFO] Аналитик функций ГО: AI подтвердил связь КДСФКМТСРК-99 (КДСФКМТСРК) → МТСРК-74 (МТСРК) [sim 0.842] — AI-вердикт: CORRECT
2025-10-13 12:19:04 [INFO] Аналитик функций ГО: AI подтвердил связь КЖВТМТРК-31 (КЖВТМТРК) → МТРК-92 (МТРК) [sim 0.989] — AI-вердикт: CORRECT
2025-10-13 12:19:04 [INFO] Аналитик функций ГО: AI подтвердил связь КЖВТМТРК-102 (КЖВТМТРК) → МТРК-272 (МТРК) [sim 0.955] — AI-вердикт: CORRECT
2025-10-13 12:19:04 [INFO] Аналитик функций ГО: AI подтвердил связь КЖВТМТРК-28 (КЖВТМТРК) → МТРК-90 (МТРК) [sim 0.975] — AI-вердикт: CORRECT
2025-10-13 12:19:04 [INFO] Аналитик функций ГО: AI подтвердил связь КДСФКМТСРК-83 (КДСФКМТСРК) → МТСРК-102 (МТСРК) [sim 0.961] — AI-вердикт: CORRECT
2025-10-13 12:19:04 [INFO] Аналитик функций ГО: AI подтвердил связь КЖВТМТРК-35 (КЖВТМТРК) → МТРК-95 (МТРК) [sim 0.967] — AI-вердикт: CORRECT
2025-10-13 12:19:04 [INFO] Аналитик функций ГО: AI подтвердил связь КЖВТМТРК-147 (КЖВТМТРК) → МТРК-297 (МТРК) [sim 0.978] — AI-вердикт: CORRECT
2025-10-13 12:19:04 [INFO] Аналитик функций ГО: AI подтвердил связь КЖВТМТРК-19 (КЖВТМТРК) → МТРК-247 (МТРК) [sim 0.985] — AI-вердикт: CORRECT
2025-10-13 12:19:04 [INFO] Аналитик функций ГО: AI подтвердил связь КЖВТМТРК-44 (КЖВТМТРК) → МТРК-268 (МТРК) [sim 0.972] — AI-вердикт: CORRECT
2025-10-13 12:19:04 [INFO] Аналитик функций ГО: AI подтвердил связь КЖВТМТРК-57 (КЖВТМТРК) → МТРК-168 (МТРК) [sim 0.974] — AI-вердикт: CORRECT
2025-10-13 12:19:04 [INFO] Аналитик функций ГО: AI подтвердил связь КЖВТМТРК-39 (КЖВТМТРК) → МТРК-262 (МТРК) [sim 0.860] — AI-вердикт: CORRECT
2025-10-13 12:19:04 [INFO] Аналитик функций ГО: AI подтвердил связь КЖВТМТРК-51 (КЖВТМТРК) → МТРК-155 (МТРК) [sim 0.955] — AI-вердикт: CORRECT
2025-10-13 12:19:04 [INFO] Аналитик функций ГО: AI подтвердил связь КЖВТМТРК-142 (КЖВТМТРК) → МТРК-321 (МТРК) [sim 0.973] — AI-вердикт: CORRECT
2025-10-13 12:19:04 [INFO] Аналитик функций ГО: AI подтвердил связь КЖВТМТРК-21 (КЖВТМТРК) → МТРК-239 (МТРК) [sim 0.934] — AI-вердикт: CORRECT
2025-10-13 12:19:04 [INFO] Аналитик функций ГО: AI подтвердил связь КЖВТМТРК-45 (КЖВТМТРК) → МТРК-265 (МТРК) [sim 0.964] — AI-вердикт: CORRECT
2025-10-13 12:19:04 [INFO] Аналитик функций ГО: AI подтвердил связь КЖВТМТРК-22 (КЖВТМТРК) → МТРК-251 (МТРК) [sim 0.988] — AI-вердикт: CORRECT
2025-10-13 12:19:04 [INFO] Аналитик функций ГО: AI подтвердил связь КЖВТМТРК-41 (КЖВТМТРК) → МТРК-80 (МТРК) [sim 0.991] — AI-вердикт: CORRECT
2025-10-13 12:19:04 [INFO] Аналитик функций ГО: AI подтвердил связь КЖВТМТРК-43 (КЖВТМТРК) → МТРК-266 (МТРК) [sim 0.965] — AI-вердикт: CORRECT
2025-10-13 12:19:04 [INFO] Аналитик функций ГО: AI подтвердил связь КЖВТМТРК-76 (КЖВТМТРК) → МТРК-174 (МТРК) [sim 0.973] — AI-вердикт: CORRECT
2025-10-13 12:19:04 [INFO] Аналитик функций ГО: AI подтвердил связь КЖВТМТРК-111 (КЖВТМТРК) → МТРК-254 (МТРК) [sim 0.994] — AI-вердикт: CORRECT
2025-10-13 12:19:04 [INFO] Аналитик функций ГО: AI подтвердил связь КЖВТМТРК-42 (КЖВТМТРК) → МТРК-270 (МТРК) [sim 0.967] — AI-вердикт: CORRECT
2025-10-13 12:19:04 [INFO] Аналитик функций ГО: AI подтвердил связь КЖВТМТРК-32 (КЖВТМТРК) → МТРК-93 (МТРК) [sim 0.987] — AI-вердикт: CORRECT
2025-10-13 12:19:04 [INFO] Аналитик функций ГО: AI подтвердил связь КЖВТМТРК-24 (КЖВТМТРК) → МТРК-86 (МТРК) [sim 0.872] — AI-вердикт: CORRECT
2025-10-13 12:19:04 [INFO] Аналитик функций ГО: AI подтвердил связь КЖВТМТРК-47 (КЖВТМТРК) → МТРК-143 (МТРК) [sim 0.966] — AI-вердикт: CORRECT
2025-10-13 12:19:04 [INFO] Аналитик функций ГО: AI подтвердил связь КЖВТМТРК-37 (КЖВТМТРК) → МТРК-97 (МТРК) [sim 0.976] — AI-вердикт: CORRECT
2025-10-13 12:19:04 [INFO] Аналитик функций ГО: AI подтвердил связь КЖВТМТРК-53 (КЖВТМТРК) → МТРК-161 (МТРК) [sim 0.983] — AI-вердикт: CORRECT
2025-10-13 12:19:04 [INFO] Аналитик функций ГО: AI подтвердил связь КЖВТМТРК-68 (КЖВТМТРК) → МТРК-283 (МТРК) [sim 0.970] — AI-вердикт: CORRECT
2025-10-13 12:19:04 [INFO] Аналитик функций ГО: AI подтвердил связь КДСФКМТСРК-66 (КДСФКМТСРК) → МТСРК-96 (МТСРК) [sim 0.962] — AI-вердикт: CORRECT
2025-10-13 12:19:04 [INFO] Аналитик функций ГО: AI подтвердил связь КЖВТМТРК-59 (КЖВТМТРК) → МТРК-170 (МТРК) [sim 0.859] — AI-вердикт: CORRECT
2025-10-13 12:19:04 [INFO] Аналитик функций ГО: AI подтвердил связь КЖВТМТРК-50 (КЖВТМТРК) → МТРК-151 (МТРК) [sim 0.985] — AI-вердикт: CORRECT
2025-10-13 12:19:04 [INFO] Аналитик функций ГО: AI подтвердил связь КЖВТМТРК-61 (КЖВТМТРК) → МТРК-148 (МТРК) [sim 0.993] — AI-вердикт: CORRECT
2025-10-13 12:19:04 [INFO] Аналитик функций ГО: AI подтвердил связь КЖВТМТРК-83 (КЖВТМТРК) → МТРК-142 (МТРК) [sim 0.975] — AI-вердикт: CORRECT
2025-10-13 12:19:04 [INFO] Аналитик функций ГО: AI подтвердил связь КЖВТМТРК-48 (КЖВТМТРК) → МТРК-140 (МТРК) [sim 0.819] — AI-вердикт: CORRECT
2025-10-13 12:19:04 [INFO] Аналитик функций ГО: AI подтвердил связь КЖВТМТРК-52 (КЖВТМТРК) → МТРК-156 (МТРК) [sim 0.977] — AI-вердикт: CORRECT
2025-10-13 12:19:04 [INFO] Аналитик функций ГО: AI подтвердил связь КЖВТМТРК-2 (КЖВТМТРК) → МТРК-17 (МТРК) [sim 0.890] — AI-вердикт: CORRECT
2025-10-13 12:19:04 [INFO] Аналитик функций ГО: AI подтвердил связь КЖВТМТРК-66 (КЖВТМТРК) → МТРК-282 (МТРК) [sim 0.958] — AI-вердикт: CORRECT
2025-10-13 12:19:04 [INFO] Аналитик функций ГО: AI подтвердил связь КЖВТМТРК-62 (КЖВТМТРК) → МТРК-149 (МТРК) [sim 0.987] — AI-вердикт: CORRECT
2025-10-13 12:19:04 [INFO] Аналитик функций ГО: AI подтвердил связь КЖВТМТРК-56 (КЖВТМТРК) → МТРК-167 (МТРК) [sim 0.964] — AI-вердикт: CORRECT
2025-10-13 12:19:04 [INFO] Аналитик функций ГО: AI подтвердил связь КЖВТМТРК-65 (КЖВТМТРК) → МТРК-277 (МТРК) [sim 0.975] — AI-вердикт: CORRECT
2025-10-13 12:19:04 [INFO] Аналитик функций ГО: AI подтвердил связь КЖВТМТРК-40 (КЖВТМТРК) → МТРК-76 (МТРК) [sim 0.988] — AI-вердикт: CORRECT
2025-10-13 12:19:04 [INFO] Аналитик функций ГО: AI подтвердил связь КЖВТМТРК-34 (КЖВТМТРК) → МТРК-74 (МТРК) [sim 0.984] — AI-вердикт: CORRECT
2025-10-13 12:19:04 [INFO] Аналитик функций ГО: AI подтвердил связь КЖВТМТРК-49 (КЖВТМТРК) → МТРК-145 (МТРК) [sim 0.973] — AI-вердикт: CORRECT
2025-10-13 12:19:04 [INFO] Аналитик функций ГО: AI подтвердил связь КЖВТМТРК-64 (КЖВТМТРК) → МТРК-276 (МТРК) [sim 0.964] — AI-вердикт: CORRECT
2025-10-13 12:19:04 [INFO] Аналитик функций ГО: AI подтвердил связь КЖВТМТРК-87 (КЖВТМТРК) → МТРК-235 (МТРК) [sim 0.985] — AI-вердикт: CORRECT
2025-10-13 12:19:04 [INFO] Аналитик функций ГО: AI подтвердил связь КЖВТМТРК-69 (КЖВТМТРК) → МТРК-285 (МТРК) [sim 0.981] — AI-вердикт: CORRECT
2025-10-13 12:19:04 [INFO] Аналитик функций ГО: AI подтвердил связь КЖВТМТРК-63 (КЖВТМТРК) → МТРК-150 (МТРК) [sim 0.988] — AI-вердикт: CORRECT
2025-10-13 12:19:04 [INFO] Аналитик функций ГО: AI подтвердил связь КЖВТМТРК-9 (КЖВТМТРК) → МТРК-224 (МТРК) [sim 0.959] — AI-вердикт: CORRECT
2025-10-13 12:19:04 [INFO] Аналитик функций ГО: AI подтвердил связь КЖВТМТРК-71 (КЖВТМТРК) → МТРК-287 (МТРК) [sim 0.969] — AI-вердикт: CORRECT
2025-10-13 12:19:04 [INFO] Аналитик функций ГО: AI подтвердил связь КЖВТМТРК-38 (КЖВТМТРК) → МТРК-101 (МТРК) [sim 0.926] — AI-вердикт: CORRECT
2025-10-13 12:19:04 [INFO] Аналитик функций ГО: AI подтвердил связь КЖВТМТРК-91 (КЖВТМТРК) → МТРК-191 (МТРК) [sim 0.978] — AI-вердикт: CORRECT
2025-10-13 12:19:04 [INFO] Аналитик функций ГО: AI подтвердил связь КЖВТМТРК-25 (КЖВТМТРК) → МТРК-103 (МТРК) [sim 0.924] — AI-вердикт: CORRECT
2025-10-13 12:19:04 [INFO] Аналитик функций ГО: AI подтвердил связь КЖВТМТРК-70 (КЖВТМТРК) → МТРК-286 (МТРК) [sim 0.969] — AI-вердикт: CORRECT
2025-10-13 12:19:04 [INFO] Аналитик функций ГО: AI подтвердил связь КЖВТМТРК-60 (КЖВТМТРК) → МТРК-172 (МТРК) [sim 0.984] — AI-вердикт: CORRECT
2025-10-13 12:19:04 [INFO] Аналитик функций ГО: AI подтвердил связь КЖВТМТРК-82 (КЖВТМТРК) → МТРК-185 (МТРК) [sim 0.976] — AI-вердикт: CORRECT
2025-10-13 12:19:04 [INFO] Аналитик функций ГО: AI подтвердил связь КЖВТМТРК-88 (КЖВТМТРК) → МТРК-284 (МТРК) [sim 0.984] — AI-вердикт: CORRECT
2025-10-13 12:19:04 [INFO] Аналитик функций ГО: AI подтвердил связь КЖВТМТРК-97 (КЖВТМТРК) → МТРК-75 (МТРК) [sim 1.000] — AI-вердикт: CORRECT
2025-10-13 12:19:04 [INFO] Аналитик функций ГО: AI подтвердил связь КЖВТМТРК-7 (КЖВТМТРК) → МТРК-230 (МТРК) [sim 0.979] — AI-вердикт: CORRECT
2025-10-13 12:19:04 [INFO] Аналитик функций ГО: AI подтвердил связь КЖВТМТРК-77 (КЖВТМТРК) → МТРК-176 (МТРК) [sim 0.899] — AI-вердикт: CORRECT
2025-10-13 12:19:04 [INFO] Аналитик функций ГО: AI подтвердил связь КЗППМТИРК-2 (КЗППМТИРК) → МТИРК-272 (МТИРК) [sim 1.000] — AI-вердикт: CORRECT
2025-10-13 12:19:04 [INFO] Аналитик функций ГО: AI подтвердил связь КЖВТМТРК-73 (КЖВТМТРК) → МТРК-289 (МТРК) [sim 0.981] — AI-вердикт: CORRECT
2025-10-13 12:19:04 [INFO] Аналитик функций ГО: AI подтвердил связь КЗППМТИРК-13 (КЗППМТИРК) → МТИРК-279 (МТИРК) [sim 1.000] — AI-вердикт: CORRECT
2025-10-13 12:19:04 [INFO] Аналитик функций ГО: AI подтвердил связь КЖВТМТРК-86 (КЖВТМТРК) → МТРК-188 (МТРК) [sim 0.983] — AI-вердикт: CORRECT
2025-10-13 12:19:04 [INFO] Аналитик функций ГО: AI подтвердил связь КЗППМТИРК-14 (КЗППМТИРК) → МТИРК-280 (МТИРК) [sim 1.000] — AI-вердикт: CORRECT
2025-10-13 12:19:04 [INFO] Аналитик функций ГО: AI подтвердил связь КЖВТМТРК-55 (КЖВТМТРК) → МТРК-163 (МТРК) [sim 0.973] — AI-вердикт: CORRECT
2025-10-13 12:19:04 [INFO] Аналитик функций ГО: AI подтвердил связь КЖВТМТРК-90 (КЖВТМТРК) → МТРК-179 (МТРК) [sim 0.960] — AI-вердикт: CORRECT
2025-10-13 12:19:04 [INFO] Аналитик функций ГО: AI подтвердил связь КЖВТМТРК-75 (КЖВТМТРК) → МТРК-292 (МТРК) [sim 0.984] — AI-вердикт: CORRECT
2025-10-13 12:19:04 [INFO] Аналитик функций ГО: AI подтвердил связь КЗППМТИРК-16 (КЗППМТИРК) → МТИРК-276 (МТИРК) [sim 1.000] — AI-вердикт: CORRECT
2025-10-13 12:19:04 [INFO] Аналитик функций ГО: AI подтвердил связь КЖВТМТРК-79 (КЖВТМТРК) → МТРК-181 (МТРК) [sim 0.989] — AI-вердикт: CORRECT
2025-10-13 12:19:04 [INFO] Аналитик функций ГО: AI подтвердил связь КЖВТМТРК-58 (КЖВТМТРК) → МТРК-169 (МТРК) [sim 0.986] — AI-вердикт: CORRECT
2025-10-13 12:19:04 [INFO] Аналитик функций ГО: AI подтвердил связь КЖВТМТРК-8 (КЖВТМТРК) → МТРК-223 (МТРК) [sim 0.993] — AI-вердикт: CORRECT
2025-10-13 12:19:04 [INFO] Аналитик функций ГО: AI подтвердил связь КЖВТМТРК-89 (КЖВТМТРК) → МТРК-141 (МТРК) [sim 0.955] — AI-вердикт: CORRECT
2025-10-13 12:19:04 [INFO] Аналитик функций ГО: AI подтвердил связь КЖВТМТРК-74 (КЖВТМТРК) → МТРК-290 (МТРК) [sim 0.969] — AI-вердикт: CORRECT
2025-10-13 12:19:04 [INFO] Аналитик функций ГО: AI подтвердил связь КЖВТМТРК-33 (КЖВТМТРК) → МТРК-94 (МТРК) [sim 0.986] — AI-вердикт: CORRECT
2025-10-13 12:19:04 [INFO] Аналитик функций ГО: AI подтвердил связь КЗППМТИРК-3 (КЗППМТИРК) → МТИРК-273 (МТИРК) [sim 1.000] — AI-вердикт: CORRECT
2025-10-13 12:19:04 [INFO] Аналитик функций ГО: AI подтвердил связь КЗППМТИРК-5 (КЗППМТИРК) → МТИРК-285 (МТИРК) [sim 1.000] — AI-вердикт: CORRECT
2025-10-13 12:19:04 [INFO] Аналитик функций ГО: AI подтвердил связь КЖВТМТРК-81 (КЖВТМТРК) → МТРК-183 (МТРК) [sim 0.979] — AI-вердикт: CORRECT
2025-10-13 12:19:04 [INFO] Аналитик функций ГО: AI подтвердил связь КЗППМТИРК-7 (КЗППМТИРК) → МТИРК-277 (МТИРК) [sim 1.000] — AI-вердикт: CORRECT
2025-10-13 12:19:04 [INFO] Аналитик функций ГО: AI подтвердил связь КЗППМТИРК-4 (КЗППМТИРК) → МТИРК-139 (МТИРК) [sim 0.971] — AI-вердикт: CORRECT
2025-10-13 12:19:04 [INFO] Аналитик функций ГО: AI подтвердил связь КЖВТМТРК-85 (КЖВТМТРК) → МТРК-187 (МТРК) [sim 0.977] — AI-вердикт: CORRECT
2025-10-13 12:19:04 [INFO] Аналитик функций ГО: AI подтвердил связь КИБМЦРИАПРК-19 (КИБМЦРИАПРК) → МЦРИАПРК-449 (МЦРИАПРК) [sim 1.000] — AI-вердикт: CORRECT
2025-10-13 12:19:04 [INFO] Аналитик функций ГО: AI подтвердил связь КЖВТМТРК-94 (КЖВТМТРК) → МТРК-234 (МТРК) [sim 0.978] — AI-вердикт: CORRECT
2025-10-13 12:19:04 [INFO] Аналитик функций ГО: AI подтвердил связь КЖВТМТРК-72 (КЖВТМТРК) → МТРК-279 (МТРК) [sim 0.944] — AI-вердикт: CORRECT
2025-10-13 12:19:04 [INFO] Аналитик функций ГО: AI подтвердил связь КЗППМТИРК-15 (КЗППМТИРК) → МТИРК-140 (МТИРК) [sim 0.987] — AI-вердикт: CORRECT
2025-10-13 12:19:04 [INFO] Аналитик функций ГО: AI подтвердил связь КЖВТМТРК-161 (КЖВТМТРК) → МТРК-273 (МТРК) [sim 0.716] — AI-вердикт: CORRECT
2025-10-13 12:19:04 [INFO] Аналитик функций ГО: AI подтвердил связь КЗППМТИРК-12 (КЗППМТИРК) → МТИРК-141 (МТИРК) [sim 0.987] — AI-вердикт: CORRECT
2025-10-13 12:19:04 [INFO] Аналитик функций ГО: AI подтвердил связь КЗППМТИРК-8 (КЗППМТИРК) → МТИРК-282 (МТИРК) [sim 1.000] — AI-вердикт: CORRECT
2025-10-13 12:19:04 [INFO] Аналитик функций ГО: AI подтвердил связь КЖВТМТРК-78 (КЖВТМТРК) → МТРК-177 (МТРК) [sim 0.772] — AI-вердикт: CORRECT
2025-10-13 12:19:04 [INFO] Аналитик функций ГО: AI подтвердил связь КИБМЦРИАПРК-38 (КИБМЦРИАПРК) → МЦРИАПРК-538 (МЦРИАПРК) [sim 1.000] — AI-вердикт: CORRECT
2025-10-13 12:19:04 [INFO] Аналитик функций ГО: AI подтвердил связь КЗППМТИРК-10 (КЗППМТИРК) → МТИРК-278 (МТИРК) [sim 1.000] — AI-вердикт: CORRECT
2025-10-13 12:19:04 [INFO] Аналитик функций ГО: AI подтвердил связь КЖВТМТРК-95 (КЖВТМТРК) → МТРК-98 (МТРК) [sim 0.978] — AI-вердикт: CORRECT
2025-10-13 12:19:04 [INFO] Аналитик функций ГО: AI подтвердил связь КИБМЦРИАПРК-26 (КИБМЦРИАПРК) → МЦРИАПРК-536 (МЦРИАПРК) [sim 1.000] — AI-вердикт: CORRECT
2025-10-13 12:19:04 [INFO] Аналитик функций ГО: AI подтвердил связь КИБМЦРИАПРК-5 (КИБМЦРИАПРК) → МЦРИАПРК-439 (МЦРИАПРК) [sim 1.000] — AI-вердикт: CORRECT
2025-10-13 12:19:04 [INFO] Аналитик функций ГО: AI подтвердил связь КИБМЦРИАПРК-1 (КИБМЦРИАПРК) → МЦРИАПРК-1 (МЦРИАПРК) [sim 0.683] — AI-вердикт: CORRECT
2025-10-13 12:19:04 [INFO] Аналитик функций ГО: AI подтвердил связь КЖВТМТРК-92 (КЖВТМТРК) → МТРК-237 (МТРК) [sim 0.966] — AI-вердикт: CORRECT
2025-10-13 12:19:04 [INFO] Аналитик функций ГО: AI подтвердил связь КЖВТМТРК-99 (КЖВТМТРК) → МТРК-238 (МТРК) [sim 0.959] — AI-вердикт: CORRECT
2025-10-13 12:19:04 [INFO] Аналитик функций ГО: AI подтвердил связь КИБМЦРИАПРК-56 (КИБМЦРИАПРК) → МЦРИАПРК-420 (МЦРИАПРК) [sim 1.000] — AI-вердикт: CORRECT
2025-10-13 12:19:04 [INFO] Аналитик функций ГО: AI подтвердил связь КИБМЦРИАПРК-60 (КИБМЦРИАПРК) → МЦРИАПРК-69 (МЦРИАПРК) [sim 1.000] — AI-вердикт: CORRECT
2025-10-13 12:19:04 [INFO] Аналитик функций ГО: AI подтвердил связь КИБМЦРИАПРК-62 (КИБМЦРИАПРК) → МЦРИАПРК-72 (МЦРИАПРК) [sim 1.000] — AI-вердикт: CORRECT
2025-10-13 12:19:04 [INFO] Аналитик функций ГО: AI подтвердил связь КИБМЦРИАПРК-58 (КИБМЦРИАПРК) → МЦРИАПРК-419 (МЦРИАПРК) [sim 1.000] — AI-вердикт: CORRECT
2025-10-13 12:19:04 [INFO] Аналитик функций ГО: AI подтвердил связь КИБМЦРИАПРК-74 (КИБМЦРИАПРК) → МЦРИАПРК-67 (МЦРИАПРК) [sim 1.000] — AI-вердикт: CORRECT
2025-10-13 12:19:04 [INFO] Аналитик функций ГО: AI подтвердил связь КЖВТМТРК-80 (КЖВТМТРК) → МТРК-182 (МТРК) [sim 0.923] — AI-вердикт: CORRECT
2025-10-13 12:19:04 [INFO] Аналитик функций ГО: AI подтвердил связь КИБМЦРИАПРК-37 (КИБМЦРИАПРК) → МЦРИАПРК-408 (МЦРИАПРК) [sim 0.988] — AI-вердикт: CORRECT
2025-10-13 12:19:04 [INFO] Аналитик функций ГО: AI подтвердил связь КИБМЦРИАПРК-69 (КИБМЦРИАПРК) → МЦРИАПРК-422 (МЦРИАПРК) [sim 1.000] — AI-вердикт: CORRECT
2025-10-13 12:19:04 [INFO] Аналитик функций ГО: AI подтвердил связь КИБМЦРИАПРК-57 (КИБМЦРИАПРК) → МЦРИАПРК-25 (МЦРИАПРК) [sim 1.000] — AI-вердикт: CORRECT
2025-10-13 12:19:04 [INFO] Аналитик функций ГО: AI подтвердил связь КИБМЦРИАПРК-21 (КИБМЦРИАПРК) → МЦРИАПРК-531 (МЦРИАПРК) [sim 0.891] — AI-вердикт: CORRECT
2025-10-13 12:19:04 [INFO] Аналитик функций ГО: AI подтвердил связь КИБМЦРИАПРК-59 (КИБМЦРИАПРК) → МЦРИАПРК-68 (МЦРИАПРК) [sim 1.000] — AI-вердикт: CORRECT
2025-10-13 12:19:04 [INFO] Аналитик функций ГО: AI подтвердил связь КИБМЦРИАПРК-27 (КИБМЦРИАПРК) → МЦРИАПРК-539 (МЦРИАПРК) [sim 0.963] — AI-вердикт: CORRECT
2025-10-13 12:19:04 [INFO] Аналитик функций ГО: AI подтвердил связь КЖВТМТРК-67 (КЖВТМТРК) → МТРК-280 (МТРК) [sim 0.971] — AI-вердикт: CORRECT
2025-10-13 12:19:04 [INFO] Аналитик функций ГО: AI подтвердил связь КЗППМТИРК-6 (КЗППМТИРК) → МТИРК-284 (МТИРК) [sim 0.870] — AI-вердикт: CORRECT
2025-10-13 12:19:04 [INFO] Аналитик функций ГО: AI подтвердил связь КИБМЦРИАПРК-23 (КИБМЦРИАПРК) → МЦРИАПРК-405 (МЦРИАПРК) [sim 1.000] — AI-вердикт: CORRECT
2025-10-13 12:19:04 [INFO] Аналитик функций ГО: AI подтвердил связь КИБМЦРИАПРК-61 (КИБМЦРИАПРК) → МЦРИАПРК-71 (МЦРИАПРК) [sim 1.000] — AI-вердикт: CORRECT
2025-10-13 12:19:04 [INFO] Аналитик функций ГО: AI подтвердил связь КЖВТМТРК-54 (КЖВТМТРК) → МТРК-138 (МТРК) [sim 0.813] — AI-вердикт: CORRECT
2025-10-13 12:19:04 [INFO] Аналитик функций ГО: AI подтвердил связь КИБМЦРИАПРК-72 (КИБМЦРИАПРК) → МЦРИАПРК-219 (МЦРИАПРК) [sim 1.000] — AI-вердикт: CORRECT
2025-10-13 12:19:04 [INFO] Аналитик функций ГО: AI подтвердил связь КИБМЦРИАПРК-68 (КИБМЦРИАПРК) → МЦРИАПРК-6 (МЦРИАПРК) [sim 1.000] — AI-вердикт: CORRECT
2025-10-13 12:19:04 [INFO] Аналитик функций ГО: AI подтвердил связь КИБМЦРИАПРК-55 (КИБМЦРИАПРК) → МЦРИАПРК-440 (МЦРИАПРК) [sim 1.000] — AI-вердикт: CORRECT
2025-10-13 12:19:04 [INFO] Аналитик функций ГО: AI подтвердил связь КЖВТМТРК-93 (КЖВТМТРК) → МТРК-278 (МТРК) [sim 0.904] — AI-вердикт: CORRECT
2025-10-13 12:19:04 [INFO] Аналитик функций ГО: AI подтвердил связь КИБМЦРИАПРК-71 (КИБМЦРИАПРК) → МЦРИАПРК-450 (МЦРИАПРК) [sim 0.932] — AI-вердикт: CORRECT
2025-10-13 12:19:04 [INFO] Аналитик функций ГО: AI подтвердил связь КЗППМТИРК-19 (КЗППМТИРК) → МТИРК-302 (МТИРК) [sim 0.763] — AI-вердикт: CORRECT
2025-10-13 12:19:04 [INFO] Аналитик функций ГО: AI подтвердил связь КИБМЦРИАПРК-52 (КИБМЦРИАПРК) → МЦРИАПРК-2 (МЦРИАПРК) [sim 0.788] — AI-вердикт: CORRECT
2025-10-13 12:19:04 [INFO] Аналитик функций ГО: AI подтвердил связь КИБМЦРИАПРК-78 (КИБМЦРИАПРК) → МЦРИАПРК-533 (МЦРИАПРК) [sim 1.000] — AI-вердикт: CORRECT
2025-10-13 12:19:04 [INFO] Аналитик функций ГО: AI подтвердил связь КИБМЦРИАПРК-87 (КИБМЦРИАПРК) → МЦРИАПРК-483 (МЦРИАПРК) [sim 1.000] — AI-вердикт: CORRECT
2025-10-13 12:19:04 [INFO] Аналитик функций ГО: AI подтвердил связь КИБМЦРИАПРК-79 (КИБМЦРИАПРК) → МЦРИАПРК-536 (МЦРИАПРК) [sim 1.000] — AI-вердикт: CORRECT
2025-10-13 12:19:04 [INFO] Аналитик функций ГО: AI подтвердил связь КИБМЦРИАПРК-88 (КИБМЦРИАПРК) → МЦРИАПРК-447 (МЦРИАПРК) [sim 1.000] — AI-вердикт: CORRECT
2025-10-13 12:19:04 [INFO] Аналитик функций ГО: AI подтвердил связь КИБМЦРИАПРК-73 (КИБМЦРИАПРК) → МЦРИАПРК-451 (МЦРИАПРК) [sim 1.000] — AI-вердикт: CORRECT
2025-10-13 12:19:04 [INFO] Аналитик функций ГО: AI подтвердил связь КИБМЦРИАПРК-65 (КИБМЦРИАПРК) → МЦРИАПРК-75 (МЦРИАПРК) [sim 1.000] — AI-вердикт: CORRECT
2025-10-13 12:19:04 [INFO] Аналитик функций ГО: AI подтвердил связь КИБМЦРИАПРК-63 (КИБМЦРИАПРК) → МЦРИАПРК-73 (МЦРИАПРК) [sim 1.000] — AI-вердикт: CORRECT
2025-10-13 12:19:04 [INFO] Аналитик функций ГО: AI подтвердил связь КИБМЦРИАПРК-50 (КИБМЦРИАПРК) → МЦРИАПРК-403 (МЦРИАПРК) [sim 0.954] — AI-вердикт: CORRECT
2025-10-13 12:19:04 [INFO] Аналитик функций ГО: AI подтвердил связь КИБМЦРИАПРК-80 (КИБМЦРИАПРК) → МЦРИАПРК-537 (МЦРИАПРК) [sim 1.000] — AI-вердикт: CORRECT
2025-10-13 12:19:04 [INFO] Аналитик функций ГО: AI подтвердил связь КИБМЦРИАПРК-85 (КИБМЦРИАПРК) → МЦРИАПРК-64 (МЦРИАПРК) [sim 1.000] — AI-вердикт: CORRECT
2025-10-13 12:19:04 [INFO] Аналитик функций ГО: AI подтвердил связь КДСФКМТСРК-5 (КДСФКМТСРК) → МТСРК-223 (МТСРК) [sim 0.779] — AI-вердикт: CORRECT
2025-10-13 12:19:04 [INFO] Аналитик функций ГО: AI подтвердил связь КИБМЦРИАПРК-96 (КИБМЦРИАПРК) → МЦРИАПРК-535 (МЦРИАПРК) [sim 1.000] — AI-вердикт: CORRECT
2025-10-13 12:19:04 [INFO] Аналитик функций ГО: AI подтвердил связь КИБМЦРИАПРК-67 (КИБМЦРИАПРК) → МЦРИАПРК-15 (МЦРИАПРК) [sim 1.000] — AI-вердикт: CORRECT
2025-10-13 12:19:04 [INFO] Аналитик функций ГО: AI подтвердил связь КИБМЦРИАПРК-77 (КИБМЦРИАПРК) → МЦРИАПРК-489 (МЦРИАПРК) [sim 1.000] — AI-вердикт: CORRECT
2025-10-13 12:19:04 [INFO] Аналитик функций ГО: AI подтвердил связь КИБМЦРИАПРК-94 (КИБМЦРИАПРК) → МЦРИАПРК-448 (МЦРИАПРК) [sim 1.000] — AI-вердикт: CORRECT
2025-10-13 12:19:04 [INFO] Аналитик функций ГО: AI подтвердил связь КЖВТМТРК-46 (КЖВТМТРК) → МТРК-271 (МТРК) [sim 0.987] — AI-вердикт: CORRECT
2025-10-13 12:19:04 [INFO] Аналитик функций ГО: AI подтвердил связь КИБМЦРИАПРК-92 (КИБМЦРИАПРК) → МЦРИАПРК-488 (МЦРИАПРК) [sim 1.000] — AI-вердикт: CORRECT
2025-10-13 12:19:04 [INFO] Аналитик функций ГО: AI подтвердил связь КИБМЦРИАПРК-48 (КИБМЦРИАПРК) → МЦРИАПРК-439 (МЦРИАПРК) [sim 0.752] — AI-вердикт: CORRECT
2025-10-13 12:19:04 [INFO] Аналитик функций ГО: AI подтвердил связь КИИРИМЦРИАПРК-15 (КИИРИМЦРИАПРК) → МЦРИАПРК-194 (МЦРИАПРК) [sim 1.000] — AI-вердикт: CORRECT
2025-10-13 12:19:04 [INFO] Аналитик функций ГО: AI подтвердил связь КИБМЦРИАПРК-93 (КИБМЦРИАПРК) → МЦРИАПРК-57 (МЦРИАПРК) [sim 1.000] — AI-вердикт: CORRECT
2025-10-13 12:19:04 [INFO] Аналитик функций ГО: AI подтвердил связь КИБМЦРИАПРК-54 (КИБМЦРИАПРК) → МЦРИАПРК-4 (МЦРИАПРК) [sim 0.758] — AI-вердикт: CORRECT
2025-10-13 12:19:04 [INFO] Аналитик функций ГО: AI подтвердил связь КИБМЦРИАПРК-90 (КИБМЦРИАПРК) → МЦРИАПРК-447 (МЦРИАПРК) [sim 0.906] — AI-вердикт: CORRECT
2025-10-13 12:19:04 [INFO] Аналитик функций ГО: AI подтвердил связь КИИРИМЦРИАПРК-28 (КИИРИМЦРИАПРК) → МЦРИАПРК-367 (МЦРИАПРК) [sim 1.000] — AI-вердикт: CORRECT
2025-10-13 12:19:04 [INFO] Аналитик функций ГО: AI подтвердил связь КИБМЦРИАПРК-91 (КИБМЦРИАПРК) → МЦРИАПРК-488 (МЦРИАПРК) [sim 0.894] — AI-вердикт: CORRECT
2025-10-13 12:19:04 [INFO] Аналитик функций ГО: AI подтвердил связь КИИРИМЦРИАПРК-25 (КИИРИМЦРИАПРК) → МЦРИАПРК-307 (МЦРИАПРК) [sim 1.000] — AI-вердикт: CORRECT
2025-10-13 12:19:04 [INFO] Аналитик функций ГО: AI подтвердил связь КИИРИМЦРИАПРК-30 (КИИРИМЦРИАПРК) → МЦРИАПРК-353 (МЦРИАПРК) [sim 1.000] — AI-вердикт: CORRECT
2025-10-13 12:19:04 [INFO] Аналитик функций ГО: AI подтвердил связь КИИРИМЦРИАПРК-29 (КИИРИМЦРИАПРК) → МЦРИАПРК-368 (МЦРИАПРК) [sim 1.000] — AI-вердикт: CORRECT
2025-10-13 12:19:04 [INFO] Аналитик функций ГО: AI подтвердил связь КИБМЦРИАПРК-3 (КИБМЦРИАПРК) → МЦРИАПРК-1 (МЦРИАПРК) [sim 0.757] — AI-вердикт: CORRECT
2025-10-13 12:19:04 [INFO] Аналитик функций ГО: AI подтвердил связь КИИРИМЦРИАПРК-31 (КИИРИМЦРИАПРК) → МЦРИАПРК-369 (МЦРИАПРК) [sim 1.000] — AI-вердикт: CORRECT
2025-10-13 12:19:04 [INFO] Аналитик функций ГО: AI подтвердил связь КИИРИМЦРИАПРК-24 (КИИРИМЦРИАПРК) → МЦРИАПРК-306 (МЦРИАПРК) [sim 0.981] — AI-вердикт: CORRECT
2025-10-13 12:19:04 [INFO] Аналитик функций ГО: AI подтвердил связь КИБМЦРИАПРК-43 (КИБМЦРИАПРК) → МЦРИАПРК-166 (МЦРИАПРК) [sim 0.697] — AI-вердикт: CORRECT
2025-10-13 12:19:04 [INFO] Аналитик функций ГО: AI подтвердил связь КИИРИМЦРИАПРК-45 (КИИРИМЦРИАПРК) → МЦРИАПРК-321 (МЦРИАПРК) [sim 1.000] — AI-вердикт: CORRECT
2025-10-13 12:19:04 [INFO] Аналитик функций ГО: AI подтвердил связь КИИРИМЦРИАПРК-5 (КИИРИМЦРИАПРК) → МЦРИАПРК-8 (МЦРИАПРК) [sim 1.000] — AI-вердикт: CORRECT
2025-10-13 12:19:04 [INFO] Аналитик функций ГО: AI подтвердил связь КИБМЦРИАПРК-53 (КИБМЦРИАПРК) → МЦРИАПРК-7 (МЦРИАПРК) [sim 0.697] — AI-вердикт: CORRECT
2025-10-13 12:19:04 [INFO] Аналитик функций ГО: AI подтвердил связь КИБМЦРИАПРК-46 (КИБМЦРИАПРК) → МЦРИАПРК-409 (МЦРИАПРК) [sim 0.715] — AI-вердикт: CORRECT
2025-10-13 12:19:04 [INFO] Аналитик функций ГО: AI подтвердил связь КИИРИМЦРИАПРК-55 (КИИРИМЦРИАПРК) → МЦРИАПРК-381 (МЦРИАПРК) [sim 0.846] — AI-вердикт: CORRECT
2025-10-13 12:19:04 [INFO] Аналитик функций ГО: AI подтвердил связь КИИРИМЦРИАПРК-56 (КИИРИМЦРИАПРК) → МЦРИАПРК-385 (МЦРИАПРК) [sim 1.000] — AI-вердикт: CORRECT
2025-10-13 12:19:04 [INFO] Аналитик функций ГО: AI подтвердил связь КИИРИМЦРИАПРК-62 (КИИРИМЦРИАПРК) → МЦРИАПРК-392 (МЦРИАПРК) [sim 1.000] — AI-вердикт: CORRECT
2025-10-13 12:19:04 [INFO] Аналитик функций ГО: AI подтвердил связь КИБМЦРИАПРК-47 (КИБМЦРИАПРК) → МЦРИАПРК-217 (МЦРИАПРК) [sim 0.865] — AI-вердикт: CORRECT
2025-10-13 12:19:04 [INFO] Аналитик функций ГО: AI подтвердил связь КИИРИМЦРИАПРК-11 (КИИРИМЦРИАПРК) → МЦРИАПРК-323 (МЦРИАПРК) [sim 0.977] — AI-вердикт: CORRECT
2025-10-13 12:19:04 [INFO] Аналитик функций ГО: AI подтвердил связь КЗППМТИРК-18 (КЗППМТИРК) → МТИРК-283 (МТИРК) [sim 0.871] — AI-вердикт: CORRECT
2025-10-13 12:19:04 [INFO] Аналитик функций ГО: AI подтвердил связь КИИРИМЦРИАПРК-65 (КИИРИМЦРИАПРК) → МЦРИАПРК-345 (МЦРИАПРК) [sim 1.000] — AI-вердикт: CORRECT
2025-10-13 12:19:04 [INFO] Аналитик функций ГО: AI подтвердил связь КИИРИМЦРИАПРК-60 (КИИРИМЦРИАПРК) → МЦРИАПРК-388 (МЦРИАПРК) [sim 1.000] — AI-вердикт: CORRECT
2025-10-13 12:19:04 [INFO] Аналитик функций ГО: AI подтвердил связь КИИРИМЦРИАПРК-33 (КИИРИМЦРИАПРК) → МЦРИАПРК-362 (МЦРИАПРК) [sim 0.976] — AI-вердикт: CORRECT
2025-10-13 12:19:04 [INFO] Аналитик функций ГО: AI подтвердил связь КИБМЦРИАПРК-76 (КИБМЦРИАПРК) → МЦРИАПРК-444 (МЦРИАПРК) [sim 0.954] — AI-вердикт: CORRECT
2025-10-13 12:19:04 [INFO] Аналитик функций ГО: AI подтвердил связь КИИРИМЦРИАПРК-40 (КИИРИМЦРИАПРК) → МЦРИАПРК-365 (МЦРИАПРК) [sim 0.973] — AI-вердикт: CORRECT
2025-10-13 12:19:04 [INFO] Аналитик функций ГО: AI подтвердил связь КИИРИМЦРИАПРК-57 (КИИРИМЦРИАПРК) → МЦРИАПРК-387 (МЦРИАПРК) [sim 1.000] — AI-вердикт: CORRECT
2025-10-13 12:19:04 [INFO] Аналитик функций ГО: AI подтвердил связь КИИРИМЦРИАПРК-77 (КИИРИМЦРИАПРК) → МЦРИАПРК-394 (МЦРИАПРК) [sim 1.000] — AI-вердикт: CORRECT
2025-10-13 12:19:04 [INFO] Аналитик функций ГО: AI подтвердил связь КИИРИМЦРИАПРК-66 (КИИРИМЦРИАПРК) → МЦРИАПРК-505 (МЦРИАПРК) [sim 1.000] — AI-вердикт: CORRECT
2025-10-13 12:19:04 [INFO] Аналитик функций ГО: AI подтвердил связь КИИРИМЦРИАПРК-39 (КИИРИМЦРИАПРК) → МЦРИАПРК-364 (МЦРИАПРК) [sim 0.967] — AI-вердикт: CORRECT
2025-10-13 12:19:04 [INFO] Аналитик функций ГО: AI подтвердил связь КИИРИМЦРИАПРК-67 (КИИРИМЦРИАПРК) → МЦРИАПРК-347 (МЦРИАПРК) [sim 1.000] — AI-вердикт: CORRECT
2025-10-13 12:19:04 [INFO] Аналитик функций ГО: AI подтвердил связь КЖВТМТРК-84 (КЖВТМТРК) → МТРК-168 (МТРК) [sim 0.785] — AI-вердикт: CORRECT
2025-10-13 12:19:04 [INFO] Аналитик функций ГО: AI подтвердил связь КИИРИМЦРИАПРК-37 (КИИРИМЦРИАПРК) → МЦРИАПРК-357 (МЦРИАПРК) [sim 0.979] — AI-вердикт: CORRECT
2025-10-13 12:19:04 [INFO] Аналитик функций ГО: AI подтвердил связь КИИРИМЦРИАПРК-79 (КИИРИМЦРИАПРК) → МЦРИАПРК-189 (МЦРИАПРК) [sim 1.000] — AI-вердикт: CORRECT
2025-10-13 12:19:04 [INFO] Аналитик функций ГО: AI подтвердил связь КИИРИМЦРИАПРК-38 (КИИРИМЦРИАПРК) → МЦРИАПРК-363 (МЦРИАПРК) [sim 0.978] — AI-вердикт: CORRECT
2025-10-13 12:19:04 [INFO] Аналитик функций ГО: AI подтвердил связь КИИРИМЦРИАПРК-63 (КИИРИМЦРИАПРК) → МЦРИАПРК-389 (МЦРИАПРК) [sim 1.000] — AI-вердикт: CORRECT
2025-10-13 12:19:04 [INFO] Аналитик функций ГО: AI подтвердил связь КИИРИМЦРИАПРК-80 (КИИРИМЦРИАПРК) → МЦРИАПРК-190 (МЦРИАПРК) [sim 1.000] — AI-вердикт: CORRECT
2025-10-13 12:19:04 [INFO] Аналитик функций ГО: AI подтвердил связь КИИРИМЦРИАПРК-32 (КИИРИМЦРИАПРК) → МЦРИАПРК-355 (МЦРИАПРК) [sim 0.983] — AI-вердикт: CORRECT
2025-10-13 12:19:04 [INFO] Аналитик функций ГО: AI подтвердил связь КИИРИМЦРИАПРК-41 (КИИРИМЦРИАПРК) → МЦРИАПРК-366 (МЦРИАПРК) [sim 0.968] — AI-вердикт: CORRECT
2025-10-13 12:19:04 [INFO] Аналитик функций ГО: AI подтвердил связь КИИРИМЦРИАПРК-70 (КИИРИМЦРИАПРК) → МЦРИАПРК-330 (МЦРИАПРК) [sim 1.000] — AI-вердикт: CORRECT
2025-10-13 12:19:04 [INFO] Аналитик функций ГО: AI подтвердил связь КИМРМИДРК-14 (КИМРМИДРК) → МИДРК-218 (МИДРК) [sim 1.000] — AI-вердикт: CORRECT
2025-10-13 12:19:04 [INFO] Аналитик функций ГО: AI подтвердил связь КИИРИМЦРИАПРК-35 (КИИРИМЦРИАПРК) → МЦРИАПРК-359 (МЦРИАПРК) [sim 0.977] — AI-вердикт: CORRECT
2025-10-13 12:19:04 [INFO] Аналитик функций ГО: AI подтвердил связь КИИРИМЦРИАПРК-89 (КИИРИМЦРИАПРК) → МЦРИАПРК-348 (МЦРИАПРК) [sim 1.000] — AI-вердикт: CORRECT
2025-10-13 12:19:04 [INFO] Аналитик функций ГО: AI подтвердил связь КИИРИМЦРИАПРК-72 (КИИРИМЦРИАПРК) → МЦРИАПРК-212 (МЦРИАПРК) [sim 0.699] — AI-вердикт: CORRECT
2025-10-13 12:19:04 [INFO] Аналитик функций ГО: AI подтвердил связь КИИРИМЦРИАПРК-81 (КИИРИМЦРИАПРК) → МЦРИАПРК-192 (МЦРИАПРК) [sim 1.000] — AI-вердикт: CORRECT
2025-10-13 12:19:04 [INFO] Аналитик функций ГО: AI подтвердил связь КИИРИМЦРИАПРК-75 (КИИРИМЦРИАПРК) → МЦРИАПРК-360 (МЦРИАПРК) [sim 1.000] — AI-вердикт: CORRECT
2025-10-13 12:19:04 [INFO] Аналитик функций ГО: AI подтвердил связь КИМРМИДРК-1 (КИМРМИДРК) → МИДРК-207 (МИДРК) [sim 1.000] — AI-вердикт: CORRECT
2025-10-13 12:19:04 [INFO] Аналитик функций ГО: AI подтвердил связь КИИРИМЦРИАПРК-73 (КИИРИМЦРИАПРК) → МЦРИАПРК-212 (МЦРИАПРК) [sim 1.000] — AI-вердикт: CORRECT
2025-10-13 12:19:04 [INFO] Аналитик функций ГО: AI подтвердил связь КИИРИМЦРИАПРК-7 (КИИРИМЦРИАПРК) → МЦРИАПРК-304 (МЦРИАПРК) [sim 0.944] — AI-вердикт: CORRECT
2025-10-13 12:19:04 [INFO] Аналитик функций ГО: AI подтвердил связь КИБМЦРИАПРК-95 (КИБМЦРИАПРК) → МЦРИАПРК-51 (МЦРИАПРК) [sim 0.963] — AI-вердикт: CORRECT
2025-10-13 12:19:04 [INFO] Аналитик функций ГО: AI подтвердил связь КИМРМИДРК-6 (КИМРМИДРК) → МИДРК-212 (МИДРК) [sim 1.000] — AI-вердикт: CORRECT
2025-10-13 12:19:04 [INFO] Аналитик функций ГО: AI подтвердил связь КИИРИМЦРИАПРК-34 (КИИРИМЦРИАПРК) → МЦРИАПРК-361 (МЦРИАПРК) [sim 0.976] — AI-вердикт: CORRECT
2025-10-13 12:19:04 [INFO] Аналитик функций ГО: AI подтвердил связь КИИРИМЦРИАПРК-42 (КИИРИМЦРИАПРК) → МЦРИАПРК-327 (МЦРИАПРК) [sim 0.981] — AI-вердикт: CORRECT
2025-10-13 12:19:04 [INFO] Аналитик функций ГО: AI подтвердил связь КИИРИМЦРИАПРК-90 (КИИРИМЦРИАПРК) → МЦРИАПРК-25 (МЦРИАПРК) [sim 1.000] — AI-вердикт: CORRECT
2025-10-13 12:19:04 [INFO] Аналитик функций ГО: AI подтвердил связь КИМРМИДРК-13 (КИМРМИДРК) → МИДРК-217 (МИДРК) [sim 1.000] — AI-вердикт: CORRECT
2025-10-13 12:19:04 [INFO] Аналитик функций ГО: AI подтвердил связь КИМРМИДРК-5 (КИМРМИДРК) → МИДРК-211 (МИДРК) [sim 1.000] — AI-вердикт: CORRECT
2025-10-13 12:19:04 [INFO] Аналитик функций ГО: AI подтвердил связь КИМРМИДРК-8 (КИМРМИДРК) → МИДРК-213 (МИДРК) [sim 1.000] — AI-вердикт: CORRECT
2025-10-13 12:19:04 [INFO] Аналитик функций ГО: AI подтвердил связь КИМРМИДРК-17-2 (КИМРМИДРК) → МИДРК-221 (МИДРК) [sim 1.000] — AI-вердикт: CORRECT
2025-10-13 12:19:04 [INFO] Аналитик функций ГО: AI подтвердил связь КИИРИМЦРИАПРК-82 (КИИРИМЦРИАПРК) → МЦРИАПРК-68 (МЦРИАПРК) [sim 0.949] — AI-вердикт: CORRECT
2025-10-13 12:19:04 [INFO] Аналитик функций ГО: AI подтвердил связь КИТМТСРК-12 (КИТМТСРК) → МТСРК-139 (МТСРК) [sim 0.675] — AI-вердикт: CORRECT
2025-10-13 12:19:04 [INFO] Аналитик функций ГО: AI подтвердил связь КИТМТСРК-3 (КИТМТСРК) → МТСРК-150 (МТСРК) [sim 0.978] — AI-вердикт: CORRECT
2025-10-13 12:19:04 [INFO] Аналитик функций ГО: AI подтвердил связь КИМРМИДРК-17 (КИМРМИДРК) → МИДРК-221 (МИДРК) [sim 1.000] — AI-вердикт: CORRECT
2025-10-13 12:19:04 [INFO] Аналитик функций ГО: AI подтвердил связь КИТМТСРК-13 (КИТМТСРК) → МТСРК-139 (МТСРК) [sim 0.993] — AI-вердикт: CORRECT
2025-10-13 12:19:04 [INFO] Аналитик функций ГО: AI подтвердил связь КИИРИМЦРИАПРК-85 (КИИРИМЦРИАПРК) → МЦРИАПРК-73 (МЦРИАПРК) [sim 0.943] — AI-вердикт: CORRECT
2025-10-13 12:19:04 [INFO] Аналитик функций ГО: AI подтвердил связь КИТМТСРК-20 (КИТМТСРК) → МТСРК-21 (МТСРК) [sim 0.971] — AI-вердикт: CORRECT
2025-10-13 12:19:04 [INFO] Аналитик функций ГО: AI подтвердил связь КИТМТСРК-6 (КИТМТСРК) → МТСРК-137 (МТСРК) [sim 0.987] — AI-вердикт: CORRECT
2025-10-13 12:19:04 [INFO] Аналитик функций ГО: AI подтвердил связь КИИРИМЦРИАПРК-83 (КИИРИМЦРИАПРК) → МЦРИАПРК-69 (МЦРИАПРК) [sim 0.939] — AI-вердикт: CORRECT
2025-10-13 12:19:04 [INFO] Аналитик функций ГО: AI подтвердил связь КИТМТСРК-35 (КИТМТСРК) → МТСРК-117 (МТСРК) [sim 0.958] — AI-вердикт: CORRECT
2025-10-13 12:19:04 [INFO] Аналитик функций ГО: AI подтвердил связь ККМКИРК-10 (ККМКИРК) → МКИРК-375 (МКИРК) [sim 0.981] — AI-вердикт: CORRECT
2025-10-13 12:19:04 [INFO] Аналитик функций ГО: AI подтвердил связь КИТМТСРК-42 (КИТМТСРК) → МТСРК-144 (МТСРК) [sim 0.983] — AI-вердикт: CORRECT
2025-10-13 12:19:04 [INFO] Аналитик функций ГО: AI подтвердил связь КИТМТСРК-2 (КИТМТСРК) → МТСРК-140 (МТСРК) [sim 0.924] — AI-вердикт: CORRECT
2025-10-13 12:19:04 [INFO] Аналитик функций ГО: AI подтвердил связь КИИРИМЦРИАПРК-27 (КИИРИМЦРИАПРК) → МЦРИАПРК-355 (МЦРИАПРК) [sim 0.923] — AI-вердикт: CORRECT
2025-10-13 12:19:04 [INFO] Аналитик функций ГО: AI подтвердил связь КИТМТСРК-44 (КИТМТСРК) → МТСРК-146 (МТСРК) [sim 0.973] — AI-вердикт: CORRECT
2025-10-13 12:19:04 [INFO] Аналитик функций ГО: AI подтвердил связь КИИРИМЦРИАПРК-76 (КИИРИМЦРИАПРК) → МЦРИАПРК-371 (МЦРИАПРК) [sim 0.984] — AI-вердикт: CORRECT
2025-10-13 12:19:04 [INFO] Аналитик функций ГО: AI подтвердил связь ККМКИРК-117 (ККМКИРК) → МКИРК-490 (МКИРК) [sim 1.000] — AI-вердикт: CORRECT
2025-10-13 12:19:04 [INFO] Аналитик функций ГО: AI подтвердил связь КИТМТСРК-9 (КИТМТСРК) → МТСРК-142 (МТСРК) [sim 0.993] — AI-вердикт: CORRECT
2025-10-13 12:19:04 [INFO] Аналитик функций ГО: AI подтвердил связь КИБМЦРИАПРК-40 (КИБМЦРИАПРК) → МЦРИАПРК-184 (МЦРИАПРК) [sim 0.648] — AI-вердикт: CORRECT
2025-10-13 12:19:04 [INFO] Аналитик функций ГО: AI подтвердил связь КИТМТСРК-45 (КИТМТСРК) → МТСРК-147 (МТСРК) [sim 0.990] — AI-вердикт: CORRECT
2025-10-13 12:19:04 [INFO] Аналитик функций ГО: AI подтвердил связь ККМКИРК-119 (ККМКИРК) → МКИРК-298 (МКИРК) [sim 1.000] — AI-вердикт: CORRECT
2025-10-13 12:19:04 [INFO] Аналитик функций ГО: AI подтвердил связь КИТМТСРК-40 (КИТМТСРК) → МТСРК-135 (МТСРК) [sim 0.975] — AI-вердикт: CORRECT
2025-10-13 12:19:04 [INFO] Аналитик функций ГО: AI подтвердил связь ККМКИРК-114 (ККМКИРК) → МКИРК-237 (МКИРК) [sim 1.000] — AI-вердикт: CORRECT
2025-10-13 12:19:04 [INFO] Аналитик функций ГО: AI подтвердил связь ККМКИРК-11 (ККМКИРК) → МКИРК-376 (МКИРК) [sim 1.000] — AI-вердикт: CORRECT
2025-10-13 12:19:04 [INFO] Аналитик функций ГО: AI подтвердил связь ККМКИРК-104 (ККМКИРК) → МКИРК-400 (МКИРК) [sim 0.884] — AI-вердикт: CORRECT
2025-10-13 12:19:04 [INFO] Аналитик функций ГО: AI подтвердил связь ККМКИРК-130 (ККМКИРК) → МКИРК-371 (МКИРК) [sim 1.000] — AI-вердикт: CORRECT
2025-10-13 12:19:04 [INFO] Аналитик функций ГО: AI подтвердил связь ККМКИРК-105 (ККМКИРК) → МКИРК-364 (МКИРК) [sim 0.943] — AI-вердикт: CORRECT
2025-10-13 12:19:04 [INFO] Аналитик функций ГО: AI подтвердил связь КИМРМИДРК-9 (КИМРМИДРК) → МИДРК-214 (МИДРК) [sim 0.995] — AI-вердикт: CORRECT
2025-10-13 12:19:04 [INFO] Аналитик функций ГО: AI подтвердил связь КИТМТСРК-14 (КИТМТСРК) → МТСРК-8 (МТСРК) [sim 0.818] — AI-вердикт: CORRECT
2025-10-13 12:19:04 [INFO] Аналитик функций ГО: AI подтвердил связь КИТМТСРК-32 (КИТМТСРК) → МТСРК-15 (МТСРК) [sim 0.933] — AI-вердикт: CORRECT
2025-10-13 12:19:04 [INFO] Аналитик функций ГО: AI подтвердил связь КИТМТСРК-48-1 (КИТМТСРК) → МТСРК-224 (МТСРК) [sim 0.906] — AI-вердикт: CORRECT
2025-10-13 12:19:04 [INFO] Аналитик функций ГО: AI подтвердил связь КИТМТСРК-10 (КИТМТСРК) → МТСРК-149 (МТСРК) [sim 0.987] — AI-вердикт: CORRECT
2025-10-13 12:19:04 [INFO] Аналитик функций ГО: AI подтвердил связь КИТМТСРК-7 (КИТМТСРК) → МТСРК-138 (МТСРК) [sim 0.997] — AI-вердикт: CORRECT
2025-10-13 12:19:04 [INFO] Аналитик функций ГО: AI подтвердил связь ККМКИРК-132 (ККМКИРК) → МКИРК-321 (МКИРК) [sim 1.000] — AI-вердикт: CORRECT
2025-10-13 12:19:04 [INFO] Аналитик функций ГО: AI подтвердил связь КИТМТСРК-8 (КИТМТСРК) → МТСРК-141 (МТСРК) [sim 0.948] — AI-вердикт: CORRECT
2025-10-13 12:19:04 [INFO] Аналитик функций ГО: AI подтвердил связь ККМКИРК-118 (ККМКИРК) → МКИРК-264 (МКИРК) [sim 1.000] — AI-вердикт: CORRECT
2025-10-13 12:19:04 [INFO] Аналитик функций ГО: AI подтвердил связь КИТМТСРК-24 (КИТМТСРК) → МТСРК-152 (МТСРК) [sim 0.907] — AI-вердикт: CORRECT
2025-10-13 12:19:04 [INFO] Аналитик функций ГО: AI подтвердил связь КИМРМИДРК-10 (КИМРМИДРК) → МИДРК-215 (МИДРК) [sim 1.000] — AI-вердикт: CORRECT
2025-10-13 12:19:04 [INFO] Аналитик функций ГО: AI подтвердил связь ККМКИРК-102 (ККМКИРК) → МКИРК-17 (МКИРК) [sim 0.862] — AI-вердикт: CORRECT
2025-10-13 12:19:04 [INFO] Аналитик функций ГО: AI подтвердил связь ККМКИРК-137 (ККМКИРК) → МКИРК-387 (МКИРК) [sim 1.000] — AI-вердикт: CORRECT
2025-10-13 12:19:04 [INFO] Аналитик функций ГО: AI подтвердил связь ККМКИРК-122 (ККМКИРК) → МКИРК-301 (МКИРК) [sim 1.000] — AI-вердикт: CORRECT
2025-10-13 12:19:04 [INFO] Аналитик функций ГО: AI подтвердил связь КИТМТСРК-48 (КИТМТСРК) → МТСРК-224 (МТСРК) [sim 0.906] — AI-вердикт: CORRECT
2025-10-13 12:19:04 [INFO] Аналитик функций ГО: AI подтвердил связь ККМКИРК-125 (ККМКИРК) → МКИРК-362 (МКИРК) [sim 0.984] — AI-вердикт: CORRECT
2025-10-13 12:19:04 [INFO] Аналитик функций ГО: AI подтвердил связь ККМКИРК-12 (ККМКИРК) → МКИРК-329 (МКИРК) [sim 0.957] — AI-вердикт: CORRECT
2025-10-13 12:19:04 [INFO] Аналитик функций ГО: AI подтвердил связь КИТМТСРК-22 (КИТМТСРК) → МТСРК-120 (МТСРК) [sim 0.961] — AI-вердикт: CORRECT
2025-10-13 12:19:04 [INFO] Аналитик функций ГО: AI подтвердил связь ККМКИРК-123 (ККМКИРК) → МКИРК-320 (МКИРК) [sim 0.907] — AI-вердикт: CORRECT
2025-10-13 12:19:04 [INFO] Аналитик функций ГО: AI подтвердил связь ККМКИРК-20 (ККМКИРК) → МКИРК-395 (МКИРК) [sim 1.000] — AI-вердикт: CORRECT
2025-10-13 12:19:04 [INFO] Аналитик функций ГО: AI подтвердил связь ККМКИРК-133 (ККМКИРК) → МКИРК-326 (МКИРК) [sim 1.000] — AI-вердикт: CORRECT
2025-10-13 12:19:04 [INFO] Аналитик функций ГО: AI подтвердил связь ККМКИРК-138 (ККМКИРК) → МКИРК-488 (МКИРК) [sim 1.000] — AI-вердикт: CORRECT
2025-10-13 12:19:04 [INFO] Аналитик функций ГО: AI подтвердил связь ККМКИРК-13 (ККМКИРК) → МКИРК-386 (МКИРК) [sim 1.000] — AI-вердикт: CORRECT
2025-10-13 12:19:04 [INFO] Аналитик функций ГО: AI подтвердил связь ККМКИРК-32 (ККМКИРК) → МКИРК-327 (МКИРК) [sim 1.000] — AI-вердикт: CORRECT
2025-10-13 12:19:04 [INFO] Аналитик функций ГО: AI подтвердил связь КИТМТСРК-16 (КИТМТСРК) → МТСРК-151 (МТСРК) [sim 0.885] — AI-вердикт: CORRECT
2025-10-13 12:19:04 [INFO] Аналитик функций ГО: AI подтвердил связь ККМКИРК-26 (ККМКИРК) → МКИРК-389 (МКИРК) [sim 1.000] — AI-вердикт: CORRECT
2025-10-13 12:19:04 [INFO] Аналитик функций ГО: AI подтвердил связь ККМКИРК-14 (ККМКИРК) → МКИРК-346 (МКИРК) [sim 0.982] — AI-вердикт: CORRECT
2025-10-13 12:19:04 [INFO] Аналитик функций ГО: AI подтвердил связь ККМКИРК-21 (ККМКИРК) → МКИРК-446 (МКИРК) [sim 1.000] — AI-вердикт: CORRECT
2025-10-13 12:19:04 [INFO] Аналитик функций ГО: AI подтвердил связь ККМКИРК-134 (ККМКИРК) → МКИРК-330 (МКИРК) [sim 0.974] — AI-вердикт: CORRECT
2025-10-13 12:19:04 [INFO] Аналитик функций ГО: AI подтвердил связь ККМКИРК-115 (ККМКИРК) → МКИРК-237 (МКИРК) [sim 0.811] — AI-вердикт: CORRECT
2025-10-13 12:19:04 [INFO] Аналитик функций ГО: AI подтвердил связь ККМКИРК-120 (ККМКИРК) → МКИРК-299 (МКИРК) [sim 0.958] — AI-вердикт: CORRECT
2025-10-13 12:19:04 [INFO] Аналитик функций ГО: AI подтвердил связь ККМКИРК-16 (ККМКИРК) → МКИРК-348 (МКИРК) [sim 0.978] — AI-вердикт: CORRECT
2025-10-13 12:19:04 [INFO] Аналитик функций ГО: AI подтвердил связь ККМКИРК-23 (ККМКИРК) → МКИРК-448 (МКИРК) [sim 0.899] — AI-вердикт: CORRECT
2025-10-13 12:19:04 [INFO] Аналитик функций ГО: AI подтвердил связь КИТМТСРК-4 (КИТМТСРК) → МТСРК-151 (МТСРК) [sim 0.963] — AI-вердикт: CORRECT
2025-10-13 12:19:04 [INFO] Аналитик функций ГО: AI подтвердил связь ККМКИРК-121 (ККМКИРК) → МКИРК-300 (МКИРК) [sim 0.867] — AI-вердикт: CORRECT
2025-10-13 12:19:04 [INFO] Аналитик функций ГО: AI подтвердил связь КИТМТСРК-46 (КИТМТСРК) → МТСРК-170 (МТСРК) [sim 0.768] — AI-вердикт: CORRECT
2025-10-13 12:19:04 [INFO] Аналитик функций ГО: AI подтвердил связь КИИРИМЦРИАПРК-48 (КИИРИМЦРИАПРК) → МЦРИАПРК-370 (МЦРИАПРК) [sim 0.977] — AI-вердикт: CORRECT
2025-10-13 12:19:04 [INFO] Аналитик функций ГО: AI подтвердил связь ККМКИРК-51 (ККМКИРК) → МКИРК-430 (МКИРК) [sim 1.000] — AI-вердикт: CORRECT
2025-10-13 12:19:04 [INFO] Аналитик функций ГО: AI подтвердил связь ККМКИРК-44 (ККМКИРК) → МКИРК-453 (МКИРК) [sim 1.000] — AI-вердикт: CORRECT
2025-10-13 12:19:04 [INFO] Аналитик функций ГО: AI подтвердил связь ККМКИРК-126 (ККМКИРК) → МКИРК-363 (МКИРК) [sim 0.992] — AI-вердикт: CORRECT
2025-10-13 12:19:04 [INFO] Аналитик функций ГО: AI подтвердил связь ККМКИРК-24 (ККМКИРК) → МКИРК-391 (МКИРК) [sim 0.987] — AI-вердикт: CORRECT
2025-10-13 12:19:04 [INFO] Аналитик функций ГО: AI подтвердил связь ККМКИРК-15 (ККМКИРК) → МКИРК-350 (МКИРК) [sim 0.982] — AI-вердикт: CORRECT
2025-10-13 12:19:04 [INFO] Аналитик функций ГО: AI подтвердил связь ККМКИРК-54 (ККМКИРК) → МКИРК-367 (МКИРК) [sim 1.000] — AI-вердикт: CORRECT
2025-10-13 12:19:04 [INFO] Аналитик функций ГО: AI подтвердил связь ККМКИРК-33 (ККМКИРК) → МКИРК-393 (МКИРК) [sim 1.000] — AI-вердикт: CORRECT
2025-10-13 12:19:04 [INFO] Аналитик функций ГО: AI подтвердил связь ККМКИРК-112 (ККМКИРК) → МКИРК-324 (МКИРК) [sim 1.000] — AI-вердикт: CORRECT
2025-10-13 12:19:04 [INFO] Аналитик функций ГО: AI подтвердил связь ККМКИРК-17 (ККМКИРК) → МКИРК-336 (МКИРК) [sim 0.991] — AI-вердикт: CORRECT
2025-10-13 12:19:04 [INFO] Аналитик функций ГО: AI подтвердил связь ККМКИРК-30 (ККМКИРК) → МКИРК-341 (МКИРК) [sim 0.986] — AI-вердикт: CORRECT
2025-10-13 12:19:04 [INFO] Аналитик функций ГО: AI подтвердил связь ККМКИРК-43 (ККМКИРК) → МКИРК-452 (МКИРК) [sim 1.000] — AI-вердикт: CORRECT
2025-10-13 12:19:04 [INFO] Аналитик функций ГО: AI подтвердил связь ККМКИРК-127 (ККМКИРК) → МКИРК-440 (МКИРК) [sim 0.990] — AI-вердикт: CORRECT
2025-10-13 12:19:04 [INFO] Аналитик функций ГО: AI подтвердил связь ККМКИРК-108 (ККМКИРК) → МКИРК-333 (МКИРК) [sim 0.853] — AI-вердикт: CORRECT
2025-10-13 12:19:04 [INFO] Аналитик функций ГО: AI подтвердил связь ККМКИРК-57 (ККМКИРК) → МКИРК-422 (МКИРК) [sim 1.000] — AI-вердикт: CORRECT
2025-10-13 12:19:04 [INFO] Аналитик функций ГО: AI подтвердил связь ККМКИРК-60 (ККМКИРК) → МКИРК-369 (МКИРК) [sim 1.000] — AI-вердикт: CORRECT
2025-10-13 12:19:04 [INFO] Аналитик функций ГО: AI подтвердил связь ККМКИРК-40 (ККМКИРК) → МКИРК-449 (МКИРК) [sim 1.000] — AI-вердикт: CORRECT
2025-10-13 12:19:04 [INFO] Аналитик функций ГО: AI подтвердил связь ККМКИРК-143 (ККМКИРК) → МКИРК-457 (МКИРК) [sim 0.803] — AI-вердикт: CORRECT
2025-10-13 12:19:04 [INFO] Аналитик функций ГО: AI подтвердил связь ККМКИРК-29 (ККМКИРК) → МКИРК-349 (МКИРК) [sim 0.979] — AI-вердикт: CORRECT
2025-10-13 12:19:04 [INFO] Аналитик функций ГО: AI подтвердил связь ККМКИРК-38 (ККМКИРК) → МКИРК-441 (МКИРК) [sim 0.984] — AI-вердикт: CORRECT
2025-10-13 12:19:04 [INFO] Аналитик функций ГО: AI подтвердил связь ККМКИРК-63 (ККМКИРК) → МКИРК-426 (МКИРК) [sim 1.000] — AI-вердикт: CORRECT
2025-10-13 12:19:04 [INFO] Аналитик функций ГО: AI подтвердил связь ККМКИРК-35 (ККМКИРК) → МКИРК-438 (МКИРК) [sim 0.981] — AI-вердикт: CORRECT
2025-10-13 12:19:04 [INFO] Аналитик функций ГО: AI подтвердил связь ККМКИРК-53 (ККМКИРК) → МКИРК-437 (МКИРК) [sim 0.966] — AI-вердикт: CORRECT
2025-10-13 12:19:04 [INFO] Аналитик функций ГО: AI подтвердил связь ККМКИРК-136 (ККМКИРК) → МКИРК-347 (МКИРК) [sim 0.884] — AI-вердикт: CORRECT
2025-10-13 12:19:04 [INFO] Аналитик функций ГО: AI подтвердил связь ККМКИРК-52 (ККМКИРК) → МКИРК-431 (МКИРК) [sim 1.000] — AI-вердикт: CORRECT
2025-10-13 12:19:04 [INFO] Аналитик функций ГО: AI подтвердил связь ККМКИРК-36 (ККМКИРК) → МКИРК-436 (МКИРК) [sim 0.985] — AI-вердикт: CORRECT
2025-10-13 12:19:04 [INFO] Аналитик функций ГО: AI подтвердил связь ККМКИРК-37 (ККМКИРК) → МКИРК-439 (МКИРК) [sim 0.984] — AI-вердикт: CORRECT
2025-10-13 12:19:04 [INFO] Аналитик функций ГО: AI подтвердил связь ККМКИРК-48 (ККМКИРК) → МКИРК-444 (МКИРК) [sim 0.889] — AI-вердикт: CORRECT
2025-10-13 12:19:04 [INFO] Аналитик функций ГО: AI подтвердил связь КИТМТСРК-43 (КИТМТСРК) → МТСРК-145 (МТСРК) [sim 0.755] — AI-вердикт: CORRECT
2025-10-13 12:19:04 [INFO] Аналитик функций ГО: AI подтвердил связь ККМКИРК-76 (ККМКИРК) → МКИРК-418 (МКИРК) [sim 1.000] — AI-вердикт: CORRECT
2025-10-13 12:19:04 [INFO] Аналитик функций ГО: AI подтвердил связь ККМКИРК-31 (ККМКИРК) → МКИРК-61 (МКИРК) [sim 0.805] — AI-вердикт: CORRECT
2025-10-13 12:19:04 [INFO] Аналитик функций ГО: AI подтвердил связь ККМКИРК-59 (ККМКИРК) → МКИРК-368 (МКИРК) [sim 0.973] — AI-вердикт: CORRECT
2025-10-13 12:19:04 [INFO] Аналитик функций ГО: AI подтвердил связь ККМКИРК-81 (ККМКИРК) → МКИРК-419 (МКИРК) [sim 1.000] — AI-вердикт: CORRECT
2025-10-13 12:19:04 [INFO] Аналитик функций ГО: AI подтвердил связь ККМКИРК-109 (ККМКИРК) → МКИРК-401 (МКИРК) [sim 0.964] — AI-вердикт: CORRECT
2025-10-13 12:19:04 [INFO] Аналитик функций ГО: AI подтвердил связь ККМКИРК-45 (ККМКИРК) → МКИРК-454 (МКИРК) [sim 0.984] — AI-вердикт: CORRECT
2025-10-13 12:19:04 [INFO] Аналитик функций ГО: AI подтвердил связь ККМКИРК-50 (ККМКИРК) → МКИРК-354 (МКИРК) [sim 0.991] — AI-вердикт: CORRECT
2025-10-13 12:19:04 [INFO] Аналитик функций ГО: AI подтвердил связь ККМКИРК-46 (ККМКИРК) → МКИРК-445 (МКИРК) [sim 0.912] — AI-вердикт: CORRECT
2025-10-13 12:19:04 [INFO] Аналитик функций ГО: AI подтвердил связь ККМКИРК-68 (ККМКИРК) → МКИРК-407 (МКИРК) [sim 0.967] — AI-вердикт: CORRECT
2025-10-13 12:19:04 [INFO] Аналитик функций ГО: AI подтвердил связь ККМКИРК-56 (ККМКИРК) → МКИРК-412 (МКИРК) [sim 0.970] — AI-вердикт: CORRECT
2025-10-13 12:19:04 [INFO] Аналитик функций ГО: AI подтвердил связь ККМКИРК-41 (ККМКИРК) → МКИРК-450 (МКИРК) [sim 1.000] — AI-вердикт: CORRECT
2025-10-13 12:19:04 [INFO] Аналитик функций ГО: AI подтвердил связь ККМКИРК-73 (ККМКИРК) → МКИРК-405 (МКИРК) [sim 0.966] — AI-вердикт: CORRECT
2025-10-13 12:19:04 [INFO] Аналитик функций ГО: AI подтвердил связь ККМКИРК-75 (ККМКИРК) → МКИРК-404 (МКИРК) [sim 0.984] — AI-вердикт: CORRECT
2025-10-13 12:19:04 [INFO] Аналитик функций ГО: AI подтвердил связь ККМКИРК-4 (ККМКИРК) → МКИРК-183 (МКИРК) [sim 0.865] — AI-вердикт: CORRECT
2025-10-13 12:19:04 [INFO] Аналитик функций ГО: AI подтвердил связь ККМКИРК-77 (ККМКИРК) → МКИРК-414 (МКИРК) [sim 0.975] — AI-вердикт: CORRECT
2025-10-13 12:19:04 [INFO] Аналитик функций ГО: AI подтвердил связь ККМКИРК-61 (ККМКИРК) → МКИРК-338 (МКИРК) [sim 0.977] — AI-вердикт: CORRECT
2025-10-13 12:19:04 [INFO] Аналитик функций ГО: AI подтвердил связь ККМКИРК-69 (ККМКИРК) → МКИРК-410 (МКИРК) [sim 0.947] — AI-вердикт: CORRECT
2025-10-13 12:19:04 [INFO] Аналитик функций ГО: AI подтвердил связь КИБМЦРИАПРК-89 (КИБМЦРИАПРК) → МЦРИАПРК-404 (МЦРИАПРК) [sim 1.000] — AI-вердикт: CORRECT
2025-10-13 12:19:04 [INFO] Аналитик функций ГО: AI подтвердил связь ККМКИРК-78 (ККМКИРК) → МКИРК-416 (МКИРК) [sim 1.000] — AI-вердикт: CORRECT
2025-10-13 12:19:04 [INFO] Аналитик функций ГО: AI подтвердил связь ККМКИРК-70 (ККМКИРК) → МКИРК-411 (МКИРК) [sim 0.942] — AI-вердикт: CORRECT
2025-10-13 12:19:04 [INFO] Аналитик функций ГО: AI подтвердил связь ККМКИРК-82 (ККМКИРК) → МКИРК-420 (МКИРК) [sim 1.000] — AI-вердикт: CORRECT
2025-10-13 12:19:04 [INFO] Аналитик функций ГО: AI подтвердил связь ККМФРК-1 (ККМФРК) → МФРК-474 (МФРК) [sim 1.000] — AI-вердикт: CORRECT
2025-10-13 12:19:04 [INFO] Аналитик функций ГО: AI подтвердил связь ККМКИРК-91 (ККМКИРК) → МКИРК-359 (МКИРК) [sim 0.982] — AI-вердикт: CORRECT
2025-10-13 12:19:04 [INFO] Аналитик функций ГО: AI подтвердил связь ККМКИРК-74 (ККМКИРК) → МКИРК-413 (МКИРК) [sim 0.990] — AI-вердикт: CORRECT
2025-10-13 12:19:04 [INFO] Аналитик функций ГО: AI подтвердил связь ККМФРК-16 (ККМФРК) → МФРК-494 (МФРК) [sim 1.000] — AI-вердикт: CORRECT
2025-10-13 12:19:04 [INFO] Аналитик функций ГО: AI подтвердил связь ККМФРК-39 (ККМФРК) → МФРК-486 (МФРК) [sim 1.000] — AI-вердикт: CORRECT
2025-10-13 12:19:04 [INFO] Аналитик функций ГО: AI подтвердил связь ККМКИРК-67 (ККМКИРК) → МКИРК-406 (МКИРК) [sim 0.985] — AI-вердикт: CORRECT
2025-10-13 12:19:04 [INFO] Аналитик функций ГО: AI подтвердил связь ККМКИРК-142 (ККМКИРК) → МКИРК-456 (МКИРК) [sim 0.881] — AI-вердикт: CORRECT
2025-10-13 12:19:04 [INFO] Аналитик функций ГО: AI подтвердил связь ККМКИРК-71 (ККМКИРК) → МКИРК-424 (МКИРК) [sim 0.974] — AI-вердикт: CORRECT
2025-10-13 12:19:04 [INFO] Аналитик функций ГО: AI подтвердил связь ККМКИРК-85 (ККМКИРК) → МКИРК-409 (МКИРК) [sim 0.963] — AI-вердикт: CORRECT
2025-10-13 12:19:04 [INFO] Аналитик функций ГО: AI подтвердил связь ККМФРК-18 (ККМФРК) → МФРК-491 (МФРК) [sim 1.000] — AI-вердикт: CORRECT
2025-10-13 12:19:04 [INFO] Аналитик функций ГО: AI подтвердил связь ККМКИРК-95 (ККМКИРК) → МКИРК-355 (МКИРК) [sim 0.981] — AI-вердикт: CORRECT
2025-10-13 12:19:04 [INFO] Аналитик функций ГО: AI подтвердил связь ККМКИРК-62 (ККМКИРК) → МКИРК-370 (МКИРК) [sim 1.000] — AI-вердикт: CORRECT
2025-10-13 12:19:04 [INFO] Аналитик функций ГО: AI подтвердил связь ККМФРК-11 (ККМФРК) → МФРК-477 (МФРК) [sim 1.000] — AI-вердикт: CORRECT
2025-10-13 12:19:04 [INFO] Аналитик функций ГО: AI подтвердил связь ККМКИРК-84 (ККМКИРК) → МКИРК-402 (МКИРК) [sim 0.972] — AI-вердикт: CORRECT
2025-10-13 12:19:04 [INFO] Аналитик функций ГО: AI подтвердил связь ККМКИРК-92 (ККМКИРК) → МКИРК-360 (МКИРК) [sim 0.969] — AI-вердикт: CORRECT
2025-10-13 12:19:04 [INFO] Аналитик функций ГО: AI подтвердил связь ККМКИРК-96 (ККМКИРК) → МКИРК-357 (МКИРК) [sim 0.972] — AI-вердикт: CORRECT
2025-10-13 12:19:04 [INFO] Аналитик функций ГО: AI подтвердил связь ККМФРК-26 (ККМФРК) → МФРК-483 (МФРК) [sim 1.000] — AI-вердикт: CORRECT
2025-10-13 12:19:04 [INFO] Аналитик функций ГО: AI подтвердил связь ККМФРК-4 (ККМФРК) → МФРК-464 (МФРК) [sim 1.000] — AI-вердикт: CORRECT
2025-10-13 12:19:04 [INFO] Аналитик функций ГО: AI подтвердил связь ККМКИРК-47 (ККМКИРК) → МКИРК-455 (МКИРК) [sim 0.983] — AI-вердикт: CORRECT
2025-10-13 12:19:04 [INFO] Аналитик функций ГО: AI подтвердил связь ККМКИРК-86 (ККМКИРК) → МКИРК-427 (МКИРК) [sim 0.988] — AI-вердикт: CORRECT
2025-10-13 12:19:04 [INFO] Аналитик функций ГО: AI подтвердил связь ККМКИРК-93 (ККМКИРК) → МКИРК-361 (МКИРК) [sim 0.961] — AI-вердикт: CORRECT
2025-10-13 12:19:04 [INFO] Аналитик функций ГО: AI подтвердил связь ККМКИРК-28 (ККМКИРК) → МКИРК-328 (МКИРК) [sim 0.958] — AI-вердикт: CORRECT
2025-10-13 12:19:04 [INFO] Аналитик функций ГО: AI подтвердил связь ККМКИРК-83 (ККМКИРК) → МКИРК-421 (МКИРК) [sim 1.000] — AI-вердикт: CORRECT
2025-10-13 12:19:04 [INFO] Аналитик функций ГО: AI подтвердил связь ККМКИРК-90 (ККМКИРК) → МКИРК-358 (МКИРК) [sim 0.984] — AI-вердикт: CORRECT
2025-10-13 12:19:04 [INFO] Аналитик функций ГО: AI подтвердил связь ККМФРК-49 (ККМФРК) → МФРК-469 (МФРК) [sim 1.000] — AI-вердикт: CORRECT
2025-10-13 12:19:04 [INFO] Аналитик функций ГО: AI подтвердил связь ККМКИРК-72 (ККМКИРК) → МКИРК-403 (МКИРК) [sim 0.987] — AI-вердикт: CORRECT
2025-10-13 12:19:04 [INFO] Аналитик функций ГО: AI подтвердил связь ККМКИРК-79 (ККМКИРК) → МКИРК-417 (МКИРК) [sim 1.000] — AI-вердикт: CORRECT
2025-10-13 12:19:04 [INFO] Аналитик функций ГО: AI подтвердил связь ККМФРК-47 (ККМФРК) → МФРК-10 (МФРК) [sim 1.000] — AI-вердикт: CORRECT
2025-10-13 12:19:04 [INFO] Аналитик функций ГО: AI подтвердил связь ККМКИРК-99 (ККМКИРК) → МКИРК-408 (МКИРК) [sim 0.877] — AI-вердикт: CORRECT
2025-10-13 12:19:04 [INFO] Аналитик функций ГО: AI подтвердил связь ККМКИРК-89 (ККМКИРК) → МКИРК-392 (МКИРК) [sim 0.975] — AI-вердикт: CORRECT
2025-10-13 12:19:04 [INFO] Аналитик функций ГО: AI подтвердил связь ККМФРК-70 (ККМФРК) → МФРК-776 (МФРК) [sim 1.000] — AI-вердикт: CORRECT
2025-10-13 12:19:04 [INFO] Аналитик функций ГО: AI подтвердил связь ККМФРК-44 (ККМФРК) → МФРК-79 (МФРК) [sim 1.000] — AI-вердикт: CORRECT
2025-10-13 12:19:04 [INFO] Аналитик функций ГО: AI подтвердил связь ККМКИРК-94 (ККМКИРК) → МКИРК-67 (МКИРК) [sim 0.880] — AI-вердикт: CORRECT
2025-10-13 12:19:04 [INFO] Аналитик функций ГО: AI подтвердил связь ККМФРК-58 (ККМФРК) → МФРК-499 (МФРК) [sim 0.966] — AI-вердикт: CORRECT
2025-10-13 12:19:04 [INFO] Аналитик функций ГО: AI подтвердил связь ККМФРК-29 (ККМФРК) → МФРК-471 (МФРК) [sim 0.849] — AI-вердикт: CORRECT
2025-10-13 12:19:04 [INFO] Аналитик функций ГО: AI подтвердил связь ККМФРК-57 (ККМФРК) → МФРК-496 (МФРК) [sim 0.974] — AI-вердикт: CORRECT
2025-10-13 12:19:04 [INFO] Аналитик функций ГО: AI подтвердил связь ККМФРК-13 (ККМФРК) → МФРК-479 (МФРК) [sim 0.860] — AI-вердикт: CORRECT
2025-10-13 12:19:04 [INFO] Аналитик функций ГО: AI подтвердил связь ККМФРК-86 (ККМФРК) → МФРК-42 (МФРК) [sim 1.000] — AI-вердикт: CORRECT
2025-10-13 12:19:04 [INFO] Аналитик функций ГО: AI подтвердил связь ККМФРК-34 (ККМФРК) → МФРК-467 (МФРК) [sim 0.748] — AI-вердикт: CORRECT
2025-10-13 12:19:04 [INFO] Аналитик функций ГО: AI подтвердил связь ККМКИРК-42 (ККМКИРК) → МКИРК-451 (МКИРК) [sim 0.954] — AI-вердикт: CORRECT
2025-10-13 12:19:04 [INFO] Аналитик функций ГО: AI подтвердил связь ККМФРК-63 (ККМФРК) → МФРК-501 (МФРК) [sim 1.000] — AI-вердикт: CORRECT
2025-10-13 12:19:04 [INFO] Аналитик функций ГО: AI подтвердил связь ККМФРК-78 (ККМФРК) → МФРК-783 (МФРК) [sim 1.000] — AI-вердикт: CORRECT
2025-10-13 12:19:04 [INFO] Аналитик функций ГО: AI подтвердил связь ККМФРК-69 (ККМФРК) → МФРК-504 (МФРК) [sim 1.000] — AI-вердикт: CORRECT
2025-10-13 12:19:04 [INFO] Аналитик функций ГО: AI подтвердил связь ККМФРК-38 (ККМФРК) → МФРК-932 (МФРК) [sim 0.668] — AI-вердикт: CORRECT
2025-10-13 12:19:04 [INFO] Аналитик функций ГО: AI подтвердил связь ККМФРК-17 (ККМФРК) → МФРК-488 (МФРК) [sim 0.765] — AI-вердикт: CORRECT
2025-10-13 12:19:04 [INFO] Аналитик функций ГО: AI подтвердил связь ККМФРК-82 (ККМФРК) → МФРК-779 (МФРК) [sim 1.000] — AI-вердикт: CORRECT
2025-10-13 12:19:04 [INFO] Аналитик функций ГО: AI подтвердил связь ККМФРК-84 (ККМФРК) → МФРК-622 (МФРК) [sim 1.000] — AI-вердикт: CORRECT
2025-10-13 12:19:04 [INFO] Аналитик функций ГО: AI подтвердил связь ККМФРК-92 (ККМФРК) → МФРК-1078 (МФРК) [sim 1.000] — AI-вердикт: CORRECT
2025-10-13 12:19:04 [INFO] Аналитик функций ГО: AI подтвердил связь ККМФРК-88 (ККМФРК) → МФРК-91 (МФРК) [sim 1.000] — AI-вердикт: CORRECT
2025-10-13 12:19:04 [INFO] Аналитик функций ГО: AI подтвердил связь ККМКИРК-144 (ККМКИРК) → МКИРК-458 (МКИРК) [sim 0.884] — AI-вердикт: CORRECT
2025-10-13 12:19:04 [INFO] Аналитик функций ГО: AI подтвердил связь ККМФРК-8 (ККМФРК) → МФРК-475 (МФРК) [sim 1.000] — AI-вердикт: CORRECT
2025-10-13 12:19:04 [INFO] Аналитик функций ГО: AI подтвердил связь ККМФРК-90 (ККМФРК) → МФРК-109 (МФРК) [sim 1.000] — AI-вердикт: CORRECT
2025-10-13 12:19:04 [INFO] Аналитик функций ГО: AI подтвердил связь КЛХЖММЭПРРК-100 (КЛХЖММЭПРРК) → МЭПРРК-63 (МЭПРРК) [sim 1.000] — AI-вердикт: CORRECT
2025-10-13 12:19:04 [INFO] Аналитик функций ГО: AI подтвердил связь КЛХЖММЭПРРК-106 (КЛХЖММЭПРРК) → МЭПРРК-297 (МЭПРРК) [sim 1.000] — AI-вердикт: CORRECT
2025-10-13 12:19:04 [INFO] Аналитик функций ГО: AI подтвердил связь КЛХЖММЭПРРК-1 (КЛХЖММЭПРРК) → МЭПРРК-440 (МЭПРРК) [sim 1.000] — AI-вердикт: CORRECT
2025-10-13 12:19:04 [INFO] Аналитик функций ГО: AI подтвердил связь ККМФРК-40 (ККМФРК) → МФРК-467 (МФРК) [sim 0.674] — AI-вердикт: CORRECT
2025-10-13 12:19:04 [INFO] Аналитик функций ГО: AI подтвердил связь КЛХЖММЭПРРК-119 (КЛХЖММЭПРРК) → МЭПРРК-249 (МЭПРРК) [sim 1.000] — AI-вердикт: CORRECT
2025-10-13 12:19:04 [INFO] Аналитик функций ГО: AI подтвердил связь ККМФРК-36 (ККМФРК) → МФРК-487 (МФРК) [sim 0.777] — AI-вердикт: CORRECT
2025-10-13 12:19:04 [INFO] Аналитик функций ГО: AI подтвердил связь ККМФРК-77 (ККМФРК) → МФРК-777-7 (МФРК) [sim 0.741] — AI-вердикт: CORRECT
2025-10-13 12:19:04 [INFO] Аналитик функций ГО: AI подтвердил связь КЛХЖММЭПРРК-107 (КЛХЖММЭПРРК) → МЭПРРК-298 (МЭПРРК) [sim 1.000] — AI-вердикт: CORRECT
2025-10-13 12:19:04 [INFO] Аналитик функций ГО: AI подтвердил связь ККМФРК-51 (ККМФРК) → МФРК-906 (МФРК) [sim 0.699] — AI-вердикт: CORRECT
2025-10-13 12:19:04 [INFO] Аналитик функций ГО: AI подтвердил связь ККМФРК-80 (ККМФРК) → МФРК-778 (МФРК) [sim 1.000] — AI-вердикт: CORRECT
2025-10-13 12:19:04 [INFO] Аналитик функций ГО: AI подтвердил связь КЛХЖММЭПРРК-102 (КЛХЖММЭПРРК) → МЭПРРК-293 (МЭПРРК) [sim 1.000] — AI-вердикт: CORRECT
2025-10-13 12:19:04 [INFO] Аналитик функций ГО: AI подтвердил связь ККМФРК-53 (ККМФРК) → МФРК-495 (МФРК) [sim 0.672] — AI-вердикт: CORRECT
2025-10-13 12:19:04 [INFO] Аналитик функций ГО: AI подтвердил связь КЛХЖММЭПРРК-10 (КЛХЖММЭПРРК) → МЭПРРК-454 (МЭПРРК) [sim 1.000] — AI-вердикт: CORRECT
2025-10-13 12:19:04 [INFO] Аналитик функций ГО: AI подтвердил связь ККМФРК-71 (ККМФРК) → МФРК-777-1 (МФРК) [sim 0.785] — AI-вердикт: CORRECT
2025-10-13 12:19:04 [INFO] Аналитик функций ГО: AI подтвердил связь КЛХЖММЭПРРК-111 (КЛХЖММЭПРРК) → МЭПРРК-305 (МЭПРРК) [sim 1.000] — AI-вердикт: CORRECT
2025-10-13 12:19:04 [INFO] Аналитик функций ГО: AI подтвердил связь ККМКИРК-27 (ККМКИРК) → МКИРК-385 (МКИРК) [sim 0.956] — AI-вердикт: CORRECT
2025-10-13 12:19:04 [INFO] Аналитик функций ГО: AI подтвердил связь КЛХЖММЭПРРК-109 (КЛХЖММЭПРРК) → МЭПРРК-300 (МЭПРРК) [sim 1.000] — AI-вердикт: CORRECT
2025-10-13 12:19:04 [INFO] Аналитик функций ГО: AI подтвердил связь КЛХЖММЭПРРК-124 (КЛХЖММЭПРРК) → МЭПРРК-256 (МЭПРРК) [sim 1.000] — AI-вердикт: CORRECT
2025-10-13 12:19:04 [INFO] Аналитик функций ГО: AI подтвердил связь КЛХЖММЭПРРК-128 (КЛХЖММЭПРРК) → МЭПРРК-260 (МЭПРРК) [sim 1.000] — AI-вердикт: CORRECT
2025-10-13 12:19:04 [INFO] Аналитик функций ГО: AI подтвердил связь ККМФРК-22 (ККМФРК) → МФРК-479 (МФРК) [sim 0.798] — AI-вердикт: CORRECT
2025-10-13 12:19:04 [INFO] Аналитик функций ГО: AI подтвердил связь ККМФРК-72 (ККМФРК) → МФРК-777-2 (МФРК) [sim 0.858] — AI-вердикт: CORRECT
2025-10-13 12:19:04 [INFO] Аналитик функций ГО: AI подтвердил связь ККМФРК-92-1 (ККМФРК) → МФРК-1078 (МФРК) [sim 1.000] — AI-вердикт: CORRECT
2025-10-13 12:19:04 [INFO] Аналитик функций ГО: AI подтвердил связь КЛХЖММЭПРРК-104 (КЛХЖММЭПРРК) → МЭПРРК-295 (МЭПРРК) [sim 1.000] — AI-вердикт: CORRECT
2025-10-13 12:19:04 [INFO] Аналитик функций ГО: AI подтвердил связь КЛХЖММЭПРРК-123 (КЛХЖММЭПРРК) → МЭПРРК-255 (МЭПРРК) [sim 1.000] — AI-вердикт: CORRECT
2025-10-13 12:19:04 [INFO] Аналитик функций ГО: AI подтвердил связь КЛХЖММЭПРРК-12 (КЛХЖММЭПРРК) → МЭПРРК-456 (МЭПРРК) [sim 1.000] — AI-вердикт: CORRECT
2025-10-13 12:19:04 [INFO] Аналитик функций ГО: AI подтвердил связь КЛХЖММЭПРРК-110 (КЛХЖММЭПРРК) → МЭПРРК-304 (МЭПРРК) [sim 1.000] — AI-вердикт: CORRECT
2025-10-13 12:19:04 [INFO] Аналитик функций ГО: AI подтвердил связь КЛХЖММЭПРРК-121 (КЛХЖММЭПРРК) → МЭПРРК-252 (МЭПРРК) [sim 1.000] — AI-вердикт: CORRECT
2025-10-13 12:19:04 [INFO] Аналитик функций ГО: AI подтвердил связь КЛХЖММЭПРРК-113 (КЛХЖММЭПРРК) → МЭПРРК-307 (МЭПРРК) [sim 1.000] — AI-вердикт: CORRECT
2025-10-13 12:19:04 [INFO] Аналитик функций ГО: AI подтвердил связь КЛХЖММЭПРРК-114 (КЛХЖММЭПРРК) → МЭПРРК-434 (МЭПРРК) [sim 1.000] — AI-вердикт: CORRECT
2025-10-13 12:19:04 [INFO] Аналитик функций ГО: AI подтвердил связь КЛХЖММЭПРРК-120 (КЛХЖММЭПРРК) → МЭПРРК-251 (МЭПРРК) [sim 1.000] — AI-вердикт: CORRECT
2025-10-13 12:19:04 [INFO] Аналитик функций ГО: AI подтвердил связь ККМФРК-89 (ККМФРК) → МФРК-92 (МФРК) [sim 1.000] — AI-вердикт: CORRECT
2025-10-13 12:19:04 [INFO] Аналитик функций ГО: AI подтвердил связь КЛХЖММЭПРРК-103 (КЛХЖММЭПРРК) → МЭПРРК-294 (МЭПРРК) [sim 1.000] — AI-вердикт: CORRECT
2025-10-13 12:19:04 [INFO] Аналитик функций ГО: AI подтвердил связь КЛХЖММЭПРРК-122 (КЛХЖММЭПРРК) → МЭПРРК-253 (МЭПРРК) [sim 1.000] — AI-вердикт: CORRECT
2025-10-13 12:19:04 [INFO] Аналитик функций ГО: AI подтвердил связь ККМФРК-45 (ККМФРК) → МФРК-22 (МФРК) [sim 0.820] — AI-вердикт: CORRECT
2025-10-13 12:19:04 [INFO] Аналитик функций ГО: AI подтвердил связь КЛХЖММЭПРРК-112 (КЛХЖММЭПРРК) → МЭПРРК-306 (МЭПРРК) [sim 1.000] — AI-вердикт: CORRECT
2025-10-13 12:19:04 [INFO] Аналитик функций ГО: AI подтвердил связь КЛХЖММЭПРРК-108 (КЛХЖММЭПРРК) → МЭПРРК-299 (МЭПРРК) [sim 1.000] — AI-вердикт: CORRECT
2025-10-13 12:19:04 [INFO] Аналитик функций ГО: AI подтвердил связь КЛХЖММЭПРРК-126 (КЛХЖММЭПРРК) → МЭПРРК-258 (МЭПРРК) [sim 1.000] — AI-вердикт: CORRECT
2025-10-13 12:19:04 [INFO] Аналитик функций ГО: AI подтвердил связь КЛХЖММЭПРРК-125 (КЛХЖММЭПРРК) → МЭПРРК-257 (МЭПРРК) [sim 1.000] — AI-вердикт: CORRECT
2025-10-13 12:19:04 [INFO] Аналитик функций ГО: AI подтвердил связь КЛХЖММЭПРРК-115 (КЛХЖММЭПРРК) → МЭПРРК-482 (МЭПРРК) [sim 1.000] — AI-вердикт: CORRECT
2025-10-13 12:19:04 [INFO] Аналитик функций ГО: AI подтвердил связь КЛХЖММЭПРРК-105 (КЛХЖММЭПРРК) → МЭПРРК-296 (МЭПРРК) [sim 1.000] — AI-вердикт: CORRECT
2025-10-13 12:19:04 [INFO] Аналитик функций ГО: AI подтвердил связь КЛХЖММЭПРРК-117 (КЛХЖММЭПРРК) → МЭПРРК-195 (МЭПРРК) [sim 1.000] — AI-вердикт: CORRECT
2025-10-13 12:19:04 [INFO] Аналитик функций ГО: AI подтвердил связь ККМФРК-91 (ККМФРК) → МФРК-150 (МФРК) [sim 0.946] — AI-вердикт: CORRECT
2025-10-13 12:19:04 [INFO] Аналитик функций ГО: AI подтвердил связь КЛХЖММЭПРРК-140 (КЛХЖММЭПРРК) → МЭПРРК-275 (МЭПРРК) [sim 1.000] — AI-вердикт: CORRECT
2025-10-13 12:19:04 [INFO] Аналитик функций ГО: AI подтвердил связь КЛХЖММЭПРРК-129 (КЛХЖММЭПРРК) → МЭПРРК-262 (МЭПРРК) [sim 1.000] — AI-вердикт: CORRECT
2025-10-13 12:19:04 [INFO] Аналитик функций ГО: AI подтвердил связь КЛХЖММЭПРРК-142 (КЛХЖММЭПРРК) → МЭПРРК-277 (МЭПРРК) [sim 1.000] — AI-вердикт: CORRECT
2025-10-13 12:19:04 [INFO] Аналитик функций ГО: AI подтвердил связь КЛХЖММЭПРРК-131 (КЛХЖММЭПРРК) → МЭПРРК-265 (МЭПРРК) [sim 1.000] — AI-вердикт: CORRECT
2025-10-13 12:19:04 [INFO] Аналитик функций ГО: AI подтвердил связь КЛХЖММЭПРРК-133 (КЛХЖММЭПРРК) → МЭПРРК-267 (МЭПРРК) [sim 1.000] — AI-вердикт: CORRECT
2025-10-13 12:19:04 [INFO] Аналитик функций ГО: AI подтвердил связь КЛХЖММЭПРРК-145 (КЛХЖММЭПРРК) → МЭПРРК-280 (МЭПРРК) [sim 1.000] — AI-вердикт: CORRECT
2025-10-13 12:19:04 [INFO] Аналитик функций ГО: AI подтвердил связь КЛХЖММЭПРРК-127 (КЛХЖММЭПРРК) → МЭПРРК-259 (МЭПРРК) [sim 1.000] — AI-вердикт: CORRECT
2025-10-13 12:19:04 [INFO] Аналитик функций ГО: AI подтвердил связь КЛХЖММЭПРРК-149 (КЛХЖММЭПРРК) → МЭПРРК-486 (МЭПРРК) [sim 1.000] — AI-вердикт: CORRECT
2025-10-13 12:19:04 [INFO] Аналитик функций ГО: AI подтвердил связь КЛХЖММЭПРРК-130 (КЛХЖММЭПРРК) → МЭПРРК-263 (МЭПРРК) [sim 1.000] — AI-вердикт: CORRECT
2025-10-13 12:19:04 [INFO] Аналитик функций ГО: AI подтвердил связь ККМФРК-66 (ККМФРК) → МФРК-905 (МФРК) [sim 0.650] — AI-вердикт: CORRECT
2025-10-13 12:19:04 [INFO] Аналитик функций ГО: AI подтвердил связь КЛХЖММЭПРРК-136 (КЛХЖММЭПРРК) → МЭПРРК-271 (МЭПРРК) [sim 1.000] — AI-вердикт: CORRECT
2025-10-13 12:19:04 [INFO] Аналитик функций ГО: AI подтвердил связь КЛХЖММЭПРРК-11 (КЛХЖММЭПРРК) → МЭПРРК-455 (МЭПРРК) [sim 1.000] — AI-вердикт: CORRECT
2025-10-13 12:19:04 [INFO] Аналитик функций ГО: AI подтвердил связь КЛХЖММЭПРРК-134 (КЛХЖММЭПРРК) → МЭПРРК-269 (МЭПРРК) [sim 1.000] — AI-вердикт: CORRECT
2025-10-13 12:19:04 [INFO] Аналитик функций ГО: AI подтвердил связь КЛХЖММЭПРРК-14 (КЛХЖММЭПРРК) → МЭПРРК-459 (МЭПРРК) [sim 1.000] — AI-вердикт: CORRECT
2025-10-13 12:19:04 [INFO] Аналитик функций ГО: AI подтвердил связь КЛХЖММЭПРРК-132 (КЛХЖММЭПРРК) → МЭПРРК-266 (МЭПРРК) [sim 1.000] — AI-вердикт: CORRECT
2025-10-13 12:19:04 [INFO] Аналитик функций ГО: AI подтвердил связь КЛХЖММЭПРРК-147 (КЛХЖММЭПРРК) → МЭПРРК-485 (МЭПРРК) [sim 1.000] — AI-вердикт: CORRECT
2025-10-13 12:19:04 [INFO] Аналитик функций ГО: AI подтвердил связь КЛХЖММЭПРРК-135 (КЛХЖММЭПРРК) → МЭПРРК-270 (МЭПРРК) [sim 1.000] — AI-вердикт: CORRECT
2025-10-13 12:19:04 [INFO] Аналитик функций ГО: AI подтвердил связь КЛХЖММЭПРРК-160 (КЛХЖММЭПРРК) → МЭПРРК-496 (МЭПРРК) [sim 1.000] — AI-вердикт: CORRECT
2025-10-13 12:19:04 [INFO] Аналитик функций ГО: AI подтвердил связь КЛХЖММЭПРРК-148 (КЛХЖММЭПРРК) → МЭПРРК-483 (МЭПРРК) [sim 1.000] — AI-вердикт: CORRECT
2025-10-13 12:19:04 [INFO] Аналитик функций ГО: AI подтвердил связь КЛХЖММЭПРРК-138 (КЛХЖММЭПРРК) → МЭПРРК-273 (МЭПРРК) [sim 1.000] — AI-вердикт: CORRECT
2025-10-13 12:19:04 [INFO] Аналитик функций ГО: AI подтвердил связь КЛХЖММЭПРРК-137 (КЛХЖММЭПРРК) → МЭПРРК-272 (МЭПРРК) [sim 1.000] — AI-вердикт: CORRECT
2025-10-13 12:19:04 [INFO] Аналитик функций ГО: AI подтвердил связь КЛХЖММЭПРРК-150 (КЛХЖММЭПРРК) → МЭПРРК-487 (МЭПРРК) [sim 1.000] — AI-вердикт: CORRECT
2025-10-13 12:19:04 [INFO] Аналитик функций ГО: AI подтвердил связь ККМКИРК-9 (ККМКИРК) → МКИРК-71 (МКИРК) [sim 0.896] — AI-вердикт: CORRECT
2025-10-13 12:19:04 [INFO] Аналитик функций ГО: AI подтвердил связь КЛХЖММЭПРРК-163 (КЛХЖММЭПРРК) → МЭПРРК-500 (МЭПРРК) [sim 1.000] — AI-вердикт: CORRECT
2025-10-13 12:19:04 [INFO] Аналитик функций ГО: AI подтвердил связь КЛХЖММЭПРРК-152 (КЛХЖММЭПРРК) → МЭПРРК-581 (МЭПРРК) [sim 1.000] — AI-вердикт: CORRECT
2025-10-13 12:19:04 [INFO] Аналитик функций ГО: AI подтвердил связь КЛХЖММЭПРРК-157 (КЛХЖММЭПРРК) → МЭПРРК-493 (МЭПРРК) [sim 1.000] — AI-вердикт: CORRECT
2025-10-13 12:19:04 [INFO] Аналитик функций ГО: AI подтвердил связь КЛХЖММЭПРРК-143 (КЛХЖММЭПРРК) → МЭПРРК-278 (МЭПРРК) [sim 1.000] — AI-вердикт: CORRECT
2025-10-13 12:19:04 [INFO] Аналитик функций ГО: AI подтвердил связь КЛХЖММЭПРРК-156 (КЛХЖММЭПРРК) → МЭПРРК-492 (МЭПРРК) [sim 1.000] — AI-вердикт: CORRECT
2025-10-13 12:19:04 [INFO] Аналитик функций ГО: AI подтвердил связь КЛХЖММЭПРРК-167 (КЛХЖММЭПРРК) → МЭПРРК-505 (МЭПРРК) [sim 1.000] — AI-вердикт: CORRECT
2025-10-13 12:19:04 [INFO] Аналитик функций ГО: AI подтвердил связь КЛХЖММЭПРРК-182 (КЛХЖММЭПРРК) → МЭПРРК-595 (МЭПРРК) [sim 1.000] — AI-вердикт: CORRECT
2025-10-13 12:19:04 [INFO] Аналитик функций ГО: AI подтвердил связь КЛХЖММЭПРРК-144 (КЛХЖММЭПРРК) → МЭПРРК-279 (МЭПРРК) [sim 1.000] — AI-вердикт: CORRECT
2025-10-13 12:19:04 [INFO] Аналитик функций ГО: AI подтвердил связь КЛХЖММЭПРРК-159 (КЛХЖММЭПРРК) → МЭПРРК-495 (МЭПРРК) [sim 1.000] — AI-вердикт: CORRECT
2025-10-13 12:19:04 [INFO] Аналитик функций ГО: AI подтвердил связь КЛХЖММЭПРРК-139 (КЛХЖММЭПРРК) → МЭПРРК-274 (МЭПРРК) [sim 1.000] — AI-вердикт: CORRECT
2025-10-13 12:19:04 [INFO] Аналитик функций ГО: AI подтвердил связь КЛХЖММЭПРРК-153 (КЛХЖММЭПРРК) → МЭПРРК-489 (МЭПРРК) [sim 1.000] — AI-вердикт: CORRECT
2025-10-13 12:19:04 [INFO] Аналитик функций ГО: AI подтвердил связь КЛХЖММЭПРРК-170 (КЛХЖММЭПРРК) → МЭПРРК-583 (МЭПРРК) [sim 1.000] — AI-вердикт: CORRECT
2025-10-13 12:19:04 [INFO] Аналитик функций ГО: AI подтвердил связь КЛХЖММЭПРРК-158 (КЛХЖММЭПРРК) → МЭПРРК-494 (МЭПРРК) [sim 1.000] — AI-вердикт: CORRECT
2025-10-13 12:19:04 [INFO] Аналитик функций ГО: AI подтвердил связь КЛХЖММЭПРРК-180 (КЛХЖММЭПРРК) → МЭПРРК-593 (МЭПРРК) [sim 1.000] — AI-вердикт: CORRECT
2025-10-13 12:19:04 [INFO] Аналитик функций ГО: AI подтвердил связь КЛХЖММЭПРРК-183 (КЛХЖММЭПРРК) → МЭПРРК-154 (МЭПРРК) [sim 1.000] — AI-вердикт: CORRECT
2025-10-13 12:19:04 [INFO] Аналитик функций ГО: AI подтвердил связь КЛХЖММЭПРРК-175 (КЛХЖММЭПРРК) → МЭПРРК-588 (МЭПРРК) [sim 1.000] — AI-вердикт: CORRECT
2025-10-13 12:19:04 [INFO] Аналитик функций ГО: AI подтвердил связь КЛХЖММЭПРРК-161 (КЛХЖММЭПРРК) → МЭПРРК-497 (МЭПРРК) [sim 1.000] — AI-вердикт: CORRECT
2025-10-13 12:19:04 [INFO] Аналитик функций ГО: AI подтвердил связь КЛХЖММЭПРРК-162 (КЛХЖММЭПРРК) → МЭПРРК-499 (МЭПРРК) [sim 1.000] — AI-вердикт: CORRECT
2025-10-13 12:19:04 [INFO] Аналитик функций ГО: AI подтвердил связь КЛХЖММЭПРРК-151 (КЛХЖММЭПРРК) → МЭПРРК-153 (МЭПРРК) [sim 0.982] — AI-вердикт: CORRECT
2025-10-13 12:19:04 [INFO] Аналитик функций ГО: AI подтвердил связь КЛХЖММЭПРРК-146 (КЛХЖММЭПРРК) → МЭПРРК-281 (МЭПРРК) [sim 1.000] — AI-вердикт: CORRECT
2025-10-13 12:19:04 [INFO] Аналитик функций ГО: AI подтвердил связь КЛХЖММЭПРРК-196 (КЛХЖММЭПРРК) → МЭПРРК-194 (МЭПРРК) [sim 1.000] — AI-вердикт: CORRECT
2025-10-13 12:19:04 [INFO] Аналитик функций ГО: AI подтвердил связь ККМФРК-76 (ККМФРК) → МФРК-777-6 (МФРК) [sim 0.868] — AI-вердикт: CORRECT
2025-10-13 12:19:04 [INFO] Аналитик функций ГО: AI подтвердил связь КЛХЖММЭПРРК-16 (КЛХЖММЭПРРК) → МЭПРРК-461 (МЭПРРК) [sim 0.903] — AI-вердикт: CORRECT
2025-10-13 12:19:04 [INFO] Аналитик функций ГО: AI подтвердил связь КЛХЖММЭПРРК-191 (КЛХЖММЭПРРК) → МЭПРРК-283 (МЭПРРК) [sim 1.000] — AI-вердикт: CORRECT
2025-10-13 12:19:04 [INFO] Аналитик функций ГО: AI подтвердил связь ККМФРК-12 (ККМФРК) → МФРК-480 (МФРК) [sim 0.859] — AI-вердикт: CORRECT
2025-10-13 12:19:04 [INFO] Аналитик функций ГО: AI подтвердил связь КЛХЖММЭПРРК-184 (КЛХЖММЭПРРК) → МЭПРРК-172 (МЭПРРК) [sim 1.000] — AI-вердикт: CORRECT
2025-10-13 12:19:04 [INFO] Аналитик функций ГО: AI подтвердил связь КЛХЖММЭПРРК-179 (КЛХЖММЭПРРК) → МЭПРРК-592 (МЭПРРК) [sim 1.000] — AI-вердикт: CORRECT
2025-10-13 12:19:04 [INFO] Аналитик функций ГО: AI подтвердил связь КЛХЖММЭПРРК-176 (КЛХЖММЭПРРК) → МЭПРРК-589 (МЭПРРК) [sim 1.000] — AI-вердикт: CORRECT
2025-10-13 12:19:04 [INFO] Аналитик функций ГО: AI подтвердил связь КЛХЖММЭПРРК-205 (КЛХЖММЭПРРК) → МЭПРРК-606 (МЭПРРК) [sim 1.000] — AI-вердикт: CORRECT
2025-10-13 12:19:04 [INFO] Аналитик функций ГО: AI подтвердил связь КЛХЖММЭПРРК-198 (КЛХЖММЭПРРК) → МЭПРРК-156 (МЭПРРК) [sim 1.000] — AI-вердикт: CORRECT
2025-10-13 12:19:04 [INFO] Аналитик функций ГО: AI подтвердил связь КЛХЖММЭПРРК-155 (КЛХЖММЭПРРК) → МЭПРРК-491 (МЭПРРК) [sim 1.000] — AI-вердикт: CORRECT
2025-10-13 12:19:04 [INFO] Аналитик функций ГО: AI подтвердил связь КЛХЖММЭПРРК-15 (КЛХЖММЭПРРК) → МЭПРРК-460 (МЭПРРК) [sim 1.000] — AI-вердикт: CORRECT
2025-10-13 12:19:04 [INFO] Аналитик функций ГО: AI подтвердил связь КЛХЖММЭПРРК-173 (КЛХЖММЭПРРК) → МЭПРРК-586 (МЭПРРК) [sim 1.000] — AI-вердикт: CORRECT
2025-10-13 12:19:04 [INFO] Аналитик функций ГО: AI подтвердил связь КЛХЖММЭПРРК-185 (КЛХЖММЭПРРК) → МЭПРРК-173 (МЭПРРК) [sim 1.000] — AI-вердикт: CORRECT
2025-10-13 12:19:04 [INFO] Аналитик функций ГО: AI подтвердил связь КЛХЖММЭПРРК-188 (КЛХЖММЭПРРК) → МЭПРРК-286 (МЭПРРК) [sim 1.000] — AI-вердикт: CORRECT
2025-10-13 12:19:04 [INFO] Аналитик функций ГО: AI подтвердил связь КЛХЖММЭПРРК-168 (КЛХЖММЭПРРК) → МЭПРРК-457 (МЭПРРК) [sim 1.000] — AI-вердикт: CORRECT
2025-10-13 12:19:04 [INFO] Аналитик функций ГО: AI подтвердил связь КЛХЖММЭПРРК-192 (КЛХЖММЭПРРК) → МЭПРРК-291 (МЭПРРК) [sim 1.000] — AI-вердикт: CORRECT
2025-10-13 12:19:04 [INFO] Аналитик функций ГО: AI подтвердил связь КЛХЖММЭПРРК-193 (КЛХЖММЭПРРК) → МЭПРРК-292 (МЭПРРК) [sim 1.000] — AI-вердикт: CORRECT
2025-10-13 12:19:04 [INFO] Аналитик функций ГО: AI подтвердил связь КЛХЖММЭПРРК-187 (КЛХЖММЭПРРК) → МЭПРРК-182 (МЭПРРК) [sim 1.000] — AI-вердикт: CORRECT
2025-10-13 12:19:04 [INFO] Аналитик функций ГО: AI подтвердил связь КЛХЖММЭПРРК-178 (КЛХЖММЭПРРК) → МЭПРРК-591 (МЭПРРК) [sim 1.000] — AI-вердикт: CORRECT
2025-10-13 12:19:04 [INFO] Аналитик функций ГО: AI подтвердил связь КЛХЖММЭПРРК-210 (КЛХЖММЭПРРК) → МЭПРРК-611 (МЭПРРК) [sim 1.000] — AI-вердикт: CORRECT
2025-10-13 12:19:04 [INFO] Аналитик функций ГО: AI подтвердил связь КЛХЖММЭПРРК-13 (КЛХЖММЭПРРК) → МЭПРРК-458 (МЭПРРК) [sim 1.000] — AI-вердикт: CORRECT
2025-10-13 12:19:04 [INFO] Аналитик функций ГО: AI подтвердил связь КЛХЖММЭПРРК-202 (КЛХЖММЭПРРК) → МЭПРРК-178 (МЭПРРК) [sim 1.000] — AI-вердикт: CORRECT
2025-10-13 12:19:04 [INFO] Аналитик функций ГО: AI подтвердил связь КЛХЖММЭПРРК-22 (КЛХЖММЭПРРК) → МЭПРРК-466 (МЭПРРК) [sim 1.000] — AI-вердикт: CORRECT
2025-10-13 12:19:04 [INFO] Аналитик функций ГО: AI подтвердил связь КЛХЖММЭПРРК-177 (КЛХЖММЭПРРК) → МЭПРРК-590 (МЭПРРК) [sim 1.000] — AI-вердикт: CORRECT
2025-10-13 12:19:04 [INFO] Аналитик функций ГО: AI подтвердил связь КЛХЖММЭПРРК-19 (КЛХЖММЭПРРК) → МЭПРРК-464 (МЭПРРК) [sim 1.000] — AI-вердикт: CORRECT
2025-10-13 12:19:04 [INFO] Аналитик функций ГО: AI подтвердил связь КЛХЖММЭПРРК-18 (КЛХЖММЭПРРК) → МЭПРРК-463 (МЭПРРК) [sim 0.979] — AI-вердикт: CORRECT
2025-10-13 12:19:04 [INFO] Аналитик функций ГО: AI подтвердил связь КЛХЖММЭПРРК-211 (КЛХЖММЭПРРК) → МЭПРРК-321 (МЭПРРК) [sim 1.000] — AI-вердикт: CORRECT
2025-10-13 12:19:04 [INFO] Аналитик функций ГО: AI подтвердил связь КЛХЖММЭПРРК-204 (КЛХЖММЭПРРК) → МЭПРРК-264 (МЭПРРК) [sim 1.000] — AI-вердикт: CORRECT
2025-10-13 12:19:04 [INFO] Аналитик функций ГО: AI подтвердил связь КЛХЖММЭПРРК-172 (КЛХЖММЭПРРК) → МЭПРРК-585 (МЭПРРК) [sim 1.000] — AI-вердикт: CORRECT
2025-10-13 12:19:04 [INFO] Аналитик функций ГО: AI подтвердил связь ККМФРК-32 (ККМФРК) → МФРК-24 (МФРК) [sim 0.857] — AI-вердикт: CORRECT
2025-10-13 12:19:04 [INFO] Аналитик функций ГО: AI подтвердил связь КЛХЖММЭПРРК-154 (КЛХЖММЭПРРК) → МЭПРРК-490 (МЭПРРК) [sim 1.000] — AI-вердикт: CORRECT
2025-10-13 12:19:04 [INFO] Аналитик функций ГО: AI подтвердил связь КЛХЖММЭПРРК-220 (КЛХЖММЭПРРК) → МЭПРРК-32 (МЭПРРК) [sim 1.000] — AI-вердикт: CORRECT
2025-10-13 12:19:04 [INFO] Аналитик функций ГО: AI подтвердил связь КЛХЖММЭПРРК-203 (КЛХЖММЭПРРК) → МЭПРРК-179 (МЭПРРК) [sim 1.000] — AI-вердикт: CORRECT
2025-10-13 12:19:04 [INFO] Аналитик функций ГО: AI подтвердил связь КЛХЖММЭПРРК-171 (КЛХЖММЭПРРК) → МЭПРРК-584 (МЭПРРК) [sim 0.985] — AI-вердикт: CORRECT
2025-10-13 12:19:04 [INFO] Аналитик функций ГО: AI подтвердил связь КЛХЖММЭПРРК-174 (КЛХЖММЭПРРК) → МЭПРРК-587 (МЭПРРК) [sim 1.000] — AI-вердикт: CORRECT
2025-10-13 12:19:04 [INFO] Аналитик функций ГО: AI подтвердил связь КЛХЖММЭПРРК-219 (КЛХЖММЭПРРК) → МЭПРРК-313 (МЭПРРК) [sim 1.000] — AI-вердикт: CORRECT
2025-10-13 12:19:04 [INFO] Аналитик функций ГО: AI подтвердил связь КЛХЖММЭПРРК-194 (КЛХЖММЭПРРК) → МЭПРРК-184 (МЭПРРК) [sim 1.000] — AI-вердикт: CORRECT
2025-10-13 12:19:04 [INFO] Аналитик функций ГО: AI подтвердил связь КЛХЖММЭПРРК-141 (КЛХЖММЭПРРК) → МЭПРРК-276 (МЭПРРК) [sim 1.000] — AI-вердикт: CORRECT
2025-10-13 12:19:04 [INFO] Аналитик функций ГО: AI подтвердил связь КЛХЖММЭПРРК-21 (КЛХЖММЭПРРК) → МЭПРРК-465 (МЭПРРК) [sim 1.000] — AI-вердикт: CORRECT
2025-10-13 12:19:04 [INFO] Аналитик функций ГО: AI подтвердил связь КЛХЖММЭПРРК-209 (КЛХЖММЭПРРК) → МЭПРРК-610 (МЭПРРК) [sim 1.000] — AI-вердикт: CORRECT
2025-10-13 12:19:04 [INFO] Аналитик функций ГО: AI подтвердил связь КЛХЖММЭПРРК-190 (КЛХЖММЭПРРК) → МЭПРРК-288 (МЭПРРК) [sim 1.000] — AI-вердикт: CORRECT
2025-10-13 12:19:04 [INFO] Аналитик функций ГО: AI подтвердил связь КЛХЖММЭПРРК-201 (КЛХЖММЭПРРК) → МЭПРРК-177 (МЭПРРК) [sim 1.000] — AI-вердикт: CORRECT
2025-10-13 12:19:04 [INFO] Аналитик функций ГО: AI подтвердил связь КЛХЖММЭПРРК-2 (КЛХЖММЭПРРК) → МЭПРРК-200 (МЭПРРК) [sim 1.000] — AI-вердикт: CORRECT
2025-10-13 12:19:04 [INFO] Аналитик функций ГО: AI подтвердил связь КЛХЖММЭПРРК-223 (КЛХЖММЭПРРК) → МЭПРРК-319 (МЭПРРК) [sim 1.000] — AI-вердикт: CORRECT
2025-10-13 12:19:04 [INFO] Аналитик функций ГО: AI подтвердил связь КЛХЖММЭПРРК-181 (КЛХЖММЭПРРК) → МЭПРРК-594 (МЭПРРК) [sim 1.000] — AI-вердикт: CORRECT
2025-10-13 12:19:04 [INFO] Аналитик функций ГО: AI подтвердил связь КЛХЖММЭПРРК-189 (КЛХЖММЭПРРК) → МЭПРРК-287 (МЭПРРК) [sim 1.000] — AI-вердикт: CORRECT
2025-10-13 12:19:04 [INFO] Аналитик функций ГО: AI подтвердил связь КЛХЖММЭПРРК-231 (КЛХЖММЭПРРК) → МЭПРРК-580 (МЭПРРК) [sim 1.000] — AI-вердикт: CORRECT
2025-10-13 12:19:04 [INFO] Аналитик функций ГО: AI подтвердил связь КЛХЖММЭПРРК-221 (КЛХЖММЭПРРК) → МЭПРРК-316 (МЭПРРК) [sim 1.000] — AI-вердикт: CORRECT
2025-10-13 12:19:04 [INFO] Аналитик функций ГО: AI подтвердил связь КЛХЖММЭПРРК-186 (КЛХЖММЭПРРК) → МЭПРРК-181 (МЭПРРК) [sim 1.000] — AI-вердикт: CORRECT
2025-10-13 12:19:04 [INFO] Аналитик функций ГО: AI подтвердил связь КЛХЖММЭПРРК-227 (КЛХЖММЭПРРК) → МЭПРРК-401 (МЭПРРК) [sim 1.000] — AI-вердикт: CORRECT
2025-10-13 12:19:04 [INFO] Аналитик функций ГО: AI подтвердил связь КЛХЖММЭПРРК-224 (КЛХЖММЭПРРК) → МЭПРРК-324 (МЭПРРК) [sim 1.000] — AI-вердикт: CORRECT
2025-10-13 12:19:04 [INFO] Аналитик функций ГО: AI подтвердил связь КЛХЖММЭПРРК-24 (КЛХЖММЭПРРК) → МЭПРРК-201 (МЭПРРК) [sim 1.000] — AI-вердикт: CORRECT
2025-10-13 12:19:04 [INFO] Аналитик функций ГО: AI подтвердил связь КЛХЖММЭПРРК-195 (КЛХЖММЭПРРК) → МЭПРРК-186 (МЭПРРК) [sim 1.000] — AI-вердикт: CORRECT
2025-10-13 12:19:04 [INFO] Аналитик функций ГО: AI подтвердил связь КЛХЖММЭПРРК-17 (КЛХЖММЭПРРК) → МЭПРРК-462 (МЭПРРК) [sim 1.000] — AI-вердикт: CORRECT
2025-10-13 12:19:04 [INFO] Аналитик функций ГО: AI подтвердил связь КЛХЖММЭПРРК-27 (КЛХЖММЭПРРК) → МЭПРРК-199 (МЭПРРК) [sim 1.000] — AI-вердикт: CORRECT
2025-10-13 12:19:04 [INFO] Аналитик функций ГО: AI подтвердил связь КЛХЖММЭПРРК-226 (КЛХЖММЭПРРК) → МЭПРРК-400 (МЭПРРК) [sim 1.000] — AI-вердикт: CORRECT
2025-10-13 12:19:04 [INFO] Аналитик функций ГО: AI подтвердил связь КЛХЖММЭПРРК-23 (КЛХЖММЭПРРК) → МЭПРРК-202 (МЭПРРК) [sim 1.000] — AI-вердикт: CORRECT
2025-10-13 12:19:04 [INFO] Аналитик функций ГО: AI подтвердил связь КЛХЖММЭПРРК-3 (КЛХЖММЭПРРК) → МЭПРРК-441 (МЭПРРК) [sim 1.000] — AI-вердикт: CORRECT
2025-10-13 12:19:04 [INFO] Аналитик функций ГО: AI подтвердил связь КЛХЖММЭПРРК-20 (КЛХЖММЭПРРК) → МЭПРРК-202 (МЭПРРК) [sim 1.000] — AI-вердикт: CORRECT
2025-10-13 12:19:04 [INFO] Аналитик функций ГО: AI подтвердил связь КЛХЖММЭПРРК-166 (КЛХЖММЭПРРК) → МЭПРРК-28 (МЭПРРК) [sim 0.980] — AI-вердикт: CORRECT
2025-10-13 12:19:04 [INFO] Аналитик функций ГО: AI подтвердил связь КЛХЖММЭПРРК-200 (КЛХЖММЭПРРК) → МЭПРРК-170 (МЭПРРК) [sim 1.000] — AI-вердикт: CORRECT
2025-10-13 12:19:04 [INFO] Аналитик функций ГО: AI подтвердил связь КЛХЖММЭПРРК-228 (КЛХЖММЭПРРК) → МЭПРРК-402 (МЭПРРК) [sim 1.000] — AI-вердикт: CORRECT
2025-10-13 12:19:04 [INFO] Аналитик функций ГО: AI подтвердил связь КЛХЖММЭПРРК-225 (КЛХЖММЭПРРК) → МЭПРРК-398 (МЭПРРК) [sim 1.000] — AI-вердикт: CORRECT
2025-10-13 12:19:04 [INFO] Аналитик функций ГО: AI подтвердил связь КЛХЖММЭПРРК-36 (КЛХЖММЭПРРК) → МЭПРРК-212 (МЭПРРК) [sim 1.000] — AI-вердикт: CORRECT
2025-10-13 12:19:04 [INFO] Аналитик функций ГО: AI подтвердил связь КЛХЖММЭПРРК-206 (КЛХЖММЭПРРК) → МЭПРРК-607 (МЭПРРК) [sim 0.977] — AI-вердикт: CORRECT
2025-10-13 12:19:04 [INFO] Аналитик функций ГО: AI подтвердил связь КЛХЖММЭПРРК-230 (КЛХЖММЭПРРК) → МЭПРРК-433 (МЭПРРК) [sim 1.000] — AI-вердикт: CORRECT
2025-10-13 12:19:04 [INFO] Аналитик функций ГО: AI подтвердил связь КЛХЖММЭПРРК-31 (КЛХЖММЭПРРК) → МЭПРРК-207 (МЭПРРК) [sim 1.000] — AI-вердикт: CORRECT
2025-10-13 12:19:04 [INFO] Аналитик функций ГО: AI подтвердил связь ККМФРК-68 (ККМФРК) → МФРК-30 (МФРК) [sim 0.888] — AI-вердикт: CORRECT
2025-10-13 12:19:04 [INFO] Аналитик функций ГО: AI подтвердил связь КЛХЖММЭПРРК-42 (КЛХЖММЭПРРК) → МЭПРРК-218 (МЭПРРК) [sim 1.000] — AI-вердикт: CORRECT
2025-10-13 12:19:04 [INFO] Аналитик функций ГО: AI подтвердил связь КЛХЖММЭПРРК-26 (КЛХЖММЭПРРК) → МЭПРРК-169 (МЭПРРК) [sim 1.000] — AI-вердикт: CORRECT
2025-10-13 12:19:04 [INFO] Аналитик функций ГО: AI подтвердил связь КЛХЖММЭПРРК-29 (КЛХЖММЭПРРК) → МЭПРРК-205 (МЭПРРК) [sim 1.000] — AI-вердикт: CORRECT
2025-10-13 12:19:04 [INFO] Аналитик функций ГО: AI подтвердил связь КЛХЖММЭПРРК-208 (КЛХЖММЭПРРК) → МЭПРРК-609 (МЭПРРК) [sim 1.000] — AI-вердикт: CORRECT
2025-10-13 12:19:04 [INFO] Аналитик функций ГО: AI подтвердил связь КЛХЖММЭПРРК-46 (КЛХЖММЭПРРК) → МЭПРРК-222 (МЭПРРК) [sim 1.000] — AI-вердикт: CORRECT
2025-10-13 12:19:04 [INFO] Аналитик функций ГО: AI подтвердил связь КЛХЖММЭПРРК-38 (КЛХЖММЭПРРК) → МЭПРРК-214 (МЭПРРК) [sim 1.000] — AI-вердикт: CORRECT
2025-10-13 12:19:04 [INFO] Аналитик функций ГО: AI подтвердил связь КЛХЖММЭПРРК-229 (КЛХЖММЭПРРК) → МЭПРРК-405 (МЭПРРК) [sim 1.000] — AI-вердикт: CORRECT
2025-10-13 12:19:04 [INFO] Аналитик функций ГО: AI подтвердил связь КЛХЖММЭПРРК-28 (КЛХЖММЭПРРК) → МЭПРРК-204 (МЭПРРК) [sim 1.000] — AI-вердикт: CORRECT
2025-10-13 12:19:04 [INFO] Аналитик функций ГО: AI подтвердил связь КЛХЖММЭПРРК-40 (КЛХЖММЭПРРК) → МЭПРРК-216 (МЭПРРК) [sim 1.000] — AI-вердикт: CORRECT
2025-10-13 12:19:04 [INFO] Аналитик функций ГО: AI подтвердил связь КЛХЖММЭПРРК-47 (КЛХЖММЭПРРК) → МЭПРРК-223 (МЭПРРК) [sim 1.000] — AI-вердикт: CORRECT
2025-10-13 12:19:04 [INFO] Аналитик функций ГО: AI подтвердил связь КЛХЖММЭПРРК-50 (КЛХЖММЭПРРК) → МЭПРРК-226 (МЭПРРК) [sim 1.000] — AI-вердикт: CORRECT
2025-10-13 12:19:04 [INFO] Аналитик функций ГО: AI подтвердил связь КЛХЖММЭПРРК-51 (КЛХЖММЭПРРК) → МЭПРРК-227 (МЭПРРК) [sim 1.000] — AI-вердикт: CORRECT
2025-10-13 12:19:04 [INFO] Аналитик функций ГО: AI подтвердил связь КЛХЖММЭПРРК-222 (КЛХЖММЭПРРК) → МЭПРРК-33 (МЭПРРК) [sim 1.000] — AI-вердикт: CORRECT
2025-10-13 12:19:04 [INFO] Аналитик функций ГО: AI подтвердил связь КЛХЖММЭПРРК-207 (КЛХЖММЭПРРК) → МЭПРРК-608 (МЭПРРК) [sim 0.954] — AI-вердикт: CORRECT
2025-10-13 12:19:04 [INFO] Аналитик функций ГО: AI подтвердил связь КЛХЖММЭПРРК-39 (КЛХЖММЭПРРК) → МЭПРРК-215 (МЭПРРК) [sim 1.000] — AI-вердикт: CORRECT
2025-10-13 12:19:04 [INFO] Аналитик функций ГО: AI подтвердил связь КЛХЖММЭПРРК-44 (КЛХЖММЭПРРК) → МЭПРРК-220 (МЭПРРК) [sim 1.000] — AI-вердикт: CORRECT
2025-10-13 12:19:04 [INFO] Аналитик функций ГО: AI подтвердил связь КЛХЖММЭПРРК-5 (КЛХЖММЭПРРК) → МЭПРРК-443-1 (МЭПРРК) [sim 1.000] — AI-вердикт: CORRECT
2025-10-13 12:19:04 [INFO] Аналитик функций ГО: AI подтвердил связь КЛХЖММЭПРРК-25 (КЛХЖММЭПРРК) → МЭПРРК-168 (МЭПРРК) [sim 1.000] — AI-вердикт: CORRECT
2025-10-13 12:19:04 [INFO] Аналитик функций ГО: AI подтвердил связь КЛХЖММЭПРРК-43 (КЛХЖММЭПРРК) → МЭПРРК-219 (МЭПРРК) [sim 1.000] — AI-вердикт: CORRECT
2025-10-13 12:19:04 [INFO] Аналитик функций ГО: AI подтвердил связь КЛХЖММЭПРРК-65 (КЛХЖММЭПРРК) → МЭПРРК-239 (МЭПРРК) [sim 1.000] — AI-вердикт: CORRECT
2025-10-13 12:19:04 [INFO] Аналитик функций ГО: AI подтвердил связь КЛХЖММЭПРРК-37 (КЛХЖММЭПРРК) → МЭПРРК-213 (МЭПРРК) [sim 1.000] — AI-вердикт: CORRECT
2025-10-13 12:19:04 [INFO] Аналитик функций ГО: AI подтвердил связь КЛХЖММЭПРРК-34 (КЛХЖММЭПРРК) → МЭПРРК-210 (МЭПРРК) [sim 1.000] — AI-вердикт: CORRECT
2025-10-13 12:19:04 [INFO] Аналитик функций ГО: AI подтвердил связь КЛХЖММЭПРРК-33 (КЛХЖММЭПРРК) → МЭПРРК-209 (МЭПРРК) [sim 1.000] — AI-вердикт: CORRECT
2025-10-13 12:19:04 [INFO] Аналитик функций ГО: AI подтвердил связь КЛХЖММЭПРРК-49 (КЛХЖММЭПРРК) → МЭПРРК-225 (МЭПРРК) [sim 1.000] — AI-вердикт: CORRECT
2025-10-13 12:19:04 [INFO] Аналитик функций ГО: AI подтвердил связь КЛХЖММЭПРРК-71 (КЛХЖММЭПРРК) → МЭПРРК-166 (МЭПРРК) [sim 1.000] — AI-вердикт: CORRECT
2025-10-13 12:19:04 [INFO] Аналитик функций ГО: AI подтвердил связь КЛХЖММЭПРРК-35 (КЛХЖММЭПРРК) → МЭПРРК-211 (МЭПРРК) [sim 1.000] — AI-вердикт: CORRECT
2025-10-13 12:19:04 [INFO] Аналитик функций ГО: AI подтвердил связь КЛХЖММЭПРРК-54 (КЛХЖММЭПРРК) → МЭПРРК-198 (МЭПРРК) [sim 1.000] — AI-вердикт: CORRECT
2025-10-13 12:19:04 [INFO] Аналитик функций ГО: AI подтвердил связь КЛХЖММЭПРРК-32 (КЛХЖММЭПРРК) → МЭПРРК-208 (МЭПРРК) [sim 1.000] — AI-вердикт: CORRECT
2025-10-13 12:19:04 [INFO] Аналитик функций ГО: AI подтвердил связь КЛХЖММЭПРРК-60 (КЛХЖММЭПРРК) → МЭПРРК-234 (МЭПРРК) [sim 1.000] — AI-вердикт: CORRECT
2025-10-13 12:19:04 [INFO] Аналитик функций ГО: AI подтвердил связь КЛХЖММЭПРРК-53 (КЛХЖММЭПРРК) → МЭПРРК-229 (МЭПРРК) [sim 1.000] — AI-вердикт: CORRECT
2025-10-13 12:19:04 [INFO] Аналитик функций ГО: AI подтвердил связь КЛХЖММЭПРРК-48 (КЛХЖММЭПРРК) → МЭПРРК-224 (МЭПРРК) [sim 1.000] — AI-вердикт: CORRECT
2025-10-13 12:19:04 [INFO] Аналитик функций ГО: AI подтвердил связь КЛХЖММЭПРРК-52 (КЛХЖММЭПРРК) → МЭПРРК-228 (МЭПРРК) [sim 1.000] — AI-вердикт: CORRECT
2025-10-13 12:19:04 [INFO] Аналитик функций ГО: AI подтвердил связь КЛХЖММЭПРРК-45 (КЛХЖММЭПРРК) → МЭПРРК-221 (МЭПРРК) [sim 1.000] — AI-вердикт: CORRECT
2025-10-13 12:19:04 [INFO] Аналитик функций ГО: AI подтвердил связь КЛХЖММЭПРРК-59 (КЛХЖММЭПРРК) → МЭПРРК-233 (МЭПРРК) [sim 1.000] — AI-вердикт: CORRECT
2025-10-13 12:19:04 [INFO] Аналитик функций ГО: AI подтвердил связь КЛХЖММЭПРРК-6 (КЛХЖММЭПРРК) → МЭПРРК-450 (МЭПРРК) [sim 1.000] — AI-вердикт: CORRECT
2025-10-13 12:19:04 [INFO] Аналитик функций ГО: AI подтвердил связь КЛХЖММЭПРРК-56 (КЛХЖММЭПРРК) → МЭПРРК-247 (МЭПРРК) [sim 1.000] — AI-вердикт: CORRECT
2025-10-13 12:19:04 [INFO] Аналитик функций ГО: AI подтвердил связь КЛХЖММЭПРРК-64 (КЛХЖММЭПРРК) → МЭПРРК-238 (МЭПРРК) [sim 1.000] — AI-вердикт: CORRECT
2025-10-13 12:19:04 [INFO] Аналитик функций ГО: AI подтвердил связь КЛХЖММЭПРРК-74 (КЛХЖММЭПРРК) → МЭПРРК-246 (МЭПРРК) [sim 1.000] — AI-вердикт: CORRECT
2025-10-13 12:19:04 [INFO] Аналитик функций ГО: AI подтвердил связь КЛХЖММЭПРРК-58 (КЛХЖММЭПРРК) → МЭПРРК-232 (МЭПРРК) [sim 1.000] — AI-вердикт: CORRECT
2025-10-13 12:19:04 [INFO] Аналитик функций ГО: AI подтвердил связь КЛХЖММЭПРРК-73 (КЛХЖММЭПРРК) → МЭПРРК-245 (МЭПРРК) [sim 1.000] — AI-вердикт: CORRECT
2025-10-13 12:19:04 [INFO] Аналитик функций ГО: AI подтвердил связь КЛХЖММЭПРРК-81 (КЛХЖММЭПРРК) → МЭПРРК-164 (МЭПРРК) [sim 1.000] — AI-вердикт: CORRECT
2025-10-13 12:19:04 [INFO] Аналитик функций ГО: AI подтвердил связь КЛХЖММЭПРРК-4 (КЛХЖММЭПРРК) → МЭПРРК-442 (МЭПРРК) [sim 1.000] — AI-вердикт: CORRECT
2025-10-13 12:19:04 [INFO] Аналитик функций ГО: AI подтвердил связь КЛХЖММЭПРРК-68 (КЛХЖММЭПРРК) → МЭПРРК-242 (МЭПРРК) [sim 1.000] — AI-вердикт: CORRECT
2025-10-13 12:19:04 [INFO] Аналитик функций ГО: AI подтвердил связь КЛХЖММЭПРРК-164 (КЛХЖММЭПРРК) → МЭПРРК-501 (МЭПРРК) [sim 0.917] — AI-вердикт: CORRECT
2025-10-13 12:19:04 [INFO] Аналитик функций ГО: AI подтвердил связь КЛХЖММЭПРРК-82 (КЛХЖММЭПРРК) → МЭПРРК-175 (МЭПРРК) [sim 1.000] — AI-вердикт: CORRECT
2025-10-13 12:19:04 [INFO] Аналитик функций ГО: AI подтвердил связь КЛХЖММЭПРРК-30 (КЛХЖММЭПРРК) → МЭПРРК-206 (МЭПРРК) [sim 1.000] — AI-вердикт: CORRECT
2025-10-13 12:19:04 [INFO] Аналитик функций ГО: AI подтвердил связь КЛХЖММЭПРРК-62 (КЛХЖММЭПРРК) → МЭПРРК-236 (МЭПРРК) [sim 1.000] — AI-вердикт: CORRECT
2025-10-13 12:19:04 [INFO] Аналитик функций ГО: AI подтвердил связь КЛХЖММЭПРРК-85 (КЛХЖММЭПРРК) → МЭПРРК-250 (МЭПРРК) [sim 1.000] — AI-вердикт: CORRECT
2025-10-13 12:19:04 [INFO] Аналитик функций ГО: AI подтвердил связь КЛХЖММЭПРРК-41 (КЛХЖММЭПРРК) → МЭПРРК-217 (МЭПРРК) [sim 1.000] — AI-вердикт: CORRECT
2025-10-13 12:19:04 [INFO] Аналитик функций ГО: AI подтвердил связь КЛХЖММЭПРРК-67 (КЛХЖММЭПРРК) → МЭПРРК-241 (МЭПРРК) [sim 1.000] — AI-вердикт: CORRECT
2025-10-13 12:19:04 [INFO] Аналитик функций ГО: AI подтвердил связь КЛХЖММЭПРРК-78 (КЛХЖММЭПРРК) → МЭПРРК-176 (МЭПРРК) [sim 1.000] — AI-вердикт: CORRECT
2025-10-13 12:19:04 [INFO] Аналитик функций ГО: AI подтвердил связь КЛХЖММЭПРРК-70 (КЛХЖММЭПРРК) → МЭПРРК-244 (МЭПРРК) [sim 1.000] — AI-вердикт: CORRECT
2025-10-13 12:19:04 [INFO] Аналитик функций ГО: AI подтвердил связь КЛХЖММЭПРРК-79 (КЛХЖММЭПРРК) → МЭПРРК-196 (МЭПРРК) [sim 1.000] — AI-вердикт: CORRECT
2025-10-13 12:19:04 [INFO] Аналитик функций ГО: AI подтвердил связь КЛХЖММЭПРРК-57 (КЛХЖММЭПРРК) → МЭПРРК-231 (МЭПРРК) [sim 1.000] — AI-вердикт: CORRECT
2025-10-13 12:19:04 [INFO] Аналитик функций ГО: AI подтвердил связь КЛХЖММЭПРРК-63 (КЛХЖММЭПРРК) → МЭПРРК-237 (МЭПРРК) [sim 1.000] — AI-вердикт: CORRECT
2025-10-13 12:19:04 [INFO] Аналитик функций ГО: AI подтвердил связь КЛХЖММЭПРРК-61 (КЛХЖММЭПРРК) → МЭПРРК-235 (МЭПРРК) [sim 1.000] — AI-вердикт: CORRECT
2025-10-13 12:19:04 [INFO] Аналитик функций ГО: AI подтвердил связь КЛХЖММЭПРРК-66 (КЛХЖММЭПРРК) → МЭПРРК-240 (МЭПРРК) [sim 1.000] — AI-вердикт: CORRECT
2025-10-13 12:19:04 [INFO] Аналитик функций ГО: AI подтвердил связь КЛХЖММЭПРРК-75 (КЛХЖММЭПРРК) → МЭПРРК-467 (МЭПРРК) [sim 1.000] — AI-вердикт: CORRECT
2025-10-13 12:19:04 [INFO] Аналитик функций ГО: AI подтвердил связь КЛХЖММЭПРРК-90 (КЛХЖММЭПРРК) → МЭПРРК-475 (МЭПРРК) [sim 1.000] — AI-вердикт: CORRECT
2025-10-13 12:19:04 [INFO] Аналитик функций ГО: AI подтвердил связь КЛХЖММЭПРРК-55 (КЛХЖММЭПРРК) → МЭПРРК-248 (МЭПРРК) [sim 1.000] — AI-вердикт: CORRECT
2025-10-13 12:19:04 [INFO] Аналитик функций ГО: AI подтвердил связь КЛХЖММЭПРРК-8 (КЛХЖММЭПРРК) → МЭПРРК-452 (МЭПРРК) [sim 1.000] — AI-вердикт: CORRECT
2025-10-13 12:19:04 [INFO] Аналитик функций ГО: AI подтвердил связь КЛХЖММЭПРРК-76 (КЛХЖММЭПРРК) → МЭПРРК-443-7 (МЭПРРК) [sim 1.000] — AI-вердикт: CORRECT
2025-10-13 12:19:04 [INFO] Аналитик функций ГО: AI подтвердил связь КЛХЖММЭПРРК-92 (КЛХЖММЭПРРК) → МЭПРРК-477 (МЭПРРК) [sim 1.000] — AI-вердикт: CORRECT
2025-10-13 12:19:04 [INFO] Аналитик функций ГО: AI подтвердил связь КЛХЖММЭПРРК-80 (КЛХЖММЭПРРК) → МЭПРРК-165 (МЭПРРК) [sim 1.000] — AI-вердикт: CORRECT
2025-10-13 12:19:04 [INFO] Аналитик функций ГО: AI подтвердил связь КЛХЖММЭПРРК-72 (КЛХЖММЭПРРК) → МЭПРРК-167 (МЭПРРК) [sim 1.000] — AI-вердикт: CORRECT
2025-10-13 12:19:04 [INFO] Аналитик функций ГО: AI подтвердил связь КЛХЖММЭПРРК-99 (КЛХЖММЭПРРК) → МЭПРРК-314 (МЭПРРК) [sim 1.000] — AI-вердикт: CORRECT
2025-10-13 12:19:04 [INFO] Аналитик функций ГО: AI подтвердил связь КЛХЖММЭПРРК-89 (КЛХЖММЭПРРК) → МЭПРРК-474 (МЭПРРК) [sim 1.000] — AI-вердикт: CORRECT
2025-10-13 12:19:04 [INFO] Аналитик функций ГО: AI подтвердил связь КЛХЖММЭПРРК-98 (КЛХЖММЭПРРК) → МЭПРРК-303 (МЭПРРК) [sim 1.000] — AI-вердикт: CORRECT
2025-10-13 12:19:04 [INFO] Аналитик функций ГО: AI подтвердил связь КММТСЗНРК-10 (КММТСЗНРК) → МТСЗНРК-106 (МТСЗНРК) [sim 1.000] — AI-вердикт: CORRECT
2025-10-13 12:19:04 [INFO] Аналитик функций ГО: AI подтвердил связь КЛХЖММЭПРРК-84 (КЛХЖММЭПРРК) → МЭПРРК-203 (МЭПРРК) [sim 1.000] — AI-вердикт: CORRECT
2025-10-13 12:19:04 [INFO] Аналитик функций ГО: AI подтвердил связь КЛХЖММЭПРРК-87 (КЛХЖММЭПРРК) → МЭПРРК-472 (МЭПРРК) [sim 1.000] — AI-вердикт: CORRECT
2025-10-13 12:19:04 [INFO] Аналитик функций ГО: AI подтвердил связь КЛХЖММЭПРРК-83 (КЛХЖММЭПРРК) → МЭПРРК-197 (МЭПРРК) [sim 1.000] — AI-вердикт: CORRECT
2025-10-13 12:19:04 [INFO] Аналитик функций ГО: AI подтвердил связь КММТСЗНРК-34 (КММТСЗНРК) → МТСЗНРК-144 (МТСЗНРК) [sim 1.000] — AI-вердикт: CORRECT
2025-10-13 12:19:04 [INFO] Аналитик функций ГО: AI подтвердил связь КЛХЖММЭПРРК-97 (КЛХЖММЭПРРК) → МЭПРРК-302 (МЭПРРК) [sim 1.000] — AI-вердикт: CORRECT
2025-10-13 12:19:04 [INFO] Аналитик функций ГО: AI подтвердил связь КЛХЖММЭПРРК-91 (КЛХЖММЭПРРК) → МЭПРРК-476 (МЭПРРК) [sim 1.000] — AI-вердикт: CORRECT
2025-10-13 12:19:04 [INFO] Аналитик функций ГО: AI подтвердил связь КММТСЗНРК-41 (КММТСЗНРК) → МТСЗНРК-324 (МТСЗНРК) [sim 1.000] — AI-вердикт: CORRECT
2025-10-13 12:19:04 [INFO] Аналитик функций ГО: AI подтвердил связь КММТСЗНРК-22 (КММТСЗНРК) → МТСЗНРК-110 (МТСЗНРК) [sim 1.000] — AI-вердикт: CORRECT
2025-10-13 12:19:04 [INFO] Аналитик функций ГО: AI подтвердил связь КЛХЖММЭПРРК-88 (КЛХЖММЭПРРК) → МЭПРРК-473 (МЭПРРК) [sim 1.000] — AI-вердикт: CORRECT
2025-10-13 12:19:04 [INFO] Аналитик функций ГО: AI подтвердил связь КЛХЖММЭПРРК-94 (КЛХЖММЭПРРК) → МЭПРРК-479 (МЭПРРК) [sim 1.000] — AI-вердикт: CORRECT
2025-10-13 12:19:04 [INFO] Аналитик функций ГО: AI подтвердил связь КММТСЗНРК-16 (КММТСЗНРК) → МТСЗНРК-119 (МТСЗНРК) [sim 0.983] — AI-вердикт: CORRECT
2025-10-13 12:19:04 [INFO] Аналитик функций ГО: AI подтвердил связь КММТСЗНРК-1 (КММТСЗНРК) → МТСЗНРК-143 (МТСЗНРК) [sim 0.745] — AI-вердикт: CORRECT
2025-10-13 12:19:04 [INFO] Аналитик функций ГО: AI подтвердил связь КЛХЖММЭПРРК-95 (КЛХЖММЭПРРК) → МЭПРРК-480 (МЭПРРК) [sim 1.000] — AI-вердикт: CORRECT
2025-10-13 12:19:04 [INFO] Аналитик функций ГО: AI подтвердил связь КЛХЖММЭПРРК-86 (КЛХЖММЭПРРК) → МЭПРРК-471 (МЭПРРК) [sim 1.000] — AI-вердикт: CORRECT
2025-10-13 12:19:04 [INFO] Аналитик функций ГО: AI подтвердил связь КММТСЗНРК-21 (КММТСЗНРК) → МТСЗНРК-152 (МТСЗНРК) [sim 1.000] — AI-вердикт: CORRECT
2025-10-13 12:19:04 [INFO] Аналитик функций ГО: AI подтвердил связь КММТСЗНРК-27 (КММТСЗНРК) → МТСЗНРК-118 (МТСЗНРК) [sim 1.000] — AI-вердикт: CORRECT
2025-10-13 12:19:04 [INFO] Аналитик функций ГО: AI подтвердил связь КММТСЗНРК-11 (КММТСЗНРК) → МТСЗНРК-93 (МТСЗНРК) [sim 0.988] — AI-вердикт: CORRECT
2025-10-13 12:19:04 [INFO] Аналитик функций ГО: AI подтвердил связь КММТСЗНРК-23 (КММТСЗНРК) → МТСЗНРК-111 (МТСЗНРК) [sim 0.962] — AI-вердикт: CORRECT
2025-10-13 12:19:04 [INFO] Аналитик функций ГО: AI подтвердил связь КММТСЗНРК-3 (КММТСЗНРК) → МТСЗНРК-117 (МТСЗНРК) [sim 0.904] — AI-вердикт: CORRECT
2025-10-13 12:19:04 [INFO] Аналитик функций ГО: AI подтвердил связь КММТСЗНРК-39 (КММТСЗНРК) → МТСЗНРК-249 (МТСЗНРК) [sim 0.866] — AI-вердикт: CORRECT
2025-10-13 12:19:04 [INFO] Аналитик функций ГО: AI подтвердил связь КММТСЗНРК-37 (КММТСЗНРК) → МТСЗНРК-142 (МТСЗНРК) [sim 1.000] — AI-вердикт: CORRECT
2025-10-13 12:19:04 [INFO] Аналитик функций ГО: AI подтвердил связь КММТСЗНРК-36 (КММТСЗНРК) → МТСЗНРК-4 (МТСЗНРК) [sim 0.805] — AI-вердикт: CORRECT
2025-10-13 12:19:04 [INFO] Аналитик функций ГО: AI подтвердил связь КЛХЖММЭПРРК-7 (КЛХЖММЭПРРК) → МЭПРРК-308 (МЭПРРК) [sim 1.000] — AI-вердикт: CORRECT
2025-10-13 12:19:04 [INFO] Аналитик функций ГО: AI подтвердил связь КММТСЗНРК-30 (КММТСЗНРК) → МТСЗНРК-143 (МТСЗНРК) [sim 0.908] — AI-вердикт: CORRECT
2025-10-13 12:19:04 [INFO] Аналитик функций ГО: AI подтвердил связь ККМФРК-83 (ККМФРК) → МФРК-780 (МФРК) [sim 0.804] — AI-вердикт: CORRECT
2025-10-13 12:19:04 [INFO] Аналитик функций ГО: AI подтвердил связь КЛХЖММЭПРРК-77 (КЛХЖММЭПРРК) → МЭПРРК-180 (МЭПРРК) [sim 1.000] — AI-вердикт: CORRECT
2025-10-13 12:19:04 [INFO] Аналитик функций ГО: AI подтвердил связь КММТСЗНРК-32 (КММТСЗНРК) → МТСЗНРК-108 (МТСЗНРК) [sim 0.984] — AI-вердикт: CORRECT
2025-10-13 12:19:04 [INFO] Аналитик функций ГО: AI подтвердил связь КММТСЗНРК-38 (КММТСЗНРК) → МТСЗНРК-247 (МТСЗНРК) [sim 0.827] — AI-вердикт: CORRECT
2025-10-13 12:19:04 [INFO] Аналитик функций ГО: AI подтвердил связь КММТСЗНРК-4 (КММТСЗНРК) → МТСЗНРК-95 (МТСЗНРК) [sim 1.000] — AI-вердикт: CORRECT
2025-10-13 12:19:04 [INFO] Аналитик функций ГО: AI подтвердил связь КММТСЗНРК-40 (КММТСЗНРК) → МТСЗНРК-250 (МТСЗНРК) [sim 0.849] — AI-вердикт: CORRECT
2025-10-13 12:19:04 [INFO] Аналитик функций ГО: AI подтвердил связь КММТСЗНРК-35 (КММТСЗНРК) → МТСЗНРК-252 (МТСЗНРК) [sim 0.702] — AI-вердикт: CORRECT
2025-10-13 12:19:04 [INFO] Аналитик функций ГО: AI подтвердил связь КММТСЗНРК-28 (КММТСЗНРК) → МТСЗНРК-117 (МТСЗНРК) [sim 0.867] — AI-вердикт: CORRECT
2025-10-13 12:19:04 [INFO] Аналитик функций ГО: AI подтвердил связь КМСМВД-21-1 (КМСМВД) → МВД-251 (МВД) [sim 0.586] — AI-вердикт: CORRECT
2025-10-13 12:19:04 [INFO] Аналитик функций ГО: AI подтвердил связь КЛХЖММЭПРРК-93 (КЛХЖММЭПРРК) → МЭПРРК-478 (МЭПРРК) [sim 1.000] — AI-вердикт: CORRECT
2025-10-13 12:19:04 [INFO] Аналитик функций ГО: AI подтвердил связь КМСМВД-2-1 (КМСМВД) → МВД-293 (МВД) [sim 0.713] — AI-вердикт: CORRECT
2025-10-13 12:19:04 [INFO] Аналитик функций ГО: AI подтвердил связь КММТСЗНРК-7 (КММТСЗНРК) → МТСЗНРК-148 (МТСЗНРК) [sim 0.985] — AI-вердикт: CORRECT
2025-10-13 12:19:04 [INFO] Аналитик функций ГО: AI подтвердил связь КММТСЗНРК-12 (КММТСЗНРК) → МТСЗНРК-136 (МТСЗНРК) [sim 0.949] — AI-вердикт: CORRECT
2025-10-13 12:19:04 [INFO] Аналитик функций ГО: AI подтвердил связь КММТСЗНРК-24 (КММТСЗНРК) → МТСЗНРК-113 (МТСЗНРК) [sim 0.988] — AI-вердикт: CORRECT
2025-10-13 12:19:04 [INFO] Аналитик функций ГО: AI подтвердил связь КЛХЖММЭПРРК-9 (КЛХЖММЭПРРК) → МЭПРРК-453 (МЭПРРК) [sim 1.000] — AI-вердикт: CORRECT
2025-10-13 12:19:04 [INFO] Аналитик функций ГО: AI подтвердил связь КЛХЖММЭПРРК-96 (КЛХЖММЭПРРК) → МЭПРРК-301 (МЭПРРК) [sim 1.000] — AI-вердикт: CORRECT
2025-10-13 12:19:04 [INFO] Аналитик функций ГО: AI подтвердил связь КМСМВД-21-13 (КМСМВД) → МВД-305 (МВД) [sim 0.826] — AI-вердикт: CORRECT
2025-10-13 12:19:04 [INFO] Аналитик функций ГО: AI подтвердил связь КМСМВД-11 (КМСМВД) → МВД-291 (МВД) [sim 0.883] — AI-вердикт: CORRECT
2025-10-13 12:19:04 [INFO] Аналитик функций ГО: AI подтвердил связь КММТСЗНРК-20 (КММТСЗНРК) → МТСЗНРК-149 (МТСЗНРК) [sim 0.946] — AI-вердикт: CORRECT
2025-10-13 12:19:04 [INFO] Аналитик функций ГО: AI подтвердил связь КМСМВД-22 (КМСМВД) → МВД-321 (МВД) [sim 0.987] — AI-вердикт: CORRECT
2025-10-13 12:19:04 [INFO] Аналитик функций ГО: AI подтвердил связь КМФКМЗРК-17 (КМФКМЗРК) → МЗРК-371 (МЗРК) [sim 0.934] — AI-вердикт: CORRECT
2025-10-13 12:19:04 [INFO] Аналитик функций ГО: AI подтвердил связь КМСМВД-2-5 (КМСМВД) → МВД-96 (МВД) [sim 0.794] — AI-вердикт: CORRECT
2025-10-13 12:19:04 [INFO] Аналитик функций ГО: AI подтвердил связь КМСМВД-21-14 (КМСМВД) → МВД-306 (МВД) [sim 0.773] — AI-вердикт: CORRECT
2025-10-13 12:19:04 [INFO] Аналитик функций ГО: AI подтвердил связь КМСМВД-13 (КМСМВД) → МВД-302 (МВД) [sim 0.590] — AI-вердикт: CORRECT
2025-10-13 12:19:04 [INFO] Аналитик функций ГО: AI подтвердил связь КМСМВД-21-10 (КМСМВД) → МВД-297 (МВД) [sim 0.760] — AI-вердикт: CORRECT
2025-10-13 12:19:04 [INFO] Аналитик функций ГО: AI подтвердил связь КМСМВД-21-5 (КМСМВД) → МВД-296 (МВД) [sim 0.819] — AI-вердикт: CORRECT
2025-10-13 12:19:04 [INFO] Аналитик функций ГО: AI подтвердил связь КМСМВД-21-15 (КМСМВД) → МВД-305 (МВД) [sim 0.744] — AI-вердикт: CORRECT
2025-10-13 12:19:04 [INFO] Аналитик функций ГО: AI подтвердил связь КМСМВД-10 (КМСМВД) → МВД-293 (МВД) [sim 0.685] — AI-вердикт: CORRECT
2025-10-13 12:19:04 [INFO] Аналитик функций ГО: AI подтвердил связь КММТСЗНРК-18 (КММТСЗНРК) → МТСЗНРК-137 (МТСЗНРК) [sim 0.951] — AI-вердикт: CORRECT
2025-10-13 12:19:04 [INFO] Аналитик функций ГО: AI подтвердил связь КМСМВД-21-12 (КМСМВД) → МВД-304 (МВД) [sim 0.814] — AI-вердикт: CORRECT
2025-10-13 12:19:04 [INFO] Аналитик функций ГО: AI подтвердил связь КМФКМЗРК-18 (КМФКМЗРК) → МЗРК-372 (МЗРК) [sim 0.950] — AI-вердикт: CORRECT
2025-10-13 12:19:04 [INFO] Аналитик функций ГО: AI подтвердил связь КМСМВД-4 (КМСМВД) → МВД-286 (МВД) [sim 0.651] — AI-вердикт: CORRECT
2025-10-13 12:19:04 [INFO] Аналитик функций ГО: AI подтвердил связь КМСМВД-8 (КМСМВД) → МВД-26 (МВД) [sim 0.589] — AI-вердикт: CORRECT
2025-10-13 12:19:04 [INFO] Аналитик функций ГО: AI подтвердил связь КММТСЗНРК-13 (КММТСЗНРК) → МТСЗНРК-81 (МТСЗНРК) [sim 0.720] — AI-вердикт: CORRECT
2025-10-13 12:19:04 [INFO] Аналитик функций ГО: AI подтвердил связь КММТСЗНРК-6 (КММТСЗНРК) → МТСЗНРК-91 (МТСЗНРК) [sim 0.988] — AI-вердикт: CORRECT
2025-10-13 12:19:04 [INFO] Аналитик функций ГО: AI подтвердил связь КМФКМЗРК-22 (КМФКМЗРК) → МЗРК-6 (МЗРК) [sim 0.712] — AI-вердикт: CORRECT
2025-10-13 12:19:04 [INFO] Аналитик функций ГО: AI подтвердил связь КМФКМЗРК-1 (КМФКМЗРК) → МЗРК-386 (МЗРК) [sim 0.840] — AI-вердикт: CORRECT
2025-10-13 12:19:04 [INFO] Аналитик функций ГО: AI подтвердил связь КМФКМЗРК-48 (КМФКМЗРК) → МЗРК-57 (МЗРК) [sim 0.898] — AI-вердикт: CORRECT
2025-10-13 12:19:04 [INFO] Аналитик функций ГО: AI подтвердил связь КММТСЗНРК-19 (КММТСЗНРК) → МТСЗНРК-151 (МТСЗНРК) [sim 0.978] — AI-вердикт: CORRECT
2025-10-13 12:19:04 [INFO] Аналитик функций ГО: AI подтвердил связь КМСМВД-1 (КМСМВД) → МВД-286 (МВД) [sim 0.675] — AI-вердикт: CORRECT
2025-10-13 12:19:04 [INFO] Аналитик функций ГО: AI подтвердил связь КМФКМЗРК-14 (КМФКМЗРК) → МЗРК-370 (МЗРК) [sim 0.855] — AI-вердикт: CORRECT
2025-10-13 12:19:04 [INFO] Аналитик функций ГО: AI подтвердил связь КМФКМЗРК-2 (КМФКМЗРК) → МЗРК-3 (МЗРК) [sim 0.780] — AI-вердикт: CORRECT
2025-10-13 12:19:04 [INFO] Аналитик функций ГО: AI подтвердил связь КМФКМЗРК-49 (КМФКМЗРК) → МЗРК-45 (МЗРК) [sim 0.956] — AI-вердикт: CORRECT
2025-10-13 12:19:04 [INFO] Аналитик функций ГО: AI подтвердил связь КМСМВД-21-9 (КМСМВД) → МВД-297 (МВД) [sim 0.777] — AI-вердикт: CORRECT
2025-10-13 12:19:04 [INFO] Аналитик функций ГО: AI подтвердил связь КМФКМЗРК-51 (КМФКМЗРК) → МЗРК-78 (МЗРК) [sim 0.899] — AI-вердикт: CORRECT
2025-10-13 12:19:04 [INFO] Аналитик функций ГО: AI подтвердил связь КМФКМЗРК-53 (КМФКМЗРК) → МЗРК-165 (МЗРК) [sim 0.799] — AI-вердикт: CORRECT
2025-10-13 12:19:04 [INFO] Аналитик функций ГО: AI подтвердил связь КМФКМЗРК-58 (КМФКМЗРК) → МЗРК-91 (МЗРК) [sim 0.965] — AI-вердикт: CORRECT
2025-10-13 12:19:04 [INFO] Аналитик функций ГО: AI подтвердил связь КМФКМЗРК-56 (КМФКМЗРК) → МЗРК-219 (МЗРК) [sim 0.962] — AI-вердикт: CORRECT
2025-10-13 12:19:04 [INFO] Аналитик функций ГО: AI подтвердил связь КМФКМЗРК-40 (КМФКМЗРК) → МЗРК-93 (МЗРК) [sim 0.936] — AI-вердикт: CORRECT
2025-10-13 12:19:04 [INFO] Аналитик функций ГО: AI подтвердил связь КМФКМЗРК-11 (КМФКМЗРК) → МЗРК-386 (МЗРК) [sim 0.836] — AI-вердикт: CORRECT
2025-10-13 12:19:04 [INFO] Аналитик функций ГО: AI подтвердил связь КМФКМЗРК-7 (КМФКМЗРК) → МЗРК-126 (МЗРК) [sim 0.796] — AI-вердикт: CORRECT
2025-10-13 12:19:04 [INFO] Аналитик функций ГО: AI подтвердил связь КМФКМЗРК-61 (КМФКМЗРК) → МЗРК-315 (МЗРК) [sim 0.839] — AI-вердикт: CORRECT
2025-10-13 12:19:04 [INFO] Аналитик функций ГО: AI подтвердил связь КМФКМЗРК-59 (КМФКМЗРК) → МЗРК-288 (МЗРК) [sim 0.846] — AI-вердикт: CORRECT
2025-10-13 12:19:04 [INFO] Аналитик функций ГО: AI подтвердил связь КМФКМЗРК-6 (КМФКМЗРК) → МЗРК-111 (МЗРК) [sim 0.953] — AI-вердикт: CORRECT
2025-10-13 12:19:04 [INFO] Аналитик функций ГО: AI подтвердил связь КМФКМЗРК-68 (КМФКМЗРК) → МЗРК-168 (МЗРК) [sim 0.969] — AI-вердикт: CORRECT
2025-10-13 12:19:04 [INFO] Аналитик функций ГО: AI подтвердил связь КМФКМЗРК-69 (КМФКМЗРК) → МЗРК-330 (МЗРК) [sim 0.868] — AI-вердикт: CORRECT
2025-10-13 12:19:04 [INFO] Аналитик функций ГО: AI подтвердил связь КМФКМЗРК-60 (КМФКМЗРК) → МЗРК-315 (МЗРК) [sim 0.903] — AI-вердикт: CORRECT
2025-10-13 12:19:04 [INFO] Аналитик функций ГО: AI подтвердил связь КМФКМЗРК-87 (КМФКМЗРК) → МЗРК-266 (МЗРК) [sim 0.827] — AI-вердикт: CORRECT
2025-10-13 12:19:04 [INFO] Аналитик функций ГО: AI подтвердил связь КМСМВД-21-3 (КМСМВД) → МВД-259 (МВД) [sim 0.721] — AI-вердикт: CORRECT
2025-10-13 12:19:04 [INFO] Аналитик функций ГО: AI подтвердил связь КМФКМЗРК-86 (КМФКМЗРК) → МЗРК-290 (МЗРК) [sim 0.905] — AI-вердикт: CORRECT
2025-10-13 12:19:04 [INFO] Аналитик функций ГО: AI подтвердил связь КМФКМЗРК-54 (КМФКМЗРК) → МЗРК-351 (МЗРК) [sim 0.957] — AI-вердикт: CORRECT
2025-10-13 12:19:04 [INFO] Аналитик функций ГО: AI подтвердил связь КМФКМЗРК-47 (КМФКМЗРК) → МЗРК-92 (МЗРК) [sim 0.930] — AI-вердикт: CORRECT
2025-10-13 12:19:04 [INFO] Аналитик функций ГО: AI подтвердил связь КМФКМЗРК-75 (КМФКМЗРК) → МЗРК-170 (МЗРК) [sim 0.915] — AI-вердикт: CORRECT
2025-10-13 12:19:04 [INFO] Аналитик функций ГО: AI подтвердил связь КММТСЗНРК-14 (КММТСЗНРК) → МТСЗНРК-138 (МТСЗНРК) [sim 0.955] — AI-вердикт: CORRECT
2025-10-13 12:19:04 [INFO] Аналитик функций ГО: AI подтвердил связь КНМНВОРК-14 (КНМНВОРК) → МНВОРК-2 (МНВОРК) [sim 0.984] — AI-вердикт: CORRECT
2025-10-13 12:19:04 [INFO] Аналитик функций ГО: AI подтвердил связь КМФКМЗРК-92 (КМФКМЗРК) → МЗРК-56 (МЗРК) [sim 0.660] — AI-вердикт: CORRECT
2025-10-13 12:19:04 [INFO] Аналитик функций ГО: AI подтвердил связь КМФКМЗРК-57 (КМФКМЗРК) → МЗРК-59 (МЗРК) [sim 0.978] — AI-вердикт: CORRECT
2025-10-13 12:19:04 [INFO] Аналитик функций ГО: AI подтвердил связь КНМНВОРК-27 (КНМНВОРК) → МНВОРК-154 (МНВОРК) [sim 0.955] — AI-вердикт: CORRECT
2025-10-13 12:19:04 [INFO] Аналитик функций ГО: AI подтвердил связь КМФКМЗРК-73 (КМФКМЗРК) → МЗРК-53 (МЗРК) [sim 0.935] — AI-вердикт: CORRECT
2025-10-13 12:19:04 [INFO] Аналитик функций ГО: AI подтвердил связь КМФКМЗРК-90 (КМФКМЗРК) → МЗРК-115 (МЗРК) [sim 0.678] — AI-вердикт: CORRECT
2025-10-13 12:19:04 [INFO] Аналитик функций ГО: AI подтвердил связь КНМНВОРК-17 (КНМНВОРК) → МНВОРК-223 (МНВОРК) [sim 0.963] — AI-вердикт: CORRECT
2025-10-13 12:19:04 [INFO] Аналитик функций ГО: AI подтвердил связь КНМНВОРК-15 (КНМНВОРК) → МНВОРК-222 (МНВОРК) [sim 0.984] — AI-вердикт: CORRECT
2025-10-13 12:19:04 [INFO] Аналитик функций ГО: AI подтвердил связь КНМНВОРК-19 (КНМНВОРК) → МНВОРК-216 (МНВОРК) [sim 0.994] — AI-вердикт: CORRECT
2025-10-13 12:19:04 [INFO] Аналитик функций ГО: AI подтвердил связь КМФКМЗРК-97 (КМФКМЗРК) → МЗРК-89 (МЗРК) [sim 0.751] — AI-вердикт: CORRECT
2025-10-13 12:19:04 [INFO] Аналитик функций ГО: AI подтвердил связь КНМНВОРК-48 (КНМНВОРК) → МНВОРК-213 (МНВОРК) [sim 1.000] — AI-вердикт: CORRECT
2025-10-13 12:19:04 [INFO] Аналитик функций ГО: AI подтвердил связь КНМНВОРК-50 (КНМНВОРК) → МНВОРК-291 (МНВОРК) [sim 0.972] — AI-вердикт: CORRECT
2025-10-13 12:19:04 [INFO] Аналитик функций ГО: AI подтвердил связь КНМНВОРК-24 (КНМНВОРК) → МНВОРК-151 (МНВОРК) [sim 0.975] — AI-вердикт: CORRECT
2025-10-13 12:19:04 [INFO] Аналитик функций ГО: AI подтвердил связь КНМНВОРК-36 (КНМНВОРК) → МНВОРК-200 (МНВОРК) [sim 0.986] — AI-вердикт: CORRECT
2025-10-13 12:19:04 [INFO] Аналитик функций ГО: AI подтвердил связь КНМНВОРК-26 (КНМНВОРК) → МНВОРК-153 (МНВОРК) [sim 0.931] — AI-вердикт: CORRECT
2025-10-13 12:19:04 [INFO] Аналитик функций ГО: AI подтвердил связь КНМНВОРК-30 (КНМНВОРК) → МНВОРК-187 (МНВОРК) [sim 0.934] — AI-вердикт: CORRECT
2025-10-13 12:19:04 [INFO] Аналитик функций ГО: AI подтвердил связь КМСМВД-7 (КМСМВД) → МВД-287 (МВД) [sim 0.747] — AI-вердикт: CORRECT
2025-10-13 12:19:04 [INFO] Аналитик функций ГО: AI подтвердил связь КМФКМЗРК-96 (КМФКМЗРК) → МЗРК-121 (МЗРК) [sim 0.750] — AI-вердикт: CORRECT
2025-10-13 12:19:04 [INFO] Аналитик функций ГО: AI подтвердил связь КМФКМЗРК-85 (КМФКМЗРК) → МЗРК-167 (МЗРК) [sim 0.903] — AI-вердикт: CORRECT
2025-10-13 12:19:04 [INFO] Аналитик функций ГО: AI подтвердил связь КМФКМЗРК-94 (КМФКМЗРК) → МЗРК-271 (МЗРК) [sim 0.560] — AI-вердикт: CORRECT
2025-10-13 12:19:04 [INFO] Аналитик функций ГО: AI подтвердил связь КНМНВОРК-18 (КНМНВОРК) → МНВОРК-183 (МНВОРК) [sim 0.956] — AI-вердикт: CORRECT
2025-10-13 12:19:04 [INFO] Аналитик функций ГО: AI подтвердил связь КМФКМЗРК-98-1 (КМФКМЗРК) → МЗРК-419 (МЗРК) [sim 0.836] — AI-вердикт: CORRECT
2025-10-13 12:19:04 [INFO] Аналитик функций ГО: AI подтвердил связь КНМНВОРК-41 (КНМНВОРК) → МНВОРК-254 (МНВОРК) [sim 0.894] — AI-вердикт: CORRECT
2025-10-13 12:19:04 [INFO] Аналитик функций ГО: AI подтвердил связь КНМНВОРК-42 (КНМНВОРК) → МНВОРК-209 (МНВОРК) [sim 0.979] — AI-вердикт: CORRECT
2025-10-13 12:19:04 [INFO] Аналитик функций ГО: AI подтвердил связь КНМНВОРК-10 (КНМНВОРК) → МНВОРК-181 (МНВОРК) [sim 0.835] — AI-вердикт: CORRECT
2025-10-13 12:19:04 [INFO] Аналитик функций ГО: AI подтвердил связь КНМНВОРК-49 (КНМНВОРК) → МНВОРК-179 (МНВОРК) [sim 0.981] — AI-вердикт: CORRECT
2025-10-13 12:19:04 [INFO] Аналитик функций ГО: AI подтвердил связь КМФКМЗРК-9 (КМФКМЗРК) → МЗРК-386 (МЗРК) [sim 0.813] — AI-вердикт: CORRECT
2025-10-13 12:19:04 [INFO] Аналитик функций ГО: AI подтвердил связь КМФКМЗРК-98 (КМФКМЗРК) → МЗРК-419 (МЗРК) [sim 0.836] — AI-вердикт: CORRECT
2025-10-13 12:19:04 [INFO] Аналитик функций ГО: AI подтвердил связь КНМНВОРК-32 (КНМНВОРК) → МНВОРК-194 (МНВОРК) [sim 0.951] — AI-вердикт: CORRECT
2025-10-13 12:19:04 [INFO] Аналитик функций ГО: AI подтвердил связь КНМНВОРК-28 (КНМНВОРК) → МНВОРК-155 (МНВОРК) [sim 0.944] — AI-вердикт: CORRECT
2025-10-13 12:19:04 [INFO] Аналитик функций ГО: AI подтвердил связь КМФКМЗРК-70 (КМФКМЗРК) → МЗРК-320 (МЗРК) [sim 0.792] — AI-вердикт: CORRECT
2025-10-13 12:19:04 [INFO] Аналитик функций ГО: AI подтвердил связь КМСМВД-9 (КМСМВД) → МВД-123 (МВД) [sim 0.704] — AI-вердикт: CORRECT
2025-10-13 12:19:04 [INFO] Аналитик функций ГО: AI подтвердил связь КНМНВОРК-23 (КНМНВОРК) → МНВОРК-145 (МНВОРК) [sim 0.961] — AI-вердикт: CORRECT
2025-10-13 12:19:04 [INFO] Аналитик функций ГО: AI подтвердил связь КНМНВОРК-44 (КНМНВОРК) → МНВОРК-212 (МНВОРК) [sim 0.985] — AI-вердикт: CORRECT
2025-10-13 12:19:04 [INFO] Аналитик функций ГО: AI подтвердил связь КНМНВОРК-22 (КНМНВОРК) → МНВОРК-144 (МНВОРК) [sim 0.993] — AI-вердикт: CORRECT
2025-10-13 12:19:04 [INFO] Аналитик функций ГО: AI подтвердил связь КМФКМЗРК-10 (КМФКМЗРК) → МЗРК-132 (МЗРК) [sim 0.971] — AI-вердикт: CORRECT
2025-10-13 12:19:04 [INFO] Аналитик функций ГО: AI подтвердил связь КНМНВОРК-31 (КНМНВОРК) → МНВОРК-191 (МНВОРК) [sim 0.962] — AI-вердикт: CORRECT
2025-10-13 12:19:04 [INFO] Аналитик функций ГО: AI подтвердил связь КОКСНВОМНВОРК-21 (КОКСНВОМНВОРК) → МНВОРК-68 (МНВОРК) [sim 1.000] — AI-вердикт: CORRECT
2025-10-13 12:19:04 [INFO] Аналитик функций ГО: AI подтвердил связь КНМНВОРК-29 (КНМНВОРК) → МНВОРК-183 (МНВОРК) [sim 0.969] — AI-вердикт: CORRECT
2025-10-13 12:19:04 [INFO] Аналитик функций ГО: AI подтвердил связь КОКСНВОМНВОРК-10 (КОКСНВОМНВОРК) → МНВОРК-41 (МНВОРК) [sim 0.975] — AI-вердикт: CORRECT
2025-10-13 12:19:04 [INFO] Аналитик функций ГО: AI подтвердил связь КНМНВОРК-39 (КНМНВОРК) → МНВОРК-207 (МНВОРК) [sim 0.959] — AI-вердикт: CORRECT
2025-10-13 12:19:04 [INFO] Аналитик функций ГО: AI подтвердил связь КНМНВОРК-38 (КНМНВОРК) → МНВОРК-203 (МНВОРК) [sim 0.837] — AI-вердикт: CORRECT
2025-10-13 12:19:04 [INFO] Аналитик функций ГО: AI подтвердил связь КОКСНВОМНВОРК-14 (КОКСНВОМНВОРК) → МНВОРК-51 (МНВОРК) [sim 1.000] — AI-вердикт: CORRECT
2025-10-13 12:19:04 [INFO] Аналитик функций ГО: AI подтвердил связь КНМНВОРК-34 (КНМНВОРК) → МНВОРК-197 (МНВОРК) [sim 0.943] — AI-вердикт: CORRECT
2025-10-13 12:19:04 [INFO] Аналитик функций ГО: AI подтвердил связь КОКСНВОМНВОРК-36 (КОКСНВОМНВОРК) → МНВОРК-2 (МНВОРК) [sim 1.000] — AI-вердикт: CORRECT
2025-10-13 12:19:04 [INFO] Аналитик функций ГО: AI подтвердил связь КНМНВОРК-16 (КНМНВОРК) → МНВОРК-146 (МНВОРК) [sim 0.924] — AI-вердикт: CORRECT
2025-10-13 12:19:04 [INFO] Аналитик функций ГО: AI подтвердил связь КОКСНВОМНВОРК-1-1 (КОКСНВОМНВОРК) → МНВОРК-30-1 (МНВОРК) [sim 1.000] — AI-вердикт: CORRECT
2025-10-13 12:19:04 [INFO] Аналитик функций ГО: AI подтвердил связь КОКСНВОМНВОРК-37 (КОКСНВОМНВОРК) → МНВОРК-291 (МНВОРК) [sim 1.000] — AI-вердикт: CORRECT
2025-10-13 12:19:04 [INFO] Аналитик функций ГО: AI подтвердил связь КНМНВОРК-3 (КНМНВОРК) → МНВОРК-147 (МНВОРК) [sim 0.961] — AI-вердикт: CORRECT
2025-10-13 12:19:04 [INFO] Аналитик функций ГО: AI подтвердил связь КОКСНВОМНВОРК-18 (КОКСНВОМНВОРК) → МНВОРК-35 (МНВОРК) [sim 1.000] — AI-вердикт: CORRECT
2025-10-13 12:19:04 [INFO] Аналитик функций ГО: AI подтвердил связь КОКСНВОМНВОРК-22 (КОКСНВОМНВОРК) → МНВОРК-69 (МНВОРК) [sim 1.000] — AI-вердикт: CORRECT
2025-10-13 12:19:04 [INFO] Аналитик функций ГО: AI подтвердил связь КОКСНВОМНВОРК-20 (КОКСНВОМНВОРК) → МНВОРК-67 (МНВОРК) [sim 1.000] — AI-вердикт: CORRECT
2025-10-13 12:19:04 [INFO] Аналитик функций ГО: AI подтвердил связь КНМНВОРК-11 (КНМНВОРК) → МНВОРК-146 (МНВОРК) [sim 0.835] — AI-вердикт: CORRECT
2025-10-13 12:19:04 [INFO] Аналитик функций ГО: AI подтвердил связь КНМНВОРК-33 (КНМНВОРК) → МНВОРК-195 (МНВОРК) [sim 0.901] — AI-вердикт: CORRECT
2025-10-13 12:19:04 [INFO] Аналитик функций ГО: AI подтвердил связь КНМНВОРК-7 (КНМНВОРК) → МНВОРК-217 (МНВОРК) [sim 0.784] — AI-вердикт: CORRECT
2025-10-13 12:19:04 [INFO] Аналитик функций ГО: AI подтвердил связь КОКСНВОМНВОРК-13 (КОКСНВОМНВОРК) → МНВОРК-52 (МНВОРК) [sim 0.972] — AI-вердикт: CORRECT
2025-10-13 12:19:04 [INFO] Аналитик функций ГО: AI подтвердил связь КОКСНВОМНВОРК-30 (КОКСНВОМНВОРК) → МНВОРК-252 (МНВОРК) [sim 1.000] — AI-вердикт: CORRECT
2025-10-13 12:19:04 [INFO] Аналитик функций ГО: AI подтвердил связь КОКСНВОМНВОРК-37-1 (КОКСНВОМНВОРК) → МНВОРК-291 (МНВОРК) [sim 1.000] — AI-вердикт: CORRECT
2025-10-13 12:19:04 [INFO] Аналитик функций ГО: AI подтвердил связь КОКСНВОМНВОРК-23 (КОКСНВОМНВОРК) → МНВОРК-185 (МНВОРК) [sim 0.981] — AI-вердикт: CORRECT
2025-10-13 12:19:04 [INFO] Аналитик функций ГО: AI подтвердил связь КОКСНВОМНВОРК-1-2 (КОКСНВОМНВОРК) → МНВОРК-30-2 (МНВОРК) [sim 1.000] — AI-вердикт: CORRECT
2025-10-13 12:19:04 [INFO] Аналитик функций ГО: AI подтвердил связь КМФКМЗРК-89 (КМФКМЗРК) → МЗРК-288 (МЗРК) [sim 0.846] — AI-вердикт: CORRECT
2025-10-13 12:19:04 [INFO] Аналитик функций ГО: AI подтвердил связь КОКСНВОМНВОРК-28 (КОКСНВОМНВОРК) → МНВОРК-47 (МНВОРК) [sim 0.922] — AI-вердикт: CORRECT
2025-10-13 12:19:04 [INFO] Аналитик функций ГО: AI подтвердил связь КОКСНВОМНВОРК-7 (КОКСНВОМНВОРК) → МНВОРК-94 (МНВОРК) [sim 1.000] — AI-вердикт: CORRECT
2025-10-13 12:19:04 [INFO] Аналитик функций ГО: AI подтвердил связь КОКСОМПРК-37-1 (КОКСОМПРК) → МПРК-321 (МПРК) [sim 1.000] — AI-вердикт: CORRECT
2025-10-13 12:19:04 [INFO] Аналитик функций ГО: AI подтвердил связь КОКСНВОМНВОРК-2 (КОКСНВОМНВОРК) → МНВОРК-128 (МНВОРК) [sim 0.968] — AI-вердикт: CORRECT
2025-10-13 12:19:04 [INFO] Аналитик функций ГО: AI подтвердил связь КНМНВОРК-6 (КНМНВОРК) → МНВОРК-149 (МНВОРК) [sim 0.897] — AI-вердикт: CORRECT
2025-10-13 12:19:04 [INFO] Аналитик функций ГО: AI подтвердил связь КМФКМЗРК-62 (КМФКМЗРК) → МЗРК-320 (МЗРК) [sim 0.825] — AI-вердикт: CORRECT
2025-10-13 12:19:04 [INFO] Аналитик функций ГО: AI подтвердил связь КОКСОМПРК-14 (КОКСОМПРК) → МПРК-239 (МПРК) [sim 0.569] — AI-вердикт: CORRECT
2025-10-13 12:19:04 [INFO] Аналитик функций ГО: AI подтвердил связь КМФКМЗРК-52 (КМФКМЗРК) → МЗРК-380 (МЗРК) [sim 0.786] — AI-вердикт: CORRECT
2025-10-13 12:19:04 [INFO] Аналитик функций ГО: AI подтвердил связь КНМНВОРК-25 (КНМНВОРК) → МНВОРК-203 (МНВОРК) [sim 0.877] — AI-вердикт: CORRECT
2025-10-13 12:19:04 [INFO] Аналитик функций ГО: AI подтвердил связь КОКСОМПРК-19 (КОКСОМПРК) → МПРК-300 (МПРК) [sim 0.768] — AI-вердикт: CORRECT
2025-10-13 12:19:04 [INFO] Аналитик функций ГО: AI подтвердил связь КОКСНВОМНВОРК-12 (КОКСНВОМНВОРК) → МНВОРК-50 (МНВОРК) [sim 0.746] — AI-вердикт: CORRECT
2025-10-13 12:19:04 [INFO] Аналитик функций ГО: AI подтвердил связь КОКСНВОМНВОРК-29 (КОКСНВОМНВОРК) → МНВОРК-48 (МНВОРК) [sim 0.825] — AI-вердикт: CORRECT
2025-10-13 12:19:04 [INFO] Аналитик функций ГО: AI подтвердил связь КОПДМПРК-1 (КОПДМПРК) → МПРК-1 (МПРК) [sim 0.917] — AI-вердикт: CORRECT
2025-10-13 12:19:04 [INFO] Аналитик функций ГО: AI подтвердил связь КОКСОМПРК-37 (КОКСОМПРК) → МПРК-321 (МПРК) [sim 1.000] — AI-вердикт: CORRECT
2025-10-13 12:19:04 [INFO] Аналитик функций ГО: AI подтвердил связь КОКСОМПРК-30 (КОКСОМПРК) → МПРК-212 (МПРК) [sim 0.950] — AI-вердикт: CORRECT
2025-10-13 12:19:04 [INFO] Аналитик функций ГО: AI подтвердил связь КОКСНВОМНВОРК-4 (КОКСНВОМНВОРК) → МНВОРК-66 (МНВОРК) [sim 0.973] — AI-вердикт: CORRECT
2025-10-13 12:19:04 [INFO] Аналитик функций ГО: AI подтвердил связь КОПДМПРК-15 (КОПДМПРК) → МПРК-15 (МПРК) [sim 0.994] — AI-вердикт: CORRECT
2025-10-13 12:19:04 [INFO] Аналитик функций ГО: AI подтвердил связь КОКСНВОМНВОРК-19 (КОКСНВОМНВОРК) → МНВОРК-36 (МНВОРК) [sim 0.840] — AI-вердикт: CORRECT
2025-10-13 12:19:04 [INFO] Аналитик функций ГО: AI подтвердил связь КОПДМПРК-17 (КОПДМПРК) → МПРК-267 (МПРК) [sim 0.954] — AI-вердикт: CORRECT
2025-10-13 12:19:04 [INFO] Аналитик функций ГО: AI подтвердил связь КНМНВОРК-50-1 (КНМНВОРК) → МНВОРК-291 (МНВОРК) [sim 0.972] — AI-вердикт: CORRECT
2025-10-13 12:19:04 [INFO] Аналитик функций ГО: AI подтвердил связь КОПДМПРК-12 (КОПДМПРК) → МПРК-54 (МПРК) [sim 0.935] — AI-вердикт: CORRECT
2025-10-13 12:19:04 [INFO] Аналитик функций ГО: AI подтвердил связь КОПДМПРК-31 (КОПДМПРК) → МПРК-96 (МПРК) [sim 1.000] — AI-вердикт: CORRECT
2025-10-13 12:19:04 [INFO] Аналитик функций ГО: AI подтвердил связь КНМНВОРК-13 (КНМНВОРК) → МНВОРК-75 (МНВОРК) [sim 0.825] — AI-вердикт: CORRECT
2025-10-13 12:19:04 [INFO] Аналитик функций ГО: AI подтвердил связь КОПДМПРК-33 (КОПДМПРК) → МПРК-189 (МПРК) [sim 0.961] — AI-вердикт: CORRECT
2025-10-13 12:19:04 [INFO] Аналитик функций ГО: AI подтвердил связь КОПДМПРК-36 (КОПДМПРК) → МПРК-43 (МПРК) [sim 1.000] — AI-вердикт: CORRECT
2025-10-13 12:19:04 [INFO] Аналитик функций ГО: AI подтвердил связь КОКСНВОМНВОРК-11 (КОКСНВОМНВОРК) → МНВОРК-49 (МНВОРК) [sim 0.724] — AI-вердикт: CORRECT
2025-10-13 12:19:04 [INFO] Аналитик функций ГО: AI подтвердил связь КОКСОМПРК-7 (КОКСОМПРК) → МПРК-263 (МПРК) [sim 0.946] — AI-вердикт: CORRECT
2025-10-13 12:19:04 [INFO] Аналитик функций ГО: AI подтвердил связь КОПДМПРК-11 (КОПДМПРК) → МПРК-21 (МПРК) [sim 0.865] — AI-вердикт: CORRECT
2025-10-13 12:19:04 [INFO] Аналитик функций ГО: AI подтвердил связь КОКСОМПРК-13 (КОКСОМПРК) → МПРК-69 (МПРК) [sim 0.717] — AI-вердикт: CORRECT
2025-10-13 12:19:04 [INFO] Аналитик функций ГО: AI подтвердил связь КОКСНВОМНВОРК-32 (КОКСНВОМНВОРК) → МНВОРК-135 (МНВОРК) [sim 0.724] — AI-вердикт: CORRECT
2025-10-13 12:19:04 [INFO] Аналитик функций ГО: AI подтвердил связь КОКСОМПРК-32 (КОКСОМПРК) → МПРК-271 (МПРК) [sim 0.836] — AI-вердикт: CORRECT
2025-10-13 12:19:04 [INFO] Аналитик функций ГО: AI подтвердил связь КОКСНВОМНВОРК-3 (КОКСНВОМНВОРК) → МНВОРК-261 (МНВОРК) [sim 0.729] — AI-вердикт: CORRECT
2025-10-13 12:19:04 [INFO] Аналитик функций ГО: AI подтвердил связь КНМНВОРК-37 (КНМНВОРК) → МНВОРК-203 (МНВОРК) [sim 0.777] — AI-вердикт: CORRECT
2025-10-13 12:19:04 [INFO] Аналитик функций ГО: AI подтвердил связь КОПДМПРК-30 (КОПДМПРК) → МПРК-306 (МПРК) [sim 0.897] — AI-вердикт: CORRECT
2025-10-13 12:19:04 [INFO] Аналитик функций ГО: AI подтвердил связь КОПДМПРК-3 (КОПДМПРК) → МПРК-14 (МПРК) [sim 0.872] — AI-вердикт: CORRECT
2025-10-13 12:19:04 [INFO] Аналитик функций ГО: AI подтвердил связь КОПДМПРК-28 (КОПДМПРК) → МПРК-299 (МПРК) [sim 0.877] — AI-вердикт: CORRECT
2025-10-13 12:19:04 [INFO] Аналитик функций ГО: AI подтвердил связь КОПДМПРК-48 (КОПДМПРК) → МПРК-271 (МПРК) [sim 1.000] — AI-вердикт: CORRECT
2025-10-13 12:19:04 [INFO] Аналитик функций ГО: AI подтвердил связь КОПДМПРК-13 (КОПДМПРК) → МПРК-136 (МПРК) [sim 0.876] — AI-вердикт: CORRECT
2025-10-13 12:19:04 [INFO] Аналитик функций ГО: AI подтвердил связь КОПДМПРК-38 (КОПДМПРК) → МПРК-81 (МПРК) [sim 0.977] — AI-вердикт: CORRECT
2025-10-13 12:19:04 [INFO] Аналитик функций ГО: AI подтвердил связь КОКСОМПРК-3 (КОКСОМПРК) → МПРК-232 (МПРК) [sim 0.729] — AI-вердикт: CORRECT
2025-10-13 12:19:04 [INFO] Аналитик функций ГО: AI подтвердил связь КОПДМПРК-58 (КОПДМПРК) → МПРК-268 (МПРК) [sim 1.000] — AI-вердикт: CORRECT
2025-10-13 12:19:04 [INFO] Аналитик функций ГО: AI подтвердил связь КОПДМПРК-16 (КОПДМПРК) → МПРК-73 (МПРК) [sim 0.978] — AI-вердикт: CORRECT
2025-10-13 12:19:04 [INFO] Аналитик функций ГО: AI подтвердил связь КОКСОМПРК-36 (КОКСОМПРК) → МПРК-291 (МПРК) [sim 0.727] — AI-вердикт: CORRECT
2025-10-13 12:19:04 [INFO] Аналитик функций ГО: AI подтвердил связь КОПДМПРК-45 (КОПДМПРК) → МПРК-131 (МПРК) [sim 1.000] — AI-вердикт: CORRECT
2025-10-13 12:19:04 [INFO] Аналитик функций ГО: AI подтвердил связь КОПДМПРК-69 (КОПДМПРК) → МПРК-216 (МПРК) [sim 1.000] — AI-вердикт: CORRECT
2025-10-13 12:19:04 [INFO] Аналитик функций ГО: AI подтвердил связь КОПДМПРК-40 (КОПДМПРК) → МПРК-199 (МПРК) [sim 0.904] — AI-вердикт: CORRECT
2025-10-13 12:19:04 [INFO] Аналитик функций ГО: AI подтвердил связь КОКСОМПРК-2 (КОКСОМПРК) → МПРК-233 (МПРК) [sim 0.968] — AI-вердикт: CORRECT
2025-10-13 12:19:04 [INFO] Аналитик функций ГО: AI подтвердил связь КОПДМПРК-39 (КОПДМПРК) → МПРК-41 (МПРК) [sim 0.991] — AI-вердикт: CORRECT
2025-10-13 12:19:04 [INFO] Аналитик функций ГО: AI подтвердил связь КОПДМПРК-74 (КОПДМПРК) → МПРК-223 (МПРК) [sim 1.000] — AI-вердикт: CORRECT
2025-10-13 12:19:04 [INFO] Аналитик функций ГО: AI подтвердил связь КОПДМПРК-44 (КОПДМПРК) → МПРК-32 (МПРК) [sim 0.856] — AI-вердикт: CORRECT
2025-10-13 12:19:04 [INFO] Аналитик функций ГО: AI подтвердил связь КОПДМПРК-46 (КОПДМПРК) → МПРК-5 (МПРК) [sim 0.879] — AI-вердикт: CORRECT
2025-10-13 12:19:04 [INFO] Аналитик функций ГО: AI подтвердил связь КОПДМПРК-57 (КОПДМПРК) → МПРК-193 (МПРК) [sim 0.894] — AI-вердикт: CORRECT
2025-10-13 12:19:04 [INFO] Аналитик функций ГО: AI подтвердил связь КОПДМПРК-43 (КОПДМПРК) → МПРК-42 (МПРК) [sim 0.986] — AI-вердикт: CORRECT
2025-10-13 12:19:04 [INFO] Аналитик функций ГО: AI подтвердил связь КОПДМПРК-93 (КОПДМПРК) → МПРК-291 (МПРК) [sim 1.000] — AI-вердикт: CORRECT
2025-10-13 12:19:04 [INFO] Аналитик функций ГО: AI подтвердил связь КОПДМПРК-66 (КОПДМПРК) → МПРК-211 (МПРК) [sim 1.000] — AI-вердикт: CORRECT
2025-10-13 12:19:04 [INFO] Аналитик функций ГО: AI подтвердил связь КНМНВОРК-4 (КНМНВОРК) → МНВОРК-148 (МНВОРК) [sim 0.759] — AI-вердикт: CORRECT
2025-10-13 12:19:04 [INFO] Аналитик функций ГО: AI подтвердил связь КОПДМПРК-79 (КОПДМПРК) → МПРК-282 (МПРК) [sim 1.000] — AI-вердикт: CORRECT
2025-10-13 12:19:04 [INFO] Аналитик функций ГО: AI подтвердил связь КОПДМПРК-68 (КОПДМПРК) → МПРК-213 (МПРК) [sim 1.000] — AI-вердикт: CORRECT
2025-10-13 12:19:04 [INFO] Аналитик функций ГО: AI подтвердил связь КОПДМПРК-49 (КОПДМПРК) → МПРК-69 (МПРК) [sim 0.924] — AI-вердикт: CORRECT
2025-10-13 12:19:04 [INFO] Аналитик функций ГО: AI подтвердил связь КОПДМПРК-60 (КОПДМПРК) → МПРК-201 (МПРК) [sim 0.986] — AI-вердикт: CORRECT
2025-10-13 12:19:04 [INFO] Аналитик функций ГО: AI подтвердил связь КОПДМПРК-7 (КОПДМПРК) → МПРК-31 (МПРК) [sim 0.839] — AI-вердикт: CORRECT
2025-10-13 12:19:04 [INFO] Аналитик функций ГО: AI подтвердил связь КОПДМПРК-47 (КОПДМПРК) → МПРК-264 (МПРК) [sim 1.000] — AI-вердикт: CORRECT
2025-10-13 12:19:04 [INFO] Аналитик функций ГО: AI подтвердил связь КОПДМПРК-94 (КОПДМПРК) → МПРК-321 (МПРК) [sim 1.000] — AI-вердикт: CORRECT
2025-10-13 12:19:04 [INFO] Аналитик функций ГО: AI подтвердил связь КОПДМПРК-84 (КОПДМПРК) → МПРК-3 (МПРК) [sim 1.000] — AI-вердикт: CORRECT
2025-10-13 12:19:04 [INFO] Аналитик функций ГО: AI подтвердил связь КОПДМПРК-54 (КОПДМПРК) → МПРК-68 (МПРК) [sim 0.971] — AI-вердикт: CORRECT
2025-10-13 12:19:04 [INFO] Аналитик функций ГО: AI подтвердил связь КОПДМПРК-87 (КОПДМПРК) → МПРК-62 (МПРК) [sim 1.000] — AI-вердикт: CORRECT
2025-10-13 12:19:04 [INFO] Аналитик функций ГО: AI подтвердил связь КОПДМПРК-86 (КОПДМПРК) → МПРК-10 (МПРК) [sim 1.000] — AI-вердикт: CORRECT
2025-10-13 12:19:04 [INFO] Аналитик функций ГО: AI подтвердил связь КОПДМПРК-73 (КОПДМПРК) → МПРК-222 (МПРК) [sim 1.000] — AI-вердикт: CORRECT
2025-10-13 12:19:04 [INFO] Аналитик функций ГО: AI подтвердил связь КОПДМПРК-83 (КОПДМПРК) → МПРК-11 (МПРК) [sim 1.000] — AI-вердикт: CORRECT
2025-10-13 12:19:04 [INFO] Аналитик функций ГО: AI подтвердил связь КОПДМПРК-82 (КОПДМПРК) → МПРК-283 (МПРК) [sim 1.000] — AI-вердикт: CORRECT
2025-10-13 12:19:04 [INFO] Аналитик функций ГО: AI подтвердил связь КОПДМПРК-14 (КОПДМПРК) → МПРК-33 (МПРК) [sim 0.916] — AI-вердикт: CORRECT
2025-10-13 12:19:04 [INFO] Аналитик функций ГО: AI подтвердил связь КПБМЧСРК-14 (КПБМЧСРК) → МЧСРК-363 (МЧСРК) [sim 1.000] — AI-вердикт: CORRECT
2025-10-13 12:19:04 [INFO] Аналитик функций ГО: AI подтвердил связь КОПДМПРК-72 (КОПДМПРК) → МПРК-219 (МПРК) [sim 1.000] — AI-вердикт: CORRECT
2025-10-13 12:19:04 [INFO] Аналитик функций ГО: AI подтвердил связь КОПДМПРК-63 (КОПДМПРК) → МПРК-79 (МПРК) [sim 0.980] — AI-вердикт: CORRECT
2025-10-13 12:19:04 [INFO] Аналитик функций ГО: AI подтвердил связь КПБМЧСРК-10 (КПБМЧСРК) → МЧСРК-188 (МЧСРК) [sim 0.961] — AI-вердикт: CORRECT
2025-10-13 12:19:04 [INFO] Аналитик функций ГО: AI подтвердил связь КОПДМПРК-78 (КОПДМПРК) → МПРК-221 (МПРК) [sim 1.000] — AI-вердикт: CORRECT
2025-10-13 12:19:04 [INFO] Аналитик функций ГО: AI подтвердил связь КОПДМПРК-75 (КОПДМПРК) → МПРК-224 (МПРК) [sim 1.000] — AI-вердикт: CORRECT
2025-10-13 12:19:04 [INFO] Аналитик функций ГО: AI подтвердил связь КПБМЧСРК-18 (КПБМЧСРК) → МЧСРК-369 (МЧСРК) [sim 1.000] — AI-вердикт: CORRECT
2025-10-13 12:19:04 [INFO] Аналитик функций ГО: AI подтвердил связь КОПДМПРК-8 (КОПДМПРК) → МПРК-210 (МПРК) [sim 0.951] — AI-вердикт: CORRECT
2025-10-13 12:19:04 [INFO] Аналитик функций ГО: AI подтвердил связь КОПДМПРК-70 (КОПДМПРК) → МПРК-217 (МПРК) [sim 0.923] — AI-вердикт: CORRECT
2025-10-13 12:19:04 [INFO] Аналитик функций ГО: AI подтвердил связь КОПДМПРК-85 (КОПДМПРК) → МПРК-18 (МПРК) [sim 0.823] — AI-вердикт: CORRECT
2025-10-13 12:19:04 [INFO] Аналитик функций ГО: AI подтвердил связь КПБМЧСРК-16 (КПБМЧСРК) → МЧСРК-367 (МЧСРК) [sim 1.000] — AI-вердикт: CORRECT
2025-10-13 12:19:04 [INFO] Аналитик функций ГО: AI подтвердил связь КОПДМПРК-90 (КОПДМПРК) → МПРК-150 (МПРК) [sim 0.973] — AI-вердикт: CORRECT
2025-10-13 12:19:04 [INFO] Аналитик функций ГО: AI подтвердил связь КПБМЧСРК-13 (КПБМЧСРК) → МЧСРК-362 (МЧСРК) [sim 1.000] — AI-вердикт: CORRECT
2025-10-13 12:19:04 [INFO] Аналитик функций ГО: AI подтвердил связь КОПДМПРК-81 (КОПДМПРК) → МПРК-260 (МПРК) [sim 1.000] — AI-вердикт: CORRECT
2025-10-13 12:19:04 [INFO] Аналитик функций ГО: AI подтвердил связь КОПДМПРК-59 (КОПДМПРК) → МПРК-38 (МПРК) [sim 0.972] — AI-вердикт: CORRECT
2025-10-13 12:19:04 [INFO] Аналитик функций ГО: AI подтвердил связь КПБМЧСРК-32 (КПБМЧСРК) → МЧСРК-381 (МЧСРК) [sim 1.000] — AI-вердикт: CORRECT
2025-10-13 12:19:04 [INFO] Аналитик функций ГО: AI подтвердил связь КПБМЧСРК-28 (КПБМЧСРК) → МЧСРК-386 (МЧСРК) [sim 1.000] — AI-вердикт: CORRECT
2025-10-13 12:19:04 [INFO] Аналитик функций ГО: AI подтвердил связь КОПДМПРК-94-1 (КОПДМПРК) → МПРК-321 (МПРК) [sim 1.000] — AI-вердикт: CORRECT
2025-10-13 12:19:04 [INFO] Аналитик функций ГО: AI подтвердил связь КОПДМПРК-52 (КОПДМПРК) → МПРК-66 (МПРК) [sim 0.855] — AI-вердикт: CORRECT
2025-10-13 12:19:04 [INFO] Аналитик функций ГО: AI подтвердил связь КОПДМПРК-65 (КОПДМПРК) → МПРК-203 (МПРК) [sim 0.976] — AI-вердикт: CORRECT
2025-10-13 12:19:04 [INFO] Аналитик функций ГО: AI подтвердил связь КПБМЧСРК-31 (КПБМЧСРК) → МЧСРК-380 (МЧСРК) [sim 1.000] — AI-вердикт: CORRECT
2025-10-13 12:19:04 [INFO] Аналитик функций ГО: AI подтвердил связь КОПДМПРК-77 (КОПДМПРК) → МПРК-86 (МПРК) [sim 0.928] — AI-вердикт: CORRECT
2025-10-13 12:19:04 [INFO] Аналитик функций ГО: AI подтвердил связь КОКСОМПРК-18 (КОКСОМПРК) → МПРК-300 (МПРК) [sim 0.710] — AI-вердикт: CORRECT
2025-10-13 12:19:04 [INFO] Аналитик функций ГО: AI подтвердил связь КПБМЧСРК-12 (КПБМЧСРК) → МЧСРК-122 (МЧСРК) [sim 0.953] — AI-вердикт: CORRECT
2025-10-13 12:19:04 [INFO] Аналитик функций ГО: AI подтвердил связь КПБМЧСРК-100 (КПБМЧСРК) → МЧСРК-318 (МЧСРК) [sim 0.983] — AI-вердикт: CORRECT
2025-10-13 12:19:04 [INFO] Аналитик функций ГО: AI подтвердил связь КОПДМПРК-80 (КОПДМПРК) → МПРК-259 (МПРК) [sim 0.902] — AI-вердикт: CORRECT
2025-10-13 12:19:04 [INFO] Аналитик функций ГО: AI подтвердил связь КПБМЧСРК-17 (КПБМЧСРК) → МЧСРК-368 (МЧСРК) [sim 1.000] — AI-вердикт: CORRECT
2025-10-13 12:19:04 [INFO] Аналитик функций ГО: AI подтвердил связь КОКСОМПРК-12 (КОКСОМПРК) → МПРК-78 (МПРК) [sim 0.794] — AI-вердикт: CORRECT
2025-10-13 12:19:04 [INFO] Аналитик функций ГО: AI подтвердил связь КПБМЧСРК-30 (КПБМЧСРК) → МЧСРК-385 (МЧСРК) [sim 1.000] — AI-вердикт: CORRECT
2025-10-13 12:19:04 [INFO] Аналитик функций ГО: AI подтвердил связь КОПДМПРК-56 (КОПДМПРК) → МПРК-13 (МПРК) [sim 0.948] — AI-вердикт: CORRECT
2025-10-13 12:19:04 [INFO] Аналитик функций ГО: AI подтвердил связь КПБМЧСРК-27 (КПБМЧСРК) → МЧСРК-373 (МЧСРК) [sim 1.000] — AI-вердикт: CORRECT
2025-10-13 12:19:04 [INFO] Аналитик функций ГО: AI подтвердил связь КПБМЧСРК-23 (КПБМЧСРК) → МЧСРК-384 (МЧСРК) [sim 1.000] — AI-вердикт: CORRECT
2025-10-13 12:19:04 [INFO] Аналитик функций ГО: AI подтвердил связь КПБМЧСРК-29 (КПБМЧСРК) → МЧСРК-378 (МЧСРК) [sim 1.000] — AI-вердикт: CORRECT
2025-10-13 12:19:04 [INFO] Аналитик функций ГО: AI подтвердил связь КПБМЧСРК-24 (КПБМЧСРК) → МЧСРК-315 (МЧСРК) [sim 1.000] — AI-вердикт: CORRECT
2025-10-13 12:19:04 [INFO] Аналитик функций ГО: AI подтвердил связь КПБМЧСРК-3 (КПБМЧСРК) → МЧСРК-361 (МЧСРК) [sim 1.000] — AI-вердикт: CORRECT
2025-10-13 12:19:04 [INFO] Аналитик функций ГО: AI подтвердил связь КОКСНВОМНВОРК-26 (КОКСНВОМНВОРК) → МНВОРК-70 (МНВОРК) [sim 0.983] — AI-вердикт: CORRECT
2025-10-13 12:19:04 [INFO] Аналитик функций ГО: AI подтвердил связь КОПДМПРК-88 (КОПДМПРК) → МПРК-169 (МПРК) [sim 0.957] — AI-вердикт: CORRECT
2025-10-13 12:19:04 [INFO] Аналитик функций ГО: AI подтвердил связь КОПДМПРК-64 (КОПДМПРК) → МПРК-202 (МПРК) [sim 0.968] — AI-вердикт: CORRECT
2025-10-13 12:19:04 [INFO] Аналитик функций ГО: AI подтвердил связь КОПДМПРК-4 (КОПДМПРК) → МПРК-30 (МПРК) [sim 0.858] — AI-вердикт: CORRECT
2025-10-13 12:19:04 [INFO] Аналитик функций ГО: AI подтвердил связь КПБМЧСРК-37 (КПБМЧСРК) → МЧСРК-390 (МЧСРК) [sim 1.000] — AI-вердикт: CORRECT
2025-10-13 12:19:04 [INFO] Аналитик функций ГО: AI подтвердил связь КОПДМПРК-5 (КОПДМПРК) → МПРК-6 (МПРК) [sim 0.900] — AI-вердикт: CORRECT
2025-10-13 12:19:04 [INFO] Аналитик функций ГО: AI подтвердил связь КПБМЧСРК-25 (КПБМЧСРК) → МЧСРК-371 (МЧСРК) [sim 1.000] — AI-вердикт: CORRECT
2025-10-13 12:19:04 [INFO] Аналитик функций ГО: AI подтвердил связь КПБМЧСРК-35 (КПБМЧСРК) → МЧСРК-387 (МЧСРК) [sim 1.000] — AI-вердикт: CORRECT
2025-10-13 12:19:04 [INFO] Аналитик функций ГО: AI подтвердил связь КПБМЧСРК-46 (КПБМЧСРК) → МЧСРК-152 (МЧСРК) [sim 0.982] — AI-вердикт: CORRECT
2025-10-13 12:19:04 [INFO] Аналитик функций ГО: AI подтвердил связь КПБМЧСРК-26 (КПБМЧСРК) → МЧСРК-372 (МЧСРК) [sim 1.000] — AI-вердикт: CORRECT
2025-10-13 12:19:04 [INFO] Аналитик функций ГО: AI подтвердил связь КПБМЧСРК-33 (КПБМЧСРК) → МЧСРК-382 (МЧСРК) [sim 1.000] — AI-вердикт: CORRECT
2025-10-13 12:19:04 [INFO] Аналитик функций ГО: AI подтвердил связь КПБМЧСРК-51 (КПБМЧСРК) → МЧСРК-157 (МЧСРК) [sim 0.977] — AI-вердикт: CORRECT
2025-10-13 12:19:04 [INFO] Аналитик функций ГО: AI подтвердил связь КОПДМПРК-22 (КОПДМПРК) → МПРК-55 (МПРК) [sim 0.976] — AI-вердикт: CORRECT
2025-10-13 12:19:04 [INFO] Аналитик функций ГО: AI подтвердил связь КПБМЧСРК-34 (КПБМЧСРК) → МЧСРК-383 (МЧСРК) [sim 1.000] — AI-вердикт: CORRECT
2025-10-13 12:19:04 [INFO] Аналитик функций ГО: AI подтвердил связь КПБМЧСРК-36 (КПБМЧСРК) → МЧСРК-388 (МЧСРК) [sim 1.000] — AI-вердикт: CORRECT
2025-10-13 12:19:04 [INFO] Аналитик функций ГО: AI подтвердил связь КПБМЧСРК-43 (КПБМЧСРК) → МЧСРК-149 (МЧСРК) [sim 0.973] — AI-вердикт: CORRECT
2025-10-13 12:19:04 [INFO] Аналитик функций ГО: AI подтвердил связь КПБМЧСРК-22 (КПБМЧСРК) → МЧСРК-302 (МЧСРК) [sim 0.578] — AI-вердикт: CORRECT
2025-10-13 12:19:04 [INFO] Аналитик функций ГО: AI подтвердил связь КОПДМПРК-67 (КОПДМПРК) → МПРК-212 (МПРК) [sim 0.957] — AI-вердикт: CORRECT
2025-10-13 12:19:04 [INFO] Аналитик функций ГО: AI подтвердил связь КПБМЧСРК-65 (КПБМЧСРК) → МЧСРК-172 (МЧСРК) [sim 0.980] — AI-вердикт: CORRECT
2025-10-13 12:19:04 [INFO] Аналитик функций ГО: AI подтвердил связь КПБМЧСРК-42 (КПБМЧСРК) → МЧСРК-148 (МЧСРК) [sim 0.962] — AI-вердикт: CORRECT
2025-10-13 12:19:04 [INFO] Аналитик функций ГО: AI подтвердил связь КПБМЧСРК-40 (КПБМЧСРК) → МЧСРК-146 (МЧСРК) [sim 0.982] — AI-вердикт: CORRECT
2025-10-13 12:19:04 [INFO] Аналитик функций ГО: AI подтвердил связь КПБМЧСРК-41 (КПБМЧСРК) → МЧСРК-147 (МЧСРК) [sim 0.977] — AI-вердикт: CORRECT
2025-10-13 12:19:04 [INFO] Аналитик функций ГО: AI подтвердил связь КОПДМПРК-61 (КОПДМПРК) → МПРК-200 (МПРК) [sim 0.975] — AI-вердикт: CORRECT
2025-10-13 12:19:04 [INFO] Аналитик функций ГО: AI подтвердил связь КПБМЧСРК-48 (КПБМЧСРК) → МЧСРК-154 (МЧСРК) [sim 0.965] — AI-вердикт: CORRECT
2025-10-13 12:19:04 [INFO] Аналитик функций ГО: AI подтвердил связь КПБМЧСРК-4 (КПБМЧСРК) → МЧСРК-3 (МЧСРК) [sim 0.874] — AI-вердикт: CORRECT
2025-10-13 12:19:04 [INFO] Аналитик функций ГО: AI подтвердил связь КПБМЧСРК-45 (КПБМЧСРК) → МЧСРК-151 (МЧСРК) [sim 0.972] — AI-вердикт: CORRECT
2025-10-13 12:19:04 [INFO] Аналитик функций ГО: AI подтвердил связь КПБМЧСРК-57 (КПБМЧСРК) → МЧСРК-164 (МЧСРК) [sim 0.942] — AI-вердикт: CORRECT
2025-10-13 12:19:04 [INFO] Аналитик функций ГО: AI подтвердил связь КПБМЧСРК-39 (КПБМЧСРК) → МЧСРК-145 (МЧСРК) [sim 0.960] — AI-вердикт: CORRECT
2025-10-13 12:19:04 [INFO] Аналитик функций ГО: AI подтвердил связь КПБМЧСРК-47 (КПБМЧСРК) → МЧСРК-153 (МЧСРК) [sim 0.957] — AI-вердикт: CORRECT
2025-10-13 12:19:04 [INFO] Аналитик функций ГО: AI подтвердил связь КПБМЧСРК-63 (КПБМЧСРК) → МЧСРК-170 (МЧСРК) [sim 0.982] — AI-вердикт: CORRECT
2025-10-13 12:19:04 [INFO] Аналитик функций ГО: AI подтвердил связь КПБМЧСРК-64 (КПБМЧСРК) → МЧСРК-171 (МЧСРК) [sim 0.981] — AI-вердикт: CORRECT
2025-10-13 12:19:04 [INFO] Аналитик функций ГО: AI подтвердил связь КПБМЧСРК-60 (КПБМЧСРК) → МЧСРК-167 (МЧСРК) [sim 0.980] — AI-вердикт: CORRECT
2025-10-13 12:19:04 [INFO] Аналитик функций ГО: AI подтвердил связь КПБМЧСРК-50 (КПБМЧСРК) → МЧСРК-156 (МЧСРК) [sim 0.977] — AI-вердикт: CORRECT
2025-10-13 12:19:04 [INFO] Аналитик функций ГО: AI подтвердил связь КПБМЧСРК-59 (КПБМЧСРК) → МЧСРК-166 (МЧСРК) [sim 0.986] — AI-вердикт: CORRECT
2025-10-13 12:19:04 [INFO] Аналитик функций ГО: AI подтвердил связь КПБМЧСРК-79 (КПБМЧСРК) → МЧСРК-376 (МЧСРК) [sim 1.000] — AI-вердикт: CORRECT
2025-10-13 12:19:04 [INFO] Аналитик функций ГО: AI подтвердил связь КПБМЧСРК-66 (КПБМЧСРК) → МЧСРК-173 (МЧСРК) [sim 0.983] — AI-вердикт: CORRECT
2025-10-13 12:19:04 [INFO] Аналитик функций ГО: AI подтвердил связь КПИМЮРК-14 (КПИМЮРК) → МЮРК-22 (МЮРК) [sim 1.000] — AI-вердикт: CORRECT
2025-10-13 12:19:04 [INFO] Аналитик функций ГО: AI подтвердил связь КПБМЧСРК-72 (КПБМЧСРК) → МЧСРК-179 (МЧСРК) [sim 0.965] — AI-вердикт: CORRECT
2025-10-13 12:19:04 [INFO] Аналитик функций ГО: AI подтвердил связь КПБМЧСРК-6 (КПБМЧСРК) → МЧСРК-285 (МЧСРК) [sim 0.967] — AI-вердикт: CORRECT
2025-10-13 12:19:04 [INFO] Аналитик функций ГО: AI подтвердил связь КПБМЧСРК-49 (КПБМЧСРК) → МЧСРК-155 (МЧСРК) [sim 0.980] — AI-вердикт: CORRECT
2025-10-13 12:19:04 [INFO] Аналитик функций ГО: AI подтвердил связь КПБМЧСРК-70 (КПБМЧСРК) → МЧСРК-177 (МЧСРК) [sim 0.966] — AI-вердикт: CORRECT
2025-10-13 12:19:04 [INFO] Аналитик функций ГО: AI подтвердил связь КПБМЧСРК-81 (КПБМЧСРК) → МЧСРК-126 (МЧСРК) [sim 0.965] — AI-вердикт: CORRECT
2025-10-13 12:19:04 [INFO] Аналитик функций ГО: AI подтвердил связь КПБМЧСРК-58 (КПБМЧСРК) → МЧСРК-165 (МЧСРК) [sim 0.989] — AI-вердикт: CORRECT
2025-10-13 12:19:04 [INFO] Аналитик функций ГО: AI подтвердил связь КПБМЧСРК-93 (КПБМЧСРК) → МЧСРК-138 (МЧСРК) [sim 0.983] — AI-вердикт: CORRECT
2025-10-13 12:19:04 [INFO] Аналитик функций ГО: AI подтвердил связь КПБМЧСРК-96 (КПБМЧСРК) → МЧСРК-141 (МЧСРК) [sim 1.000] — AI-вердикт: CORRECT
2025-10-13 12:19:04 [INFO] Аналитик функций ГО: AI подтвердил связь КПБМЧСРК-84 (КПБМЧСРК) → МЧСРК-129 (МЧСРК) [sim 0.979] — AI-вердикт: CORRECT
2025-10-13 12:19:04 [INFO] Аналитик функций ГО: AI подтвердил связь КПБМЧСРК-82 (КПБМЧСРК) → МЧСРК-127 (МЧСРК) [sim 0.975] — AI-вердикт: CORRECT
2025-10-13 12:19:04 [INFO] Аналитик функций ГО: AI подтвердил связь КПИМЮРК-1 (КПИМЮРК) → МЮРК-113 (МЮРК) [sim 1.000] — AI-вердикт: CORRECT
2025-10-13 12:19:04 [INFO] Аналитик функций ГО: AI подтвердил связь КПБМЧСРК-80 (КПБМЧСРК) → МЧСРК-125 (МЧСРК) [sim 0.981] — AI-вердикт: CORRECT
2025-10-13 12:19:04 [INFO] Аналитик функций ГО: AI подтвердил связь КПИМЮРК-11 (КПИМЮРК) → МЮРК-2 (МЮРК) [sim 1.000] — AI-вердикт: CORRECT
2025-10-13 12:19:04 [INFO] Аналитик функций ГО: AI подтвердил связь КПБМЧСРК-71 (КПБМЧСРК) → МЧСРК-178 (МЧСРК) [sim 0.951] — AI-вердикт: CORRECT
2025-10-13 12:19:04 [INFO] Аналитик функций ГО: AI подтвердил связь КПИМЮРК-10 (КПИМЮРК) → МЮРК-1 (МЮРК) [sim 1.000] — AI-вердикт: CORRECT
2025-10-13 12:19:04 [INFO] Аналитик функций ГО: AI подтвердил связь КПБМЧСРК-92 (КПБМЧСРК) → МЧСРК-137 (МЧСРК) [sim 0.968] — AI-вердикт: CORRECT
2025-10-13 12:19:04 [INFO] Аналитик функций ГО: AI подтвердил связь КПБМЧСРК-78 (КПБМЧСРК) → МЧСРК-269 (МЧСРК) [sim 0.996] — AI-вердикт: CORRECT
2025-10-13 12:19:04 [INFO] Аналитик функций ГО: AI подтвердил связь КПБМЧСРК-83 (КПБМЧСРК) → МЧСРК-128 (МЧСРК) [sim 0.980] — AI-вердикт: CORRECT
2025-10-13 12:19:04 [INFO] Аналитик функций ГО: AI подтвердил связь КПБМЧСРК-73 (КПБМЧСРК) → МЧСРК-180 (МЧСРК) [sim 0.984] — AI-вердикт: CORRECT
2025-10-13 12:19:04 [INFO] Аналитик функций ГО: AI подтвердил связь КПБМЧСРК-91 (КПБМЧСРК) → МЧСРК-136 (МЧСРК) [sim 0.972] — AI-вердикт: CORRECT
2025-10-13 12:19:04 [INFO] Аналитик функций ГО: AI подтвердил связь КПИМЮРК-27 (КПИМЮРК) → МЮРК-87 (МЮРК) [sim 1.000] — AI-вердикт: CORRECT
2025-10-13 12:19:04 [INFO] Аналитик функций ГО: AI подтвердил связь КПБМЧСРК-38 (КПБМЧСРК) → МЧСРК-309 (МЧСРК) [sim 0.944] — AI-вердикт: CORRECT
2025-10-13 12:19:04 [INFO] Аналитик функций ГО: AI подтвердил связь КПБМЧСРК-67 (КПБМЧСРК) → МЧСРК-174 (МЧСРК) [sim 0.983] — AI-вердикт: CORRECT
2025-10-13 12:19:04 [INFO] Аналитик функций ГО: AI подтвердил связь КПБМЧСРК-94 (КПБМЧСРК) → МЧСРК-139 (МЧСРК) [sim 0.975] — AI-вердикт: CORRECT
2025-10-13 12:19:04 [INFO] Аналитик функций ГО: AI подтвердил связь КПБМЧСРК-69 (КПБМЧСРК) → МЧСРК-176 (МЧСРК) [sim 0.974] — AI-вердикт: CORRECT
2025-10-13 12:19:04 [INFO] Аналитик функций ГО: AI подтвердил связь КПБМЧСРК-95 (КПБМЧСРК) → МЧСРК-140 (МЧСРК) [sim 0.972] — AI-вердикт: CORRECT
2025-10-13 12:19:04 [INFO] Аналитик функций ГО: AI подтвердил связь КПБМЧСРК-87 (КПБМЧСРК) → МЧСРК-132 (МЧСРК) [sim 0.976] — AI-вердикт: CORRECT
2025-10-13 12:19:04 [INFO] Аналитик функций ГО: AI подтвердил связь КПИМЮРК-13 (КПИМЮРК) → МЮРК-13 (МЮРК) [sim 1.000] — AI-вердикт: CORRECT
2025-10-13 12:19:04 [INFO] Аналитик функций ГО: AI подтвердил связь КПИМЮРК-17 (КПИМЮРК) → МЮРК-30 (МЮРК) [sim 1.000] — AI-вердикт: CORRECT
2025-10-13 12:19:04 [INFO] Аналитик функций ГО: AI подтвердил связь КПИМЮРК-15 (КПИМЮРК) → МЮРК-23 (МЮРК) [sim 1.000] — AI-вердикт: CORRECT
2025-10-13 12:19:04 [INFO] Аналитик функций ГО: AI подтвердил связь КПБМЧСРК-62 (КПБМЧСРК) → МЧСРК-169 (МЧСРК) [sim 0.985] — AI-вердикт: CORRECT
2025-10-13 12:19:04 [INFO] Аналитик функций ГО: AI подтвердил связь КПИМЮРК-21 (КПИМЮРК) → МЮРК-42 (МЮРК) [sim 1.000] — AI-вердикт: CORRECT
2025-10-13 12:19:04 [INFO] Аналитик функций ГО: AI подтвердил связь КПБМЧСРК-11 (КПБМЧСРК) → МЧСРК-319 (МЧСРК) [sim 0.849] — AI-вердикт: CORRECT
2025-10-13 12:19:04 [INFO] Аналитик функций ГО: AI подтвердил связь КПБМЧСРК-86 (КПБМЧСРК) → МЧСРК-131 (МЧСРК) [sim 0.967] — AI-вердикт: CORRECT
2025-10-13 12:19:04 [INFO] Аналитик функций ГО: AI подтвердил связь КПИМЮРК-4 (КПИМЮРК) → МЮРК-112 (МЮРК) [sim 1.000] — AI-вердикт: CORRECT
2025-10-13 12:19:04 [INFO] Аналитик функций ГО: AI подтвердил связь КОПДМПРК-21 (КОПДМПРК) → МПРК-147 (МПРК) [sim 0.837] — AI-вердикт: CORRECT
2025-10-13 12:19:04 [INFO] Аналитик функций ГО: AI подтвердил связь КПБМЧСРК-99 (КПБМЧСРК) → МЧСРК-144 (МЧСРК) [sim 0.967] — AI-вердикт: CORRECT
2025-10-13 12:19:04 [INFO] Аналитик функций ГО: AI подтвердил связь КПБМЧСРК-85 (КПБМЧСРК) → МЧСРК-130 (МЧСРК) [sim 0.980] — AI-вердикт: CORRECT
2025-10-13 12:19:04 [INFO] Аналитик функций ГО: AI подтвердил связь КПБМЧСРК-68 (КПБМЧСРК) → МЧСРК-175 (МЧСРК) [sim 0.983] — AI-вердикт: CORRECT
2025-10-13 12:19:04 [INFO] Аналитик функций ГО: AI подтвердил связь КПИМЮРК-28 (КПИМЮРК) → МЮРК-88 (МЮРК) [sim 1.000] — AI-вердикт: CORRECT
2025-10-13 12:19:04 [INFO] Аналитик функций ГО: AI подтвердил связь КПБМЧСРК-89 (КПБМЧСРК) → МЧСРК-134 (МЧСРК) [sim 0.982] — AI-вердикт: CORRECT
2025-10-13 12:19:04 [INFO] Аналитик функций ГО: AI подтвердил связь КПБМЧСРК-98 (КПБМЧСРК) → МЧСРК-143 (МЧСРК) [sim 0.976] — AI-вердикт: CORRECT
2025-10-13 12:19:04 [INFO] Аналитик функций ГО: AI подтвердил связь КПБМЧСРК-88 (КПБМЧСРК) → МЧСРК-133 (МЧСРК) [sim 0.974] — AI-вердикт: CORRECT
2025-10-13 12:19:04 [INFO] Аналитик функций ГО: AI подтвердил связь КПБМЧСРК-21 (КПБМЧСРК) → МЧСРК-303 (МЧСРК) [sim 0.857] — AI-вердикт: CORRECT
2025-10-13 12:19:04 [INFO] Аналитик функций ГО: AI подтвердил связь КПБМЧСРК-61 (КПБМЧСРК) → МЧСРК-168 (МЧСРК) [sim 0.974] — AI-вердикт: CORRECT
2025-10-13 12:19:04 [INFO] Аналитик функций ГО: AI подтвердил связь КПИМЮРК-18 (КПИМЮРК) → МЮРК-33 (МЮРК) [sim 0.905] — AI-вердикт: CORRECT
2025-10-13 12:19:04 [INFO] Аналитик функций ГО: AI подтвердил связь КПИМЮРК-34 (КПИМЮРК) → МЮРК-95 (МЮРК) [sim 0.989] — AI-вердикт: CORRECT
2025-10-13 12:19:04 [INFO] Аналитик функций ГО: AI подтвердил связь КПИМЮРК-45 (КПИМЮРК) → МЮРК-108 (МЮРК) [sim 1.000] — AI-вердикт: CORRECT
2025-10-13 12:19:04 [INFO] Аналитик функций ГО: AI подтвердил связь КПБМЧСРК-44 (КПБМЧСРК) → МЧСРК-150 (МЧСРК) [sim 0.976] — AI-вердикт: CORRECT
2025-10-13 12:19:04 [INFO] Аналитик функций ГО: AI подтвердил связь КПИМЮРК-2 (КПИМЮРК) → МЮРК-89 (МЮРК) [sim 1.000] — AI-вердикт: CORRECT
2025-10-13 12:19:04 [INFO] Аналитик функций ГО: AI подтвердил связь КПИМЮРК-43 (КПИМЮРК) → МЮРК-106 (МЮРК) [sim 0.979] — AI-вердикт: CORRECT
2025-10-13 12:19:04 [INFO] Аналитик функций ГО: AI подтвердил связь КПБМЧСРК-77 (КПБМЧСРК) → МЧСРК-187 (МЧСРК) [sim 0.986] — AI-вердикт: CORRECT
2025-10-13 12:19:04 [INFO] Аналитик функций ГО: AI подтвердил связь КПИМЮРК-32 (КПИМЮРК) → МЮРК-93 (МЮРК) [sim 0.990] — AI-вердикт: CORRECT
2025-10-13 12:19:04 [INFO] Аналитик функций ГО: AI подтвердил связь КПБМЧСРК-97 (КПБМЧСРК) → МЧСРК-142 (МЧСРК) [sim 0.972] — AI-вердикт: CORRECT
2025-10-13 12:19:04 [INFO] Аналитик функций ГО: AI подтвердил связь КПИМЮРК-31 (КПИМЮРК) → МЮРК-92 (МЮРК) [sim 0.990] — AI-вердикт: CORRECT
2025-10-13 12:19:04 [INFO] Аналитик функций ГО: AI подтвердил связь КПБМЧСРК-74 (КПБМЧСРК) → МЧСРК-181 (МЧСРК) [sim 0.986] — AI-вердикт: CORRECT
2025-10-13 12:19:04 [INFO] Аналитик функций ГО: AI подтвердил связь КПБМЧСРК-19 (КПБМЧСРК) → МЧСРК-370 (МЧСРК) [sim 0.890] — AI-вердикт: CORRECT
2025-10-13 12:19:04 [INFO] Аналитик функций ГО: AI подтвердил связь КПИМЮРК-33 (КПИМЮРК) → МЮРК-94 (МЮРК) [sim 0.992] — AI-вердикт: CORRECT
2025-10-13 12:19:04 [INFO] Аналитик функций ГО: AI подтвердил связь КПИМЮРК-40 (КПИМЮРК) → МЮРК-101 (МЮРК) [sim 0.976] — AI-вердикт: CORRECT
2025-10-13 12:19:04 [INFO] Аналитик функций ГО: AI подтвердил связь КПИМЮРК-22 (КПИМЮРК) → МЮРК-43 (МЮРК) [sim 0.971] — AI-вердикт: CORRECT
2025-10-13 12:19:04 [INFO] Аналитик функций ГО: AI подтвердил связь КПИМЮРК-36 (КПИМЮРК) → МЮРК-97 (МЮРК) [sim 0.984] — AI-вердикт: CORRECT
2025-10-13 12:19:04 [INFO] Аналитик функций ГО: AI подтвердил связь КПИМЮРК-39 (КПИМЮРК) → МЮРК-100 (МЮРК) [sim 0.983] — AI-вердикт: CORRECT
2025-10-13 12:19:04 [INFO] Аналитик функций ГО: AI подтвердил связь КПИСМЮРК-14 (КПИСМЮРК) → МЮРК-22 (МЮРК) [sim 1.000] — AI-вердикт: CORRECT
2025-10-13 12:19:04 [INFO] Аналитик функций ГО: AI подтвердил связь КПИМЮРК-30 (КПИМЮРК) → МЮРК-91 (МЮРК) [sim 0.992] — AI-вердикт: CORRECT
2025-10-13 12:19:04 [INFO] Аналитик функций ГО: AI подтвердил связь КПИМЮРК-53 (КПИМЮРК) → МЮРК-151 (МЮРК) [sim 1.000] — AI-вердикт: CORRECT
2025-10-13 12:19:04 [INFO] Аналитик функций ГО: AI подтвердил связь КПИМЮРК-25 (КПИМЮРК) → МЮРК-47 (МЮРК) [sim 0.974] — AI-вердикт: CORRECT
2025-10-13 12:19:04 [INFO] Аналитик функций ГО: AI подтвердил связь КПИСМЮРК-1 (КПИСМЮРК) → МЮРК-113 (МЮРК) [sim 1.000] — AI-вердикт: CORRECT
2025-10-13 12:19:04 [INFO] Аналитик функций ГО: AI подтвердил связь КПИМЮРК-20 (КПИМЮРК) → МЮРК-41 (МЮРК) [sim 1.000] — AI-вердикт: CORRECT
2025-10-13 12:19:04 [INFO] Аналитик функций ГО: AI подтвердил связь КПИМЮРК-37 (КПИМЮРК) → МЮРК-98 (МЮРК) [sim 0.979] — AI-вердикт: CORRECT
2025-10-13 12:19:04 [INFO] Аналитик функций ГО: AI подтвердил связь КПИМЮРК-44 (КПИМЮРК) → МЮРК-107 (МЮРК) [sim 0.991] — AI-вердикт: CORRECT
2025-10-13 12:19:04 [INFO] Аналитик функций ГО: AI подтвердил связь КПИМЮРК-55 (КПИМЮРК) → МЮРК-252 (МЮРК) [sim 1.000] — AI-вердикт: CORRECT
2025-10-13 12:19:04 [INFO] Аналитик функций ГО: AI подтвердил связь КПИМЮРК-60 (КПИМЮРК) → МЮРК-300 (МЮРК) [sim 1.000] — AI-вердикт: CORRECT
2025-10-13 12:19:04 [INFO] Аналитик функций ГО: AI подтвердил связь КПИМЮРК-7 (КПИМЮРК) → МЮРК-111 (МЮРК) [sim 1.000] — AI-вердикт: CORRECT
2025-10-13 12:19:04 [INFO] Аналитик функций ГО: AI подтвердил связь КПИСМЮРК-17 (КПИСМЮРК) → МЮРК-30 (МЮРК) [sim 1.000] — AI-вердикт: CORRECT
2025-10-13 12:19:04 [INFO] Аналитик функций ГО: AI подтвердил связь КПИМЮРК-5 (КПИМЮРК) → МЮРК-114 (МЮРК) [sim 1.000] — AI-вердикт: CORRECT
2025-10-13 12:19:04 [INFO] Аналитик функций ГО: AI подтвердил связь КПИМЮРК-62 (КПИМЮРК) → МЮРК-303 (МЮРК) [sim 1.000] — AI-вердикт: CORRECT
2025-10-13 12:19:04 [INFO] Аналитик функций ГО: AI подтвердил связь КПБМЧСРК-75 (КПБМЧСРК) → МЧСРК-182 (МЧСРК) [sim 0.976] — AI-вердикт: CORRECT
2025-10-13 12:19:04 [INFO] Аналитик функций ГО: AI подтвердил связь КПИМЮРК-58 (КПИМЮРК) → МЮРК-297 (МЮРК) [sim 1.000] — AI-вердикт: CORRECT
2025-10-13 12:19:04 [INFO] Аналитик функций ГО: AI подтвердил связь КПИМЮРК-26 (КПИМЮРК) → МЮРК-50 (МЮРК) [sim 1.000] — AI-вердикт: CORRECT
2025-10-13 12:19:04 [INFO] Аналитик функций ГО: AI подтвердил связь КПИМЮРК-41 (КПИМЮРК) → МЮРК-102 (МЮРК) [sim 0.961] — AI-вердикт: CORRECT
2025-10-13 12:19:04 [INFO] Аналитик функций ГО: AI подтвердил связь КПИМЮРК-59 (КПИМЮРК) → МЮРК-298 (МЮРК) [sim 1.000] — AI-вердикт: CORRECT
2025-10-13 12:19:04 [INFO] Аналитик функций ГО: AI подтвердил связь КПИСМЮРК-21 (КПИСМЮРК) → МЮРК-42 (МЮРК) [sim 1.000] — AI-вердикт: CORRECT
2025-10-13 12:19:04 [INFO] Аналитик функций ГО: AI подтвердил связь КПИМЮРК-35 (КПИМЮРК) → МЮРК-96 (МЮРК) [sim 0.982] — AI-вердикт: CORRECT
2025-10-13 12:19:04 [INFO] Аналитик функций ГО: AI подтвердил связь КПИМЮРК-47 (КПИМЮРК) → МЮРК-259 (МЮРК) [sim 1.000] — AI-вердикт: CORRECT
2025-10-13 12:19:04 [INFO] Аналитик функций ГО: AI подтвердил связь КПИСМЮРК-15 (КПИСМЮРК) → МЮРК-23 (МЮРК) [sim 1.000] — AI-вердикт: CORRECT
2025-10-13 12:19:04 [INFO] Аналитик функций ГО: AI подтвердил связь КПИМЮРК-56 (КПИМЮРК) → МЮРК-256 (МЮРК) [sim 0.887] — AI-вердикт: CORRECT
2025-10-13 12:19:04 [INFO] Аналитик функций ГО: AI подтвердил связь КПИМЮРК-29 (КПИМЮРК) → МЮРК-90 (МЮРК) [sim 0.990] — AI-вердикт: CORRECT
2025-10-13 12:19:04 [INFO] Аналитик функций ГО: AI подтвердил связь КПИСМЮРК-13 (КПИСМЮРК) → МЮРК-13 (МЮРК) [sim 1.000] — AI-вердикт: CORRECT
2025-10-13 12:19:04 [INFO] Аналитик функций ГО: AI подтвердил связь КПИМЮРК-46 (КПИМЮРК) → МЮРК-109 (МЮРК) [sim 0.966] — AI-вердикт: CORRECT
2025-10-13 12:19:04 [INFO] Аналитик функций ГО: AI подтвердил связь КПИСМЮРК-20 (КПИСМЮРК) → МЮРК-41 (МЮРК) [sim 1.000] — AI-вердикт: CORRECT
2025-10-13 12:19:04 [INFO] Аналитик функций ГО: AI подтвердил связь КПИСМЮРК-10 (КПИСМЮРК) → МЮРК-1 (МЮРК) [sim 1.000] — AI-вердикт: CORRECT
2025-10-13 12:19:04 [INFO] Аналитик функций ГО: AI подтвердил связь КПБМЧСРК-90 (КПБМЧСРК) → МЧСРК-135 (МЧСРК) [sim 0.966] — AI-вердикт: CORRECT
2025-10-13 12:19:04 [INFO] Аналитик функций ГО: AI подтвердил связь КПИМЮРК-8 (КПИМЮРК) → МЮРК-105 (МЮРК) [sim 1.000] — AI-вердикт: CORRECT
2025-10-13 12:19:04 [INFO] Аналитик функций ГО: AI подтвердил связь КПИСМЮРК-29 (КПИСМЮРК) → МЮРК-90 (МЮРК) [sim 0.990] — AI-вердикт: CORRECT
2025-10-13 12:19:04 [INFO] Аналитик функций ГО: AI подтвердил связь КПИМЮРК-54 (КПИМЮРК) → МЮРК-248 (МЮРК) [sim 0.897] — AI-вердикт: CORRECT
2025-10-13 12:19:04 [INFO] Аналитик функций ГО: AI подтвердил связь КПИМЮРК-24 (КПИМЮРК) → МЮРК-46 (МЮРК) [sim 0.816] — AI-вердикт: CORRECT
2025-10-13 12:19:04 [INFO] Аналитик функций ГО: AI подтвердил связь КПИСМЮРК-2 (КПИСМЮРК) → МЮРК-89 (МЮРК) [sim 1.000] — AI-вердикт: CORRECT
2025-10-13 12:19:04 [INFO] Аналитик функций ГО: AI подтвердил связь КПИСМЮРК-28 (КПИСМЮРК) → МЮРК-88 (МЮРК) [sim 1.000] — AI-вердикт: CORRECT
2025-10-13 12:19:04 [INFO] Аналитик функций ГО: AI подтвердил связь КПИМЮРК-42 (КПИМЮРК) → МЮРК-103 (МЮРК) [sim 0.971] — AI-вердикт: CORRECT
2025-10-13 12:19:04 [INFO] Аналитик функций ГО: AI подтвердил связь КПИСМЮРК-16 (КПИСМЮРК) → МЮРК-25 (МЮРК) [sim 1.000] — AI-вердикт: CORRECT
2025-10-13 12:19:04 [INFO] Аналитик функций ГО: AI подтвердил связь КПИСМЮРК-47 (КПИСМЮРК) → МЮРК-259 (МЮРК) [sim 1.000] — AI-вердикт: CORRECT
2025-10-13 12:19:04 [INFO] Аналитик функций ГО: AI подтвердил связь КПИМЮРК-9 (КПИМЮРК) → МЮРК-110 (МЮРК) [sim 0.924] — AI-вердикт: CORRECT
2025-10-13 12:19:04 [INFO] Аналитик функций ГО: AI подтвердил связь КПБМЧСРК-2 (КПБМЧСРК) → МЧСРК-329 (МЧСРК) [sim 0.627] — AI-вердикт: CORRECT
2025-10-13 12:19:04 [INFO] Аналитик функций ГО: AI подтвердил связь КПИСМЮРК-45 (КПИСМЮРК) → МЮРК-108 (МЮРК) [sim 1.000] — AI-вердикт: CORRECT
2025-10-13 12:19:04 [INFO] Аналитик функций ГО: AI подтвердил связь КПИМЮРК-61 (КПИМЮРК) → МЮРК-301 (МЮРК) [sim 0.961] — AI-вердикт: CORRECT
2025-10-13 12:19:04 [INFO] Аналитик функций ГО: AI подтвердил связь КПИМЮРК-49 (КПИМЮРК) → МЮРК-117 (МЮРК) [sim 0.961] — AI-вердикт: CORRECT
2025-10-13 12:19:04 [INFO] Аналитик функций ГО: AI подтвердил связь КПИСМЮРК-25 (КПИСМЮРК) → МЮРК-47 (МЮРК) [sim 0.974] — AI-вердикт: CORRECT
2025-10-13 12:19:04 [INFO] Аналитик функций ГО: AI подтвердил связь КПИСМЮРК-26 (КПИСМЮРК) → МЮРК-50 (МЮРК) [sim 1.000] — AI-вердикт: CORRECT
2025-10-13 12:19:04 [INFO] Аналитик функций ГО: AI подтвердил связь КПИМЮРК-16 (КПИМЮРК) → МЮРК-25 (МЮРК) [sim 1.000] — AI-вердикт: CORRECT
2025-10-13 12:19:04 [INFO] Аналитик функций ГО: AI подтвердил связь КПБМЧСРК-5 (КПБМЧСРК) → МЧСРК-329 (МЧСРК) [sim 0.688] — AI-вердикт: CORRECT
2025-10-13 12:19:04 [INFO] Аналитик функций ГО: AI подтвердил связь КПИСМЮРК-35 (КПИСМЮРК) → МЮРК-96 (МЮРК) [sim 0.982] — AI-вердикт: CORRECT
2025-10-13 12:19:04 [INFO] Аналитик функций ГО: AI подтвердил связь КПИСМЮРК-27 (КПИСМЮРК) → МЮРК-87 (МЮРК) [sim 1.000] — AI-вердикт: CORRECT
2025-10-13 12:19:04 [INFO] Аналитик функций ГО: AI подтвердил связь КПИСМЮРК-42 (КПИСМЮРК) → МЮРК-103 (МЮРК) [sim 0.971] — AI-вердикт: CORRECT
2025-10-13 12:19:04 [INFO] Аналитик функций ГО: AI подтвердил связь КПИСМЮРК-33 (КПИСМЮРК) → МЮРК-94 (МЮРК) [sim 0.992] — AI-вердикт: CORRECT
2025-10-13 12:19:04 [INFO] Аналитик функций ГО: AI подтвердил связь КПИСМЮРК-53 (КПИСМЮРК) → МЮРК-151 (МЮРК) [sim 1.000] — AI-вердикт: CORRECT
2025-10-13 12:19:04 [INFO] Аналитик функций ГО: AI подтвердил связь КПИСМЮРК-58 (КПИСМЮРК) → МЮРК-297 (МЮРК) [sim 1.000] — AI-вердикт: CORRECT
2025-10-13 12:19:04 [INFO] Аналитик функций ГО: AI подтвердил связь КПИСМЮРК-31 (КПИСМЮРК) → МЮРК-92 (МЮРК) [sim 0.990] — AI-вердикт: CORRECT
2025-10-13 12:19:04 [INFO] Аналитик функций ГО: AI подтвердил связь КПИСМЮРК-5 (КПИСМЮРК) → МЮРК-114 (МЮРК) [sim 1.000] — AI-вердикт: CORRECT
2025-10-13 12:19:04 [INFO] Аналитик функций ГО: AI подтвердил связь КПИМЮРК-38 (КПИМЮРК) → МЮРК-99 (МЮРК) [sim 0.979] — AI-вердикт: CORRECT
2025-10-13 12:19:04 [INFO] Аналитик функций ГО: AI подтвердил связь КПИСМЮРК-62 (КПИСМЮРК) → МЮРК-303 (МЮРК) [sim 1.000] — AI-вердикт: CORRECT
2025-10-13 12:19:04 [INFO] Аналитик функций ГО: AI подтвердил связь КПИСМЮРК-46 (КПИСМЮРК) → МЮРК-109 (МЮРК) [sim 0.966] — AI-вердикт: CORRECT
2025-10-13 12:19:04 [INFO] Аналитик функций ГО: AI подтвердил связь КПИСМЮРК-37 (КПИСМЮРК) → МЮРК-98 (МЮРК) [sim 0.979] — AI-вердикт: CORRECT
2025-10-13 12:19:04 [INFO] Аналитик функций ГО: AI подтвердил связь КПИСМЮРК-54 (КПИСМЮРК) → МЮРК-248 (МЮРК) [sim 0.897] — AI-вердикт: CORRECT
2025-10-13 12:19:04 [INFO] Аналитик функций ГО: AI подтвердил связь КПИСМЮРК-36 (КПИСМЮРК) → МЮРК-97 (МЮРК) [sim 0.984] — AI-вердикт: CORRECT
2025-10-13 12:19:04 [INFO] Аналитик функций ГО: AI подтвердил связь КПИСМЮРК-18 (КПИСМЮРК) → МЮРК-33 (МЮРК) [sim 0.905] — AI-вердикт: CORRECT
2025-10-13 12:19:04 [INFO] Аналитик функций ГО: AI подтвердил связь КПИСМЮРК-34 (КПИСМЮРК) → МЮРК-95 (МЮРК) [sim 0.989] — AI-вердикт: CORRECT
2025-10-13 12:19:04 [INFO] Аналитик функций ГО: AI подтвердил связь КПИСМЮРК-11 (КПИСМЮРК) → МЮРК-2 (МЮРК) [sim 1.000] — AI-вердикт: CORRECT
2025-10-13 12:19:04 [INFO] Аналитик функций ГО: AI подтвердил связь КПИСМЮРК-24 (КПИСМЮРК) → МЮРК-46 (МЮРК) [sim 0.816] — AI-вердикт: CORRECT
2025-10-13 12:19:04 [INFO] Аналитик функций ГО: AI подтвердил связь КПИСМЮРК-32 (КПИСМЮРК) → МЮРК-93 (МЮРК) [sim 0.990] — AI-вердикт: CORRECT
2025-10-13 12:19:04 [INFO] Аналитик функций ГО: AI подтвердил связь КПИСМЮРК-44 (КПИСМЮРК) → МЮРК-107 (МЮРК) [sim 0.991] — AI-вердикт: CORRECT
2025-10-13 12:19:04 [INFO] Аналитик функций ГО: AI подтвердил связь КПБМЧСРК-9 (КПБМЧСРК) → МЧСРК-316 (МЧСРК) [sim 0.937] — AI-вердикт: CORRECT
2025-10-13 12:19:04 [INFO] Аналитик функций ГО: AI подтвердил связь КПИСМЮРК-56 (КПИСМЮРК) → МЮРК-256 (МЮРК) [sim 0.887] — AI-вердикт: CORRECT
2025-10-13 12:19:04 [INFO] Аналитик функций ГО: AI подтвердил связь КПИСМЮРК-43 (КПИСМЮРК) → МЮРК-106 (МЮРК) [sim 0.979] — AI-вердикт: CORRECT
2025-10-13 12:19:04 [INFO] Аналитик функций ГО: AI подтвердил связь КПИСМЮРК-40 (КПИСМЮРК) → МЮРК-101 (МЮРК) [sim 0.976] — AI-вердикт: CORRECT
2025-10-13 12:19:04 [INFO] Аналитик функций ГО: AI подтвердил связь КПИСМЮРК-4 (КПИСМЮРК) → МЮРК-112 (МЮРК) [sim 1.000] — AI-вердикт: CORRECT
2025-10-13 12:19:04 [INFO] Аналитик функций ГО: AI подтвердил связь КПИСМЮРК-8 (КПИСМЮРК) → МЮРК-105 (МЮРК) [sim 1.000] — AI-вердикт: CORRECT
2025-10-13 12:19:04 [INFO] Аналитик функций ГО: AI подтвердил связь КПИМЮРК-48 (КПИМЮРК) → МЮРК-116 (МЮРК) [sim 0.962] — AI-вердикт: CORRECT
2025-10-13 12:19:04 [INFO] Аналитик функций ГО: AI подтвердил связь КПМПСРК-101 (КПМПСРК) → МПСРК-153 (МПСРК) [sim 0.955] — AI-вердикт: CORRECT
2025-10-13 12:19:04 [INFO] Аналитик функций ГО: AI подтвердил связь КПИСМЮРК-39 (КПИСМЮРК) → МЮРК-100 (МЮРК) [sim 0.983] — AI-вердикт: CORRECT
2025-10-13 12:19:04 [INFO] Аналитик функций ГО: AI подтвердил связь КПИСМЮРК-22 (КПИСМЮРК) → МЮРК-43 (МЮРК) [sim 0.971] — AI-вердикт: CORRECT
2025-10-13 12:19:04 [INFO] Аналитик функций ГО: AI подтвердил связь КПИСМЮРК-41 (КПИСМЮРК) → МЮРК-102 (МЮРК) [sim 0.961] — AI-вердикт: CORRECT
2025-10-13 12:19:04 [INFO] Аналитик функций ГО: AI подтвердил связь КПИСМЮРК-59 (КПИСМЮРК) → МЮРК-298 (МЮРК) [sim 1.000] — AI-вердикт: CORRECT
2025-10-13 12:19:04 [INFO] Аналитик функций ГО: AI подтвердил связь КПИСМЮРК-55 (КПИСМЮРК) → МЮРК-252 (МЮРК) [sim 1.000] — AI-вердикт: CORRECT
2025-10-13 12:19:04 [INFO] Аналитик функций ГО: AI подтвердил связь КПИСМЮРК-38 (КПИСМЮРК) → МЮРК-99 (МЮРК) [sim 0.979] — AI-вердикт: CORRECT
2025-10-13 12:19:04 [INFO] Аналитик функций ГО: AI подтвердил связь КПИСМЮРК-60 (КПИСМЮРК) → МЮРК-300 (МЮРК) [sim 1.000] — AI-вердикт: CORRECT
2025-10-13 12:19:04 [INFO] Аналитик функций ГО: AI подтвердил связь КПИСМЮРК-7 (КПИСМЮРК) → МЮРК-111 (МЮРК) [sim 1.000] — AI-вердикт: CORRECT
2025-10-13 12:19:04 [INFO] Аналитик функций ГО: AI подтвердил связь КПИСМЮРК-30 (КПИСМЮРК) → МЮРК-91 (МЮРК) [sim 0.992] — AI-вердикт: CORRECT
2025-10-13 12:19:04 [INFO] Аналитик функций ГО: AI подтвердил связь КПИСМЮРК-61 (КПИСМЮРК) → МЮРК-301 (МЮРК) [sim 0.961] — AI-вердикт: CORRECT
2025-10-13 12:19:04 [INFO] Аналитик функций ГО: AI подтвердил связь КПМПСРК-102 (КПМПСРК) → МПСРК-147 (МПСРК) [sim 0.954] — AI-вердикт: CORRECT
2025-10-13 12:19:04 [INFO] Аналитик функций ГО: AI подтвердил связь КПИСМЮРК-23 (КПИСМЮРК) → МЮРК-45 (МЮРК) [sim 0.900] — AI-вердикт: CORRECT
2025-10-13 12:19:04 [INFO] Аналитик функций ГО: AI подтвердил связь КПМПСРК-107 (КПМПСРК) → МПСРК-170 (МПСРК) [sim 0.972] — AI-вердикт: CORRECT
2025-10-13 12:19:04 [INFO] Аналитик функций ГО: AI подтвердил связь КПМПСРК-106 (КПМПСРК) → МПСРК-251 (МПСРК) [sim 0.957] — AI-вердикт: CORRECT
2025-10-13 12:19:04 [INFO] Аналитик функций ГО: AI подтвердил связь КПМПСРК-113 (КПМПСРК) → МПСРК-169 (МПСРК) [sim 0.968] — AI-вердикт: CORRECT
2025-10-13 12:19:04 [INFO] Аналитик функций ГО: AI подтвердил связь КПМПСРК-13 (КПМПСРК) → МПСРК-6 (МПСРК) [sim 0.987] — AI-вердикт: CORRECT
2025-10-13 12:19:04 [INFO] Аналитик функций ГО: AI подтвердил связь КПИСМЮРК-19 (КПИСМЮРК) → МЮРК-34 (МЮРК) [sim 0.773] — AI-вердикт: CORRECT
2025-10-13 12:19:04 [INFO] Аналитик функций ГО: AI подтвердил связь КПМПСРК-133 (КПМПСРК) → МПСРК-88 (МПСРК) [sim 0.991] — AI-вердикт: CORRECT
2025-10-13 12:19:04 [INFO] Аналитик функций ГО: AI подтвердил связь КПМПСРК-15 (КПМПСРК) → МПСРК-7 (МПСРК) [sim 0.924] — AI-вердикт: CORRECT
2025-10-13 12:19:04 [INFO] Аналитик функций ГО: AI подтвердил связь КПМПСРК-154 (КПМПСРК) → МПСРК-93 (МПСРК) [sim 0.955] — AI-вердикт: CORRECT
2025-10-13 12:19:04 [INFO] Аналитик функций ГО: AI подтвердил связь КПМПСРК-103 (КПМПСРК) → МПСРК-148 (МПСРК) [sim 0.956] — AI-вердикт: CORRECT
2025-10-13 12:19:04 [INFO] Аналитик функций ГО: AI подтвердил связь КПИСМЮРК-9 (КПИСМЮРК) → МЮРК-110 (МЮРК) [sim 0.924] — AI-вердикт: CORRECT
2025-10-13 12:19:04 [INFO] Аналитик функций ГО: AI подтвердил связь КПМПСРК-171 (КПМПСРК) → МПСРК-120 (МПСРК) [sim 0.993] — AI-вердикт: CORRECT
2025-10-13 12:19:04 [INFO] Аналитик функций ГО: AI подтвердил связь КПМПСРК-149 (КПМПСРК) → МПСРК-90 (МПСРК) [sim 0.952] — AI-вердикт: CORRECT
2025-10-13 12:19:04 [INFO] Аналитик функций ГО: AI подтвердил связь КПМПСРК-115 (КПМПСРК) → МПСРК-10 (МПСРК) [sim 0.765] — AI-вердикт: CORRECT
2025-10-13 12:19:04 [INFO] Аналитик функций ГО: AI подтвердил связь КПМПСРК-116 (КПМПСРК) → МПСРК-10 (МПСРК) [sim 0.667] — AI-вердикт: CORRECT
2025-10-13 12:19:04 [INFO] Аналитик функций ГО: AI подтвердил связь КПМПСРК-145 (КПМПСРК) → МПСРК-96 (МПСРК) [sim 0.933] — AI-вердикт: CORRECT
2025-10-13 12:19:04 [INFO] Аналитик функций ГО: AI подтвердил связь КПМПСРК-111 (КПМПСРК) → МПСРК-168 (МПСРК) [sim 0.949] — AI-вердикт: CORRECT
2025-10-13 12:19:04 [INFO] Аналитик функций ГО: AI подтвердил связь КПМПСРК-131 (КПМПСРК) → МПСРК-86 (МПСРК) [sim 0.987] — AI-вердикт: CORRECT
2025-10-13 12:19:04 [INFO] Аналитик функций ГО: AI подтвердил связь КПМПСРК-153 (КПМПСРК) → МПСРК-90 (МПСРК) [sim 0.738] — AI-вердикт: CORRECT
2025-10-13 12:19:04 [INFO] Аналитик функций ГО: AI подтвердил связь КПМПСРК-155 (КПМПСРК) → МПСРК-95 (МПСРК) [sim 0.892] — AI-вердикт: CORRECT
2025-10-13 12:19:04 [INFO] Аналитик функций ГО: AI подтвердил связь КПМПСРК-159 (КПМПСРК) → МПСРК-239 (МПСРК) [sim 0.984] — AI-вердикт: CORRECT
2025-10-13 12:19:04 [INFO] Аналитик функций ГО: AI подтвердил связь КПМПСРК-147 (КПМПСРК) → МПСРК-252 (МПСРК) [sim 0.975] — AI-вердикт: CORRECT
2025-10-13 12:19:04 [INFO] Аналитик функций ГО: AI подтвердил связь КПИСМЮРК-48 (КПИСМЮРК) → МЮРК-116 (МЮРК) [sim 0.962] — AI-вердикт: CORRECT
2025-10-13 12:19:04 [INFO] Аналитик функций ГО: AI подтвердил связь КПМПСРК-134 (КПМПСРК) → МПСРК-86 (МПСРК) [sim 0.877] — AI-вердикт: CORRECT
2025-10-13 12:19:04 [INFO] Аналитик функций ГО: AI подтвердил связь КПМПСРК-167 (КПМПСРК) → МПСРК-53 (МПСРК) [sim 0.975] — AI-вердикт: CORRECT
2025-10-13 12:19:04 [INFO] Аналитик функций ГО: AI подтвердил связь КПМПСРК-165 (КПМПСРК) → МПСРК-52 (МПСРК) [sim 0.974] — AI-вердикт: CORRECT
2025-10-13 12:19:04 [INFO] Аналитик функций ГО: AI подтвердил связь КПМПСРК-168 (КПМПСРК) → МПСРК-81 (МПСРК) [sim 0.982] — AI-вердикт: CORRECT
2025-10-13 12:19:04 [INFO] Аналитик функций ГО: AI подтвердил связь КПМПСРК-11 (КПМПСРК) → МПСРК-5 (МПСРК) [sim 0.790] — AI-вердикт: CORRECT
2025-10-13 12:19:04 [INFO] Аналитик функций ГО: AI подтвердил связь КПМПСРК-150 (КПМПСРК) → МПСРК-91 (МПСРК) [sim 0.998] — AI-вердикт: CORRECT
2025-10-13 12:19:04 [INFO] Аналитик функций ГО: AI подтвердил связь КПМПСРК-114 (КПМПСРК) → МПСРК-10 (МПСРК) [sim 0.696] — AI-вердикт: CORRECT
2025-10-13 12:19:04 [INFO] Аналитик функций ГО: AI подтвердил связь КПМПСРК-151 (КПМПСРК) → МПСРК-90 (МПСРК) [sim 0.718] — AI-вердикт: CORRECT
2025-10-13 12:19:04 [INFO] Аналитик функций ГО: AI подтвердил связь КПМПСРК-132 (КПМПСРК) → МПСРК-87 (МПСРК) [sim 0.986] — AI-вердикт: CORRECT
2025-10-13 12:19:04 [INFO] Аналитик функций ГО: AI подтвердил связь КПМПСРК-129 (КПМПСРК) → МПСРК-85 (МПСРК) [sim 0.784] — AI-вердикт: CORRECT
2025-10-13 12:19:04 [INFO] Аналитик функций ГО: AI подтвердил связь КПМПСРК-183 (КПМПСРК) → МПСРК-65 (МПСРК) [sim 0.955] — AI-вердикт: CORRECT
2025-10-13 12:19:04 [INFO] Аналитик функций ГО: AI подтвердил связь КПМПСРК-182 (КПМПСРК) → МПСРК-64 (МПСРК) [sim 0.931] — AI-вердикт: CORRECT
2025-10-13 12:19:04 [INFO] Аналитик функций ГО: AI подтвердил связь КПМПСРК-178 (КПМПСРК) → МПСРК-59 (МПСРК) [sim 0.949] — AI-вердикт: CORRECT
2025-10-13 12:19:04 [INFO] Аналитик функций ГО: AI подтвердил связь КПМПСРК-162 (КПМПСРК) → МПСРК-54 (МПСРК) [sim 0.956] — AI-вердикт: CORRECT
2025-10-13 12:19:04 [INFO] Аналитик функций ГО: AI подтвердил связь КПМПСРК-10 (КПМПСРК) → МПСРК-2 (МПСРК) [sim 0.916] — AI-вердикт: CORRECT
2025-10-13 12:19:04 [INFO] Аналитик функций ГО: AI подтвердил связь КПМПСРК-184 (КПМПСРК) → МПСРК-66 (МПСРК) [sim 0.963] — AI-вердикт: CORRECT
2025-10-13 12:19:04 [INFO] Аналитик функций ГО: AI подтвердил связь КПМПСРК-108 (КПМПСРК) → МПСРК-170 (МПСРК) [sim 0.832] — AI-вердикт: CORRECT
2025-10-13 12:19:04 [INFO] Аналитик функций ГО: AI подтвердил связь КПМПСРК-1 (КПМПСРК) → МПСРК-2 (МПСРК) [sim 0.546] — AI-вердикт: CORRECT
2025-10-13 12:19:04 [INFO] Аналитик функций ГО: AI подтвердил связь КПМПСРК-172 (КПМПСРК) → МПСРК-166 (МПСРК) [sim 0.984] — AI-вердикт: CORRECT
2025-10-13 12:19:04 [INFO] Аналитик функций ГО: AI подтвердил связь КПМПСРК-158 (КПМПСРК) → МПСРК-97 (МПСРК) [sim 0.924] — AI-вердикт: CORRECT
2025-10-13 12:19:04 [INFO] Аналитик функций ГО: AI подтвердил связь КПМПСРК-174 (КПМПСРК) → МПСРК-172 (МПСРК) [sim 0.985] — AI-вердикт: CORRECT
2025-10-13 12:19:04 [INFO] Аналитик функций ГО: AI подтвердил связь КПМПСРК-117 (КПМПСРК) → МПСРК-10 (МПСРК) [sim 0.780] — AI-вердикт: CORRECT
2025-10-13 12:19:04 [INFO] Аналитик функций ГО: AI подтвердил связь КПМПСРК-197-6 (КПМПСРК) → МПСРК-195-6 (МПСРК) [sim 0.981] — AI-вердикт: CORRECT
2025-10-13 12:19:04 [INFO] Аналитик функций ГО: AI подтвердил связь КПМПСРК-173 (КПМПСРК) → МПСРК-171 (МПСРК) [sim 0.986] — AI-вердикт: CORRECT
2025-10-13 12:19:04 [INFO] Аналитик функций ГО: AI подтвердил связь КПМПСРК-197-8 (КПМПСРК) → МПСРК-195-8 (МПСРК) [sim 0.960] — AI-вердикт: CORRECT
2025-10-13 12:19:04 [INFO] Аналитик функций ГО: AI подтвердил связь КПМПСРК-189-1 (КПМПСРК) → МПСРК-98 (МПСРК) [sim 0.931] — AI-вердикт: CORRECT
2025-10-13 12:19:04 [INFO] Аналитик функций ГО: AI подтвердил связь КПМПСРК-197-2 (КПМПСРК) → МПСРК-195-2 (МПСРК) [sim 0.970] — AI-вердикт: CORRECT
2025-10-13 12:19:04 [INFO] Аналитик функций ГО: AI подтвердил связь КПМПСРК-196-1 (КПМПСРК) → МПСРК-179 (МПСРК) [sim 0.962] — AI-вердикт: CORRECT
2025-10-13 12:19:04 [INFO] Аналитик функций ГО: AI подтвердил связь КПМПСРК-130 (КПМПСРК) → МПСРК-85 (МПСРК) [sim 0.964] — AI-вердикт: CORRECT
2025-10-13 12:19:04 [INFO] Аналитик функций ГО: AI подтвердил связь КПМПСРК-196-13 (КПМПСРК) → МПСРК-193 (МПСРК) [sim 0.991] — AI-вердикт: CORRECT
2025-10-13 12:19:04 [INFO] Аналитик функций ГО: AI подтвердил связь КПМПСРК-100 (КПМПСРК) → МПСРК-152 (МПСРК) [sim 0.965] — AI-вердикт: CORRECT
2025-10-13 12:19:04 [INFO] Аналитик функций ГО: AI подтвердил связь КПМПСРК-197-3 (КПМПСРК) → МПСРК-195-3 (МПСРК) [sim 0.984] — AI-вердикт: CORRECT
2025-10-13 12:19:04 [INFO] Аналитик функций ГО: AI подтвердил связь КПМПСРК-196-3 (КПМПСРК) → МПСРК-181 (МПСРК) [sim 0.976] — AI-вердикт: CORRECT
2025-10-13 12:19:04 [INFO] Аналитик функций ГО: AI подтвердил связь КПМПСРК-197-4 (КПМПСРК) → МПСРК-195-4 (МПСРК) [sim 0.953] — AI-вердикт: CORRECT
2025-10-13 12:19:04 [INFO] Аналитик функций ГО: AI подтвердил связь КПМПСРК-196-5 (КПМПСРК) → МПСРК-184 (МПСРК) [sim 0.980] — AI-вердикт: CORRECT
2025-10-13 12:19:04 [INFO] Аналитик функций ГО: AI подтвердил связь КПМПСРК-156 (КПМПСРК) → МПСРК-253 (МПСРК) [sim 0.975] — AI-вердикт: CORRECT
2025-10-13 12:19:04 [INFO] Аналитик функций ГО: AI подтвердил связь КПМПСРК-196-9 (КПМПСРК) → МПСРК-188 (МПСРК) [sim 0.978] — AI-вердикт: CORRECT
2025-10-13 12:19:04 [INFO] Аналитик функций ГО: AI подтвердил связь КПМПСРК-196-8 (КПМПСРК) → МПСРК-187 (МПСРК) [sim 0.943] — AI-вердикт: CORRECT
2025-10-13 12:19:04 [INFO] Аналитик функций ГО: AI подтвердил связь КПМПСРК-190 (КПМПСРК) → МПСРК-238 (МПСРК) [sim 0.965] — AI-вердикт: CORRECT
2025-10-13 12:19:04 [INFO] Аналитик функций ГО: AI подтвердил связь КПМПСРК-191 (КПМПСРК) → МПСРК-109 (МПСРК) [sim 0.985] — AI-вердикт: CORRECT
2025-10-13 12:19:04 [INFO] Аналитик функций ГО: AI подтвердил связь КПМПСРК-192 (КПМПСРК) → МПСРК-110 (МПСРК) [sim 0.988] — AI-вердикт: CORRECT
2025-10-13 12:19:04 [INFO] Аналитик функций ГО: AI подтвердил связь КПМПСРК-195 (КПМПСРК) → МПСРК-190 (МПСРК) [sim 0.894] — AI-вердикт: CORRECT
2025-10-13 12:19:04 [INFO] Аналитик функций ГО: AI подтвердил связь КПМПСРК-141 (КПМПСРК) → МПСРК-86 (МПСРК) [sim 0.759] — AI-вердикт: CORRECT
2025-10-13 12:19:04 [INFO] Аналитик функций ГО: AI подтвердил связь КПМПСРК-196-2 (КПМПСРК) → МПСРК-180 (МПСРК) [sim 0.969] — AI-вердикт: CORRECT
2025-10-13 12:19:04 [INFO] Аналитик функций ГО: AI подтвердил связь КПМПСРК-197-5 (КПМПСРК) → МПСРК-195-5 (МПСРК) [sim 0.995] — AI-вердикт: CORRECT
2025-10-13 12:19:04 [INFO] Аналитик функций ГО: AI подтвердил связь КПМПСРК-197-7 (КПМПСРК) → МПСРК-195-7 (МПСРК) [sim 0.984] — AI-вердикт: CORRECT
2025-10-13 12:19:04 [INFO] Аналитик функций ГО: AI подтвердил связь КПМПСРК-200 (КПМПСРК) → МПСРК-194 (МПСРК) [sim 0.991] — AI-вердикт: CORRECT
2025-10-13 12:19:04 [INFO] Аналитик функций ГО: AI подтвердил связь КПМПСРК-197-1 (КПМПСРК) → МПСРК-195-1 (МПСРК) [sim 0.993] — AI-вердикт: CORRECT
2025-10-13 12:19:04 [INFO] Аналитик функций ГО: AI подтвердил связь КПИМЮРК-23 (КПИМЮРК) → МЮРК-45 (МЮРК) [sim 0.900] — AI-вердикт: CORRECT
2025-10-13 12:19:04 [INFO] Аналитик функций ГО: AI подтвердил связь КПМПСРК-196-4 (КПМПСРК) → МПСРК-183 (МПСРК) [sim 0.960] — AI-вердикт: CORRECT
2025-10-13 12:19:04 [INFO] Аналитик функций ГО: AI подтвердил связь КПМПСРК-189-2 (КПМПСРК) → МПСРК-107 (МПСРК) [sim 0.917] — AI-вердикт: CORRECT
2025-10-13 12:19:04 [INFO] Аналитик функций ГО: AI подтвердил связь КПМПСРК-201 (КПМПСРК) → МПСРК-196 (МПСРК) [sim 0.987] — AI-вердикт: CORRECT
2025-10-13 12:19:04 [INFO] Аналитик функций ГО: AI подтвердил связь КПМПСРК-136 (КПМПСРК) → МПСРК-86 (МПСРК) [sim 0.797] — AI-вердикт: CORRECT
2025-10-13 12:19:04 [INFO] Аналитик функций ГО: AI подтвердил связь КПМПСРК-198 (КПМПСРК) → МПСРК-191 (МПСРК) [sim 0.987] — AI-вердикт: CORRECT
2025-10-13 12:19:04 [INFO] Аналитик функций ГО: AI подтвердил связь КПМПСРК-202 (КПМПСРК) → МПСРК-197 (МПСРК) [sim 0.951] — AI-вердикт: CORRECT
2025-10-13 12:19:04 [INFO] Аналитик функций ГО: AI подтвердил связь КПМПСРК-196-11 (КПМПСРК) → МПСРК-182 (МПСРК) [sim 0.971] — AI-вердикт: CORRECT
2025-10-13 12:19:04 [INFO] Аналитик функций ГО: AI подтвердил связь КПМПСРК-196-10 (КПМПСРК) → МПСРК-189 (МПСРК) [sim 0.928] — AI-вердикт: CORRECT
2025-10-13 12:19:04 [INFO] Аналитик функций ГО: AI подтвердил связь КПМПСРК-196-6 (КПМПСРК) → МПСРК-185 (МПСРК) [sim 0.979] — AI-вердикт: CORRECT
2025-10-13 12:19:04 [INFO] Аналитик функций ГО: AI подтвердил связь КПМПСРК-193 (КПМПСРК) → МПСРК-570 (МПСРК) [sim 0.906] — AI-вердикт: CORRECT
2025-10-13 12:19:04 [INFO] Аналитик функций ГО: AI подтвердил связь КПМПСРК-163 (КПМПСРК) → МПСРК-54 (МПСРК) [sim 0.845] — AI-вердикт: CORRECT
2025-10-13 12:19:04 [INFO] Аналитик функций ГО: AI подтвердил связь КПМПСРК-196-7 (КПМПСРК) → МПСРК-186 (МПСРК) [sim 0.983] — AI-вердикт: CORRECT
2025-10-13 12:19:04 [INFO] Аналитик функций ГО: AI подтвердил связь КПМПСРК-36 (КПМПСРК) → МПСРК-106 (МПСРК) [sim 0.952] — AI-вердикт: CORRECT
2025-10-13 12:19:04 [INFO] Аналитик функций ГО: AI подтвердил связь КПМПСРК-142 (КПМПСРК) → МПСРК-86 (МПСРК) [sim 0.808] — AI-вердикт: CORRECT
2025-10-13 12:19:04 [INFO] Аналитик функций ГО: AI подтвердил связь КПМПСРК-203 (КПМПСРК) → МПСРК-198 (МПСРК) [sim 0.993] — AI-вердикт: CORRECT
2025-10-13 12:19:04 [INFO] Аналитик функций ГО: AI подтвердил связь КПМПСРК-119 (КПМПСРК) → МПСРК-10 (МПСРК) [sim 0.651] — AI-вердикт: CORRECT
2025-10-13 12:19:04 [INFO] Аналитик функций ГО: AI подтвердил связь КПМПСРК-44 (КПМПСРК) → МПСРК-200 (МПСРК) [sim 0.942] — AI-вердикт: CORRECT
2025-10-13 12:19:04 [INFO] Аналитик функций ГО: AI подтвердил связь КПМПСРК-14 (КПМПСРК) → МПСРК-6 (МПСРК) [sim 0.931] — AI-вердикт: CORRECT
2025-10-13 12:19:04 [INFO] Аналитик функций ГО: AI подтвердил связь КПМПСРК-220 (КПМПСРК) → МПСРК-12 (МПСРК) [sim 0.773] — AI-вердикт: CORRECT
2025-10-13 12:19:04 [INFO] Аналитик функций ГО: AI подтвердил связь КПМПСРК-222 (КПМПСРК) → МПСРК-15 (МПСРК) [sim 0.807] — AI-вердикт: CORRECT
2025-10-13 12:19:04 [INFO] Аналитик функций ГО: AI подтвердил связь КПМПСРК-16 (КПМПСРК) → МПСРК-6 (МПСРК) [sim 0.633] — AI-вердикт: CORRECT
2025-10-13 12:19:04 [INFO] Аналитик функций ГО: AI подтвердил связь КПМПСРК-66 (КПМПСРК) → МПСРК-157 (МПСРК) [sim 0.987] — AI-вердикт: CORRECT
2025-10-13 12:19:04 [INFO] Аналитик функций ГО: AI подтвердил связь КПМПСРК-63 (КПМПСРК) → МПСРК-130 (МПСРК) [sim 0.950] — AI-вердикт: CORRECT
2025-10-13 12:19:04 [INFO] Аналитик функций ГО: AI подтвердил связь КПМПСРК-2 (КПМПСРК) → МПСРК-10 (МПСРК) [sim 0.654] — AI-вердикт: CORRECT
2025-10-13 12:19:04 [INFO] Аналитик функций ГО: AI подтвердил связь КПМПСРК-61 (КПМПСРК) → МПСРК-131 (МПСРК) [sim 0.968] — AI-вердикт: CORRECT
2025-10-13 12:19:04 [INFO] Аналитик функций ГО: AI подтвердил связь КПМПСРК-55 (КПМПСРК) → МПСРК-127 (МПСРК) [sim 0.928] — AI-вердикт: CORRECT
2025-10-13 12:19:04 [INFO] Аналитик функций ГО: AI подтвердил связь КПМПСРК-188 (КПМПСРК) → МПСРК-68 (МПСРК) [sim 0.814] — AI-вердикт: CORRECT
2025-10-13 12:19:04 [INFO] Аналитик функций ГО: AI подтвердил связь КПМПСРК-7 (КПМПСРК) → МПСРК-25 (МПСРК) [sim 0.967] — AI-вердикт: CORRECT
2025-10-13 12:19:04 [INFO] Аналитик функций ГО: AI подтвердил связь КПМПСРК-41 (КПМПСРК) → МПСРК-1 (МПСРК) [sim 0.614] — AI-вердикт: CORRECT
2025-10-13 12:19:04 [INFO] Аналитик функций ГО: AI подтвердил связь КПМПСРК-28 (КПМПСРК) → МПСРК-19 (МПСРК) [sim 0.926] — AI-вердикт: CORRECT
2025-10-13 12:19:04 [INFO] Аналитик функций ГО: AI подтвердил связь КПМПСРК-43 (КПМПСРК) → МПСРК-558 (МПСРК) [sim 0.735] — AI-вердикт: CORRECT
2025-10-13 12:19:04 [INFO] Аналитик функций ГО: AI подтвердил связь КПМПСРК-219 (КПМПСРК) → МПСРК-11 (МПСРК) [sim 0.797] — AI-вердикт: CORRECT
2025-10-13 12:19:04 [INFO] Аналитик функций ГО: AI подтвердил связь КПМПСРК-62 (КПМПСРК) → МПСРК-132 (МПСРК) [sim 0.980] — AI-вердикт: CORRECT
2025-10-13 12:19:04 [INFO] Аналитик функций ГО: AI подтвердил связь КПМПСРК-215 (КПМПСРК) → МПСРК-179 (МПСРК) [sim 0.814] — AI-вердикт: CORRECT
2025-10-13 12:19:04 [INFO] Аналитик функций ГО: AI подтвердил связь КПМПСРК-48 (КПМПСРК) → МПСРК-1 (МПСРК) [sim 0.631] — AI-вердикт: CORRECT
2025-10-13 12:19:04 [INFO] Аналитик функций ГО: AI подтвердил связь КПМПСРК-217 (КПМПСРК) → МПСРК-17 (МПСРК) [sim 0.787] — AI-вердикт: CORRECT
2025-10-13 12:19:04 [INFO] Аналитик функций ГО: AI подтвердил связь КПМПСРК-64 (КПМПСРК) → МПСРК-133 (МПСРК) [sim 0.960] — AI-вердикт: CORRECT
2025-10-13 12:19:04 [INFO] Аналитик функций ГО: AI подтвердил связь КПМПСРК-71 (КПМПСРК) → МПСРК-137 (МПСРК) [sim 0.940] — AI-вердикт: CORRECT
2025-10-13 12:19:04 [INFO] Аналитик функций ГО: AI подтвердил связь КПМПСРК-70 (КПМПСРК) → МПСРК-135 (МПСРК) [sim 0.940] — AI-вердикт: CORRECT
2025-10-13 12:19:04 [INFO] Аналитик функций ГО: AI подтвердил связь КПМПСРК-51 (КПМПСРК) → МПСРК-119 (МПСРК) [sim 0.936] — AI-вердикт: CORRECT
2025-10-13 12:19:04 [INFO] Аналитик функций ГО: AI подтвердил связь КПМПСРК-67 (КПМПСРК) → МПСРК-157 (МПСРК) [sim 0.936] — AI-вердикт: CORRECT
2025-10-13 12:19:04 [INFO] Аналитик функций ГО: AI подтвердил связь КПМПСРК-78 (КПМПСРК) → МПСРК-154 (МПСРК) [sim 0.942] — AI-вердикт: CORRECT
2025-10-13 12:19:04 [INFO] Аналитик функций ГО: AI подтвердил связь КПМПСРК-72 (КПМПСРК) → МПСРК-138 (МПСРК) [sim 0.923] — AI-вердикт: CORRECT
2025-10-13 12:19:04 [INFO] Аналитик функций ГО: AI подтвердил связь КПМПСРК-69 (КПМПСРК) → МПСРК-134 (МПСРК) [sim 0.931] — AI-вердикт: CORRECT
2025-10-13 12:19:04 [INFO] Аналитик функций ГО: AI подтвердил связь КПМПСРК-74 (КПМПСРК) → МПСРК-141 (МПСРК) [sim 0.960] — AI-вердикт: CORRECT
2025-10-13 12:19:04 [INFO] Аналитик функций ГО: AI подтвердил связь КПМПСРК-82 (КПМПСРК) → МПСРК-140 (МПСРК) [sim 0.963] — AI-вердикт: CORRECT
2025-10-13 12:19:04 [INFO] Аналитик функций ГО: AI подтвердил связь КПМПСРК-68 (КПМПСРК) → МПСРК-128 (МПСРК) [sim 0.969] — AI-вердикт: CORRECT
2025-10-13 12:19:04 [INFO] Аналитик функций ГО: AI подтвердил связь КПМПСРК-91 (КПМПСРК) → МПСРК-146 (МПСРК) [sim 0.948] — AI-вердикт: CORRECT
2025-10-13 12:19:04 [INFO] Аналитик функций ГО: AI подтвердил связь КПНМВД-14 (КПНМВД) → МВД-165 (МВД) [sim 1.000] — AI-вердикт: CORRECT
2025-10-13 12:19:04 [INFO] Аналитик функций ГО: AI подтвердил связь КПМПСРК-160 (КПМПСРК) → МПСРК-94 (МПСРК) [sim 0.902] — AI-вердикт: CORRECT
2025-10-13 12:19:04 [INFO] Аналитик функций ГО: AI подтвердил связь КПМПСРК-99 (КПМПСРК) → МПСРК-151 (МПСРК) [sim 0.970] — AI-вердикт: CORRECT
2025-10-13 12:19:04 [INFO] Аналитик функций ГО: AI подтвердил связь КПМПСРК-37 (КПМПСРК) → МПСРК-106 (МПСРК) [sim 0.925] — AI-вердикт: CORRECT
2025-10-13 12:19:04 [INFO] Аналитик функций ГО: AI подтвердил связь КПМПСРК-75 (КПМПСРК) → МПСРК-142 (МПСРК) [sim 0.810] — AI-вердикт: CORRECT
2025-10-13 12:19:04 [INFO] Аналитик функций ГО: AI подтвердил связь КПМПСРК-93 (КПМПСРК) → МПСРК-129 (МПСРК) [sim 0.950] — AI-вердикт: CORRECT
2025-10-13 12:19:04 [INFO] Аналитик функций ГО: AI подтвердил связь КПМПСРК-98 (КПМПСРК) → МПСРК-160 (МПСРК) [sim 0.979] — AI-вердикт: CORRECT
2025-10-13 12:19:04 [INFO] Аналитик функций ГО: AI подтвердил связь КПМПСРК-26 (КПМПСРК) → МПСРК-388 (МПСРК) [sim 0.601] — AI-вердикт: CORRECT
2025-10-13 12:19:04 [INFO] Аналитик функций ГО: AI подтвердил связь КПМПСРК-3 (КПМПСРК) → МПСРК-4 (МПСРК) [sim 0.714] — AI-вердикт: CORRECT
2025-10-13 12:19:04 [INFO] Аналитик функций ГО: AI подтвердил связь КПМПСРК-73 (КПМПСРК) → МПСРК-139 (МПСРК) [sim 0.974] — AI-вердикт: CORRECT
2025-10-13 12:19:04 [INFO] Аналитик функций ГО: AI подтвердил связь КПМПСРК-76 (КПМПСРК) → МПСРК-150 (МПСРК) [sim 0.964] — AI-вердикт: CORRECT
2025-10-13 12:19:04 [INFO] Аналитик функций ГО: AI подтвердил связь КПМПСРК-88 (КПМПСРК) → МПСРК-145 (МПСРК) [sim 0.964] — AI-вердикт: CORRECT
2025-10-13 12:19:04 [INFO] Аналитик функций ГО: AI подтвердил связь КПМПСРК-24 (КПМПСРК) → МПСРК-277 (МПСРК) [sim 0.985] — AI-вердикт: CORRECT
2025-10-13 12:19:04 [INFO] Аналитик функций ГО: AI подтвердил связь КПМПСРК-8 (КПМПСРК) → МПСРК-8 (МПСРК) [sim 0.681] — AI-вердикт: CORRECT
2025-10-13 12:19:04 [INFO] Аналитик функций ГО: AI подтвердил связь КПМПСРК-94 (КПМПСРК) → МПСРК-158 (МПСРК) [sim 0.982] — AI-вердикт: CORRECT
2025-10-13 12:19:04 [INFO] Аналитик функций ГО: AI подтвердил связь КПНМВД-21 (КПНМВД) → МВД-69 (МВД) [sim 1.000] — AI-вердикт: CORRECT
2025-10-13 12:19:04 [INFO] Аналитик функций ГО: AI подтвердил связь КПМПСРК-86 (КПМПСРК) → МПСРК-144 (МПСРК) [sim 0.935] — AI-вердикт: CORRECT
2025-10-13 12:19:04 [INFO] Аналитик функций ГО: AI подтвердил связь КПМПСРК-23 (КПМПСРК) → МПСРК-175 (МПСРК) [sim 0.954] — AI-вердикт: CORRECT
2025-10-13 12:19:04 [INFO] Аналитик функций ГО: AI подтвердил связь КПМПСРК-34 (КПМПСРК) → МПСРК-237 (МПСРК) [sim 0.865] — AI-вердикт: CORRECT
2025-10-13 12:19:04 [INFO] Аналитик функций ГО: AI подтвердил связь КПМПСРК-92 (КПМПСРК) → МПСРК-149 (МПСРК) [sim 0.920] — AI-вердикт: CORRECT
2025-10-13 12:19:04 [INFO] Аналитик функций ГО: AI подтвердил связь КПМПСРК-87 (КПМПСРК) → МПСРК-143 (МПСРК) [sim 0.982] — AI-вердикт: CORRECT
2025-10-13 12:19:04 [INFO] Аналитик функций ГО: AI подтвердил связь КПНМВД-5 (КПНМВД) → МВД-82 (МВД) [sim 1.000] — AI-вердикт: CORRECT
2025-10-13 12:19:04 [INFO] Аналитик функций ГО: AI подтвердил связь КПМПСРК-81 (КПМПСРК) → МПСРК-156 (МПСРК) [sim 0.984] — AI-вердикт: CORRECT
2025-10-13 12:19:04 [INFO] Аналитик функций ГО: AI подтвердил связь КПНМВД-7 (КПНМВД) → МВД-175 (МВД) [sim 1.000] — AI-вердикт: CORRECT
2025-10-13 12:19:04 [INFO] Аналитик функций ГО: AI подтвердил связь КПМПСРК-25 (КПМПСРК) → МПСРК-136 (МПСРК) [sim 0.977] — AI-вердикт: CORRECT
2025-10-13 12:19:04 [INFO] Аналитик функций ГО: AI подтвердил связь КПНМВД-16 (КПНМВД) → МВД-4 (МВД) [sim 0.782] — AI-вердикт: CORRECT
2025-10-13 12:19:04 [INFO] Аналитик функций ГО: AI подтвердил связь КПМПСРК-223 (КПМПСРК) → МПСРК-16 (МПСРК) [sim 0.864] — AI-вердикт: CORRECT
2025-10-13 12:19:04 [INFO] Аналитик функций ГО: AI подтвердил связь КПМПСРК-95 (КПМПСРК) → МПСРК-161 (МПСРК) [sim 0.995] — AI-вердикт: CORRECT
2025-10-13 12:19:04 [INFO] Аналитик функций ГО: AI подтвердил связь КПНМВД-19 (КПНМВД) → МВД-174 (МВД) [sim 0.925] — AI-вердикт: CORRECT
2025-10-13 12:19:04 [INFO] Аналитик функций ГО: AI подтвердил связь КПМПСРК-79 (КПМПСРК) → МПСРК-155 (МПСРК) [sim 0.966] — AI-вердикт: CORRECT
2025-10-13 12:19:04 [INFO] Аналитик функций ГО: AI подтвердил связь КПНМВД-29 (КПНМВД) → МВД-85 (МВД) [sim 0.511] — AI-вердикт: CORRECT
2025-10-13 12:19:04 [INFO] Аналитик функций ГО: AI подтвердил связь КПНМВД-6 (КПНМВД) → МВД-84 (МВД) [sim 0.876] — AI-вердикт: CORRECT
2025-10-13 12:19:04 [INFO] Аналитик функций ГО: AI подтвердил связь КПНМВД-15 (КПНМВД) → МВД-165 (МВД) [sim 0.791] — AI-вердикт: CORRECT
2025-10-13 12:19:04 [INFO] Аналитик функций ГО: AI подтвердил связь КПМПСРК-4 (КПМПСРК) → МПСРК-10 (МПСРК) [sim 0.865] — AI-вердикт: CORRECT
2025-10-13 12:19:04 [INFO] Аналитик функций ГО: AI подтвердил связь КПСМЧСРК-1 (КПСМЧСРК) → МЧСРК-1 (МЧСРК) [sim 0.874] — AI-вердикт: CORRECT
2025-10-13 12:19:04 [INFO] Аналитик функций ГО: AI подтвердил связь КПСМЧСРК-3 (КПСМЧСРК) → МЧСРК-6 (МЧСРК) [sim 0.901] — AI-вердикт: CORRECT
2025-10-13 12:19:04 [INFO] Аналитик функций ГО: AI подтвердил связь КПНМВД-17 (КПНМВД) → МВД-80 (МВД) [sim 0.940] — AI-вердикт: CORRECT
2025-10-13 12:19:04 [INFO] Аналитик функций ГО: AI подтвердил связь КПСМЧСРК-42-2 (КПСМЧСРК) → МЧСРК-274 (МЧСРК) [sim 0.895] — AI-вердикт: CORRECT
2025-10-13 12:19:04 [INFO] Аналитик функций ГО: AI подтвердил связь КПСМЧСРК-42-3 (КПСМЧСРК) → МЧСРК-275 (МЧСРК) [sim 0.869] — AI-вердикт: CORRECT
2025-10-13 12:19:04 [INFO] Аналитик функций ГО: AI подтвердил связь КПСМЧСРК-22 (КПСМЧСРК) → МЧСРК-21 (МЧСРК) [sim 0.889] — AI-вердикт: CORRECT
2025-10-13 12:19:04 [INFO] Аналитик функций ГО: AI подтвердил связь КПНМВД-1 (КПНМВД) → МВД-4 (МВД) [sim 0.860] — AI-вердикт: CORRECT
2025-10-13 12:19:04 [INFO] Аналитик функций ГО: AI подтвердил связь КПСМЧСРК-18-1 (КПСМЧСРК) → МЧСРК-29 (МЧСРК) [sim 0.728] — AI-вердикт: CORRECT
2025-10-13 12:19:04 [INFO] Аналитик функций ГО: AI подтвердил связь КПСМЧСРК-19 (КПСМЧСРК) → МЧСРК-9 (МЧСРК) [sim 0.891] — AI-вердикт: CORRECT
2025-10-13 12:19:04 [INFO] Аналитик функций ГО: AI подтвердил связь КПНМВД-8 (КПНМВД) → МВД-80 (МВД) [sim 0.742] — AI-вердикт: CORRECT
2025-10-13 12:19:04 [INFO] Аналитик функций ГО: AI подтвердил связь КПСМЧСРК-46 (КПСМЧСРК) → МЧСРК-391 (МЧСРК) [sim 0.720] — AI-вердикт: CORRECT
2025-10-13 12:19:04 [INFO] Аналитик функций ГО: AI подтвердил связь КПНМВД-9 (КПНМВД) → МВД-85 (МВД) [sim 0.959] — AI-вердикт: CORRECT
2025-10-13 12:19:04 [INFO] Аналитик функций ГО: AI подтвердил связь КПСМЧСРК-61 (КПСМЧСРК) → МЧСРК-269 (МЧСРК) [sim 0.987] — AI-вердикт: CORRECT
2025-10-13 12:19:04 [INFO] Аналитик функций ГО: AI подтвердил связь КПНМВД-27 (КПНМВД) → МВД-85 (МВД) [sim 0.827] — AI-вердикт: CORRECT
2025-10-13 12:19:04 [INFO] Аналитик функций ГО: AI подтвердил связь КПСМЧСРК-61-1 (КПСМЧСРК) → МЧСРК-269 (МЧСРК) [sim 0.987] — AI-вердикт: CORRECT
2025-10-13 12:19:04 [INFO] Аналитик функций ГО: AI подтвердил связь КПСМЧСРК-31 (КПСМЧСРК) → МЧСРК-258 (МЧСРК) [sim 0.851] — AI-вердикт: CORRECT
2025-10-13 12:19:04 [INFO] Аналитик функций ГО: AI подтвердил связь КПСМЧСРК-42-4 (КПСМЧСРК) → МЧСРК-276 (МЧСРК) [sim 0.882] — AI-вердикт: CORRECT
2025-10-13 12:19:04 [INFO] Аналитик функций ГО: AI подтвердил связь КПСМЧСРК-53 (КПСМЧСРК) → МЧСРК-391 (МЧСРК) [sim 0.980] — AI-вердикт: CORRECT
2025-10-13 12:19:04 [INFO] Аналитик функций ГО: AI подтвердил связь КПСМЧСРК-32 (КПСМЧСРК) → МЧСРК-14 (МЧСРК) [sim 0.682] — AI-вердикт: CORRECT
2025-10-13 12:19:04 [INFO] Аналитик функций ГО: AI подтвердил связь КПСМЧСРК-57 (КПСМЧСРК) → МЧСРК-339 (МЧСРК) [sim 0.967] — AI-вердикт: CORRECT
2025-10-13 12:19:04 [INFO] Аналитик функций ГО: AI подтвердил связь КПСМЧСРК-58 (КПСМЧСРК) → МЧСРК-340 (МЧСРК) [sim 0.978] — AI-вердикт: CORRECT
2025-10-13 12:19:04 [INFO] Аналитик функций ГО: AI подтвердил связь КПСМЧСРК-54 (КПСМЧСРК) → МЧСРК-391 (МЧСРК) [sim 0.631] — AI-вердикт: CORRECT
2025-10-13 12:19:04 [INFO] Аналитик функций ГО: AI подтвердил связь КПСМЧСРК-18-2 (КПСМЧСРК) → МЧСРК-16 (МЧСРК) [sim 0.853] — AI-вердикт: CORRECT
2025-10-13 12:19:04 [INFO] Аналитик функций ГО: AI подтвердил связь КПСМЧСРК-42-1 (КПСМЧСРК) → МЧСРК-33 (МЧСРК) [sim 0.937] — AI-вердикт: CORRECT
2025-10-13 12:19:04 [INFO] Аналитик функций ГО: AI подтвердил связь КПЧСМЧСРК-22 (КПЧСМЧСРК) → МЧСРК-21 (МЧСРК) [sim 0.889] — AI-вердикт: CORRECT
2025-10-13 12:19:04 [INFO] Аналитик функций ГО: AI подтвердил связь КПСМЧСРК-44 (КПСМЧСРК) → МЧСРК-14 (МЧСРК) [sim 0.744] — AI-вердикт: CORRECT
2025-10-13 12:19:04 [INFO] Аналитик функций ГО: AI подтвердил связь КПСМЧСРК-56 (КПСМЧСРК) → МЧСРК-335 (МЧСРК) [sim 0.903] — AI-вердикт: CORRECT
2025-10-13 12:19:04 [INFO] Аналитик функций ГО: AI подтвердил связь КПЧСМЧСРК-19 (КПЧСМЧСРК) → МЧСРК-9 (МЧСРК) [sim 0.891] — AI-вердикт: CORRECT
2025-10-13 12:19:04 [INFO] Аналитик функций ГО: AI подтвердил связь КПСМЧСРК-5 (КПСМЧСРК) → МЧСРК-329 (МЧСРК) [sim 0.897] — AI-вердикт: CORRECT
2025-10-13 12:19:04 [INFO] Аналитик функций ГО: AI подтвердил связь КПЧСМЧСРК-3 (КПЧСМЧСРК) → МЧСРК-6 (МЧСРК) [sim 0.901] — AI-вердикт: CORRECT
2025-10-13 12:19:04 [INFO] Аналитик функций ГО: AI подтвердил связь КПЧСМЧСРК-1 (КПЧСМЧСРК) → МЧСРК-1 (МЧСРК) [sim 0.874] — AI-вердикт: CORRECT
2025-10-13 12:19:04 [INFO] Аналитик функций ГО: AI подтвердил связь КПСМЧСРК-4 (КПСМЧСРК) → МЧСРК-3 (МЧСРК) [sim 0.878] — AI-вердикт: CORRECT
2025-10-13 12:19:04 [INFO] Аналитик функций ГО: AI подтвердил связь КПСМЧСРК-18-3 (КПСМЧСРК) → МЧСРК-16 (МЧСРК) [sim 0.697] — AI-вердикт: CORRECT
2025-10-13 12:19:04 [INFO] Аналитик функций ГО: AI подтвердил связь КПЧСМЧСРК-42-2 (КПЧСМЧСРК) → МЧСРК-274 (МЧСРК) [sim 0.895] — AI-вердикт: CORRECT
2025-10-13 12:19:04 [INFO] Аналитик функций ГО: AI подтвердил связь КПСМЧСРК-23 (КПСМЧСРК) → МЧСРК-255 (МЧСРК) [sim 0.703] — AI-вердикт: CORRECT
2025-10-13 12:19:04 [INFO] Аналитик функций ГО: AI подтвердил связь КПСМЧСРК-55 (КПСМЧСРК) → МЧСРК-303 (МЧСРК) [sim 0.942] — AI-вердикт: CORRECT
2025-10-13 12:19:04 [INFO] Аналитик функций ГО: AI подтвердил связь КПЧСМЧСРК-41 (КПЧСМЧСРК) → МЧСРК-28 (МЧСРК) [sim 0.791] — AI-вердикт: CORRECT
2025-10-13 12:19:04 [INFO] Аналитик функций ГО: AI подтвердил связь КПЧСМЧСРК-42-3 (КПЧСМЧСРК) → МЧСРК-275 (МЧСРК) [sim 0.869] — AI-вердикт: CORRECT
2025-10-13 12:19:04 [INFO] Аналитик функций ГО: AI подтвердил связь КПСМЧСРК-28 (КПСМЧСРК) → МЧСРК-256 (МЧСРК) [sim 0.791] — AI-вердикт: CORRECT
2025-10-13 12:19:04 [INFO] Аналитик функций ГО: AI подтвердил связь КПСМЧСРК-21 (КПСМЧСРК) → МЧСРК-11 (МЧСРК) [sim 0.882] — AI-вердикт: CORRECT
2025-10-13 12:19:04 [INFO] Аналитик функций ГО: AI подтвердил связь КПЧСМЧСРК-24 (КПЧСМЧСРК) → МЧСРК-17 (МЧСРК) [sim 0.869] — AI-вердикт: CORRECT
2025-10-13 12:19:04 [INFO] Аналитик функций ГО: AI подтвердил связь КПЧСМЧСРК-44 (КПЧСМЧСРК) → МЧСРК-14 (МЧСРК) [sim 0.744] — AI-вердикт: CORRECT
2025-10-13 12:19:04 [INFO] Аналитик функций ГО: AI подтвердил связь КПЧСМЧСРК-61-1 (КПЧСМЧСРК) → МЧСРК-269 (МЧСРК) [sim 0.987] — AI-вердикт: CORRECT
2025-10-13 12:19:04 [INFO] Аналитик функций ГО: AI подтвердил связь КПСМЧСРК-24 (КПСМЧСРК) → МЧСРК-17 (МЧСРК) [sim 0.869] — AI-вердикт: CORRECT
2025-10-13 12:19:04 [INFO] Аналитик функций ГО: AI подтвердил связь КПЧСМЧСРК-57 (КПЧСМЧСРК) → МЧСРК-339 (МЧСРК) [sim 0.967] — AI-вердикт: CORRECT
2025-10-13 12:19:04 [INFO] Аналитик функций ГО: AI подтвердил связь КПЧСМЧСРК-58 (КПЧСМЧСРК) → МЧСРК-340 (МЧСРК) [sim 0.978] — AI-вердикт: CORRECT
2025-10-13 12:19:04 [INFO] Аналитик функций ГО: AI подтвердил связь КПЧСМЧСРК-61 (КПЧСМЧСРК) → МЧСРК-269 (МЧСРК) [sim 0.987] — AI-вердикт: CORRECT
2025-10-13 12:19:04 [INFO] Аналитик функций ГО: AI подтвердил связь КПЧСМЧСРК-53 (КПЧСМЧСРК) → МЧСРК-391 (МЧСРК) [sim 0.980] — AI-вердикт: CORRECT
2025-10-13 12:19:04 [INFO] Аналитик функций ГО: AI подтвердил связь КПЧСМЧСРК-42-4 (КПЧСМЧСРК) → МЧСРК-276 (МЧСРК) [sim 0.882] — AI-вердикт: CORRECT
2025-10-13 12:19:04 [INFO] Аналитик функций ГО: AI подтвердил связь КПСМЧСРК-25 (КПСМЧСРК) → МЧСРК-258 (МЧСРК) [sim 0.896] — AI-вердикт: CORRECT
2025-10-13 12:19:04 [INFO] Аналитик функций ГО: AI подтвердил связь КПЧСМЧСРК-31 (КПЧСМЧСРК) → МЧСРК-258 (МЧСРК) [sim 0.851] — AI-вердикт: CORRECT
2025-10-13 12:19:04 [INFO] Аналитик функций ГО: AI подтвердил связь КПЧСМЧСРК-46 (КПЧСМЧСРК) → МЧСРК-391 (МЧСРК) [sim 0.720] — AI-вердикт: CORRECT
2025-10-13 12:19:04 [INFO] Аналитик функций ГО: AI подтвердил связь КПЧСМЧСРК-32 (КПЧСМЧСРК) → МЧСРК-14 (МЧСРК) [sim 0.682] — AI-вердикт: CORRECT
2025-10-13 12:19:04 [INFO] Аналитик функций ГО: AI подтвердил связь КПСМЧСРК-37 (КПСМЧСРК) → МЧСРК-64 (МЧСРК) [sim 0.578] — AI-вердикт: CORRECT
2025-10-13 12:19:04 [INFO] Аналитик функций ГО: AI подтвердил связь КПЧСМЧСРК-56 (КПЧСМЧСРК) → МЧСРК-335 (МЧСРК) [sim 0.903] — AI-вердикт: CORRECT
2025-10-13 12:19:04 [INFO] Аналитик функций ГО: AI подтвердил связь КПЧСМЧСРК-42-1 (КПЧСМЧСРК) → МЧСРК-33 (МЧСРК) [sim 0.937] — AI-вердикт: CORRECT
2025-10-13 12:19:04 [INFO] Аналитик функций ГО: AI подтвердил связь КПЧСМЧСРК-54 (КПЧСМЧСРК) → МЧСРК-391 (МЧСРК) [sim 0.631] — AI-вердикт: CORRECT
2025-10-13 12:19:04 [INFO] Аналитик функций ГО: AI подтвердил связь КПЧСМЧСРК-23 (КПЧСМЧСРК) → МЧСРК-255 (МЧСРК) [sim 0.703] — AI-вердикт: CORRECT
2025-10-13 12:19:04 [INFO] Аналитик функций ГО: AI подтвердил связь КПЧСМЧСРК-4 (КПЧСМЧСРК) → МЧСРК-3 (МЧСРК) [sim 0.878] — AI-вердикт: CORRECT
2025-10-13 12:19:04 [INFO] Аналитик функций ГО: AI подтвердил связь КПЧСМЧСРК-21 (КПЧСМЧСРК) → МЧСРК-11 (МЧСРК) [sim 0.882] — AI-вердикт: CORRECT
2025-10-13 12:19:04 [INFO] Аналитик функций ГО: AI подтвердил связь КПЧСМЧСРК-5 (КПЧСМЧСРК) → МЧСРК-329 (МЧСРК) [sim 0.897] — AI-вердикт: CORRECT
2025-10-13 12:19:04 [INFO] Аналитик функций ГО: AI подтвердил связь КРЕММНЭРК-57 (КРЕММНЭРК) → МНЭРК-135 (МНЭРК) [sim 1.000] — AI-вердикт: CORRECT
2025-10-13 12:19:04 [INFO] Аналитик функций ГО: AI подтвердил связь КРЕММНЭРК-4 (КРЕММНЭРК) → МНЭРК-141 (МНЭРК) [sim 1.000] — AI-вердикт: CORRECT
2025-10-13 12:19:04 [INFO] Аналитик функций ГО: AI подтвердил связь КПЧСМЧСРК-18-3 (КПЧСМЧСРК) → МЧСРК-16 (МЧСРК) [sim 0.697] — AI-вердикт: CORRECT
2025-10-13 12:19:04 [INFO] Аналитик функций ГО: AI подтвердил связь КПСМЧСРК-20 (КПСМЧСРК) → МЧСРК-23 (МЧСРК) [sim 0.916] — AI-вердикт: CORRECT
2025-10-13 12:19:04 [INFO] Аналитик функций ГО: AI подтвердил связь КПЧСМЧСРК-25 (КПЧСМЧСРК) → МЧСРК-258 (МЧСРК) [sim 0.896] — AI-вердикт: CORRECT
2025-10-13 12:19:04 [INFO] Аналитик функций ГО: AI подтвердил связь КПНМВД-25 (КПНМВД) → МВД-169 (МВД) [sim 0.827] — AI-вердикт: CORRECT
2025-10-13 12:19:04 [INFO] Аналитик функций ГО: AI подтвердил связь КПСМЧСРК-26 (КПСМЧСРК) → МЧСРК-16 (МЧСРК) [sim 0.618] — AI-вердикт: CORRECT
2025-10-13 12:19:04 [INFO] Аналитик функций ГО: AI подтвердил связь КРЕММНЭРК-1-1 (КРЕММНЭРК) → МНЭРК-135 (МНЭРК) [sim 0.616] — AI-вердикт: CORRECT
2025-10-13 12:19:04 [INFO] Аналитик функций ГО: AI подтвердил связь КРИБЛМТСРК-10 (КРИБЛМТСРК) → МТСРК-178 (МТСРК) [sim 0.938] — AI-вердикт: CORRECT
2025-10-13 12:19:04 [INFO] Аналитик функций ГО: AI подтвердил связь КПЧСМЧСРК-18-2 (КПЧСМЧСРК) → МЧСРК-16 (МЧСРК) [sim 0.853] — AI-вердикт: CORRECT
2025-10-13 12:19:04 [INFO] Аналитик функций ГО: AI подтвердил связь КРЕММНЭРК-86 (КРЕММНЭРК) → МНЭРК-180 (МНЭРК) [sim 1.000] — AI-вердикт: CORRECT
2025-10-13 12:19:04 [INFO] Аналитик функций ГО: AI подтвердил связь КРЕММНЭРК-20 (КРЕММНЭРК) → МНЭРК-137 (МНЭРК) [sim 0.658] — AI-вердикт: CORRECT
2025-10-13 12:19:04 [INFO] Аналитик функций ГО: AI подтвердил связь КПЧСМЧСРК-28 (КПЧСМЧСРК) → МЧСРК-256 (МЧСРК) [sim 0.791] — AI-вердикт: CORRECT
2025-10-13 12:19:04 [INFO] Аналитик функций ГО: AI подтвердил связь КРИБЛМТСРК-12 (КРИБЛМТСРК) → МТСРК-170 (МТСРК) [sim 0.981] — AI-вердикт: CORRECT
2025-10-13 12:19:04 [INFO] Аналитик функций ГО: AI подтвердил связь КРЕММНЭРК-63 (КРЕММНЭРК) → МНЭРК-352 (МНЭРК) [sim 0.828] — AI-вердикт: CORRECT
2025-10-13 12:19:04 [INFO] Аналитик функций ГО: AI подтвердил связь КРИБЛМТСРК-13 (КРИБЛМТСРК) → МТСРК-171 (МТСРК) [sim 0.984] — AI-вердикт: CORRECT
2025-10-13 12:19:04 [INFO] Аналитик функций ГО: AI подтвердил связь КРИБЛМТСРК-2 (КРИБЛМТСРК) → МТСРК-17 (МТСРК) [sim 0.935] — AI-вердикт: CORRECT
2025-10-13 12:19:04 [INFO] Аналитик функций ГО: AI подтвердил связь КРИБЛМТСРК-24 (КРИБЛМТСРК) → МТСРК-180 (МТСРК) [sim 0.965] — AI-вердикт: CORRECT
2025-10-13 12:19:04 [INFO] Аналитик функций ГО: AI подтвердил связь КРИБЛМТСРК-31 (КРИБЛМТСРК) → МТСРК-177 (МТСРК) [sim 0.742] — AI-вердикт: CORRECT
2025-10-13 12:19:04 [INFO] Аналитик функций ГО: AI подтвердил связь КПЧСМЧСРК-55 (КПЧСМЧСРК) → МЧСРК-303 (МЧСРК) [sim 0.942] — AI-вердикт: CORRECT
2025-10-13 12:19:04 [INFO] Аналитик функций ГО: AI подтвердил связь КРИБЛМТСРК-7 (КРИБЛМТСРК) → МТСРК-21 (МТСРК) [sim 0.971] — AI-вердикт: CORRECT
2025-10-13 12:19:04 [INFO] Аналитик функций ГО: AI подтвердил связь КРИБЛМТСРК-3 (КРИБЛМТСРК) → МТСРК-30 (МТСРК) [sim 0.970] — AI-вердикт: CORRECT
2025-10-13 12:19:04 [INFO] Аналитик функций ГО: AI подтвердил связь КРИБЛМТСРК-26 (КРИБЛМТСРК) → МТСРК-169 (МТСРК) [sim 0.963] — AI-вердикт: CORRECT
2025-10-13 12:19:04 [INFO] Аналитик функций ГО: AI подтвердил связь КРЕММНЭРК-34 (КРЕММНЭРК) → МНЭРК-136 (МНЭРК) [sim 0.716] — AI-вердикт: CORRECT
2025-10-13 12:19:04 [INFO] Аналитик функций ГО: AI подтвердил связь КРИБЛМТСРК-29 (КРИБЛМТСРК) → МТСРК-166 (МТСРК) [sim 0.896] — AI-вердикт: CORRECT
2025-10-13 12:19:04 [INFO] Аналитик функций ГО: AI подтвердил связь КРЕММНЭРК-59 (КРЕММНЭРК) → МНЭРК-154 (МНЭРК) [sim 0.739] — AI-вердикт: CORRECT
2025-10-13 12:19:04 [INFO] Аналитик функций ГО: AI подтвердил связь КРИБЛМТСРК-6 (КРИБЛМТСРК) → МТСРК-161 (МТСРК) [sim 0.982] — AI-вердикт: CORRECT
2025-10-13 12:19:04 [INFO] Аналитик функций ГО: AI подтвердил связь КРЕММНЭРК-83 (КРЕММНЭРК) → МНЭРК-135 (МНЭРК) [sim 0.596] — AI-вердикт: CORRECT
2025-10-13 12:19:04 [INFO] Аналитик функций ГО: AI подтвердил связь КРКССЗНМТСЗНРК-31 (КРКССЗНМТСЗНРК) → МТСЗНРК-307 (МТСЗНРК) [sim 1.000] — AI-вердикт: CORRECT
2025-10-13 12:19:04 [INFO] Аналитик функций ГО: AI подтвердил связь КРИБЛМТСРК-16 (КРИБЛМТСРК) → МТСРК-177 (МТСРК) [sim 0.921] — AI-вердикт: CORRECT
2025-10-13 12:19:04 [INFO] Аналитик функций ГО: AI подтвердил связь КРИБЛМТСРК-8 (КРИБЛМТСРК) → МТСРК-15 (МТСРК) [sim 0.933] — AI-вердикт: CORRECT
2025-10-13 12:19:04 [INFO] Аналитик функций ГО: AI подтвердил связь КРКССЗНМТСЗНРК-32 (КРКССЗНМТСЗНРК) → МТСЗНРК-324 (МТСЗНРК) [sim 1.000] — AI-вердикт: CORRECT
2025-10-13 12:19:04 [INFO] Аналитик функций ГО: AI подтвердил связь КРИБЛМТСРК-5 (КРИБЛМТСРК) → МТСРК-160 (МТСРК) [sim 0.984] — AI-вердикт: CORRECT
2025-10-13 12:19:04 [INFO] Аналитик функций ГО: AI подтвердил связь КРИБЛМТСРК-35 (КРИБЛМТСРК) → МТСРК-224 (МТСРК) [sim 0.906] — AI-вердикт: CORRECT
2025-10-13 12:19:04 [INFO] Аналитик функций ГО: AI подтвердил связь КРОИВРМВРИРК-15 (КРОИВРМВРИРК) → МВРИРК-107 (МВРИРК) [sim 1.000] — AI-вердикт: CORRECT
2025-10-13 12:19:04 [INFO] Аналитик функций ГО: AI подтвердил связь КРЕММНЭРК-61 (КРЕММНЭРК) → МНЭРК-154 (МНЭРК) [sim 0.694] — AI-вердикт: CORRECT
2025-10-13 12:19:04 [INFO] Аналитик функций ГО: AI подтвердил связь КРОИВРМВРИРК-1 (КРОИВРМВРИРК) → МВРИРК-105 (МВРИРК) [sim 1.000] — AI-вердикт: CORRECT
2025-10-13 12:19:04 [INFO] Аналитик функций ГО: AI подтвердил связь КПЧСМЧСРК-40 (КПЧСМЧСРК) → МЧСРК-13 (МЧСРК) [sim 0.753] — AI-вердикт: CORRECT
2025-10-13 12:19:04 [INFO] Аналитик функций ГО: AI подтвердил связь КРОИВРМВРИРК-16 (КРОИВРМВРИРК) → МВРИРК-91 (МВРИРК) [sim 1.000] — AI-вердикт: CORRECT
2025-10-13 12:19:04 [INFO] Аналитик функций ГО: AI подтвердил связь КРОИВРМВРИРК-11 (КРОИВРМВРИРК) → МВРИРК-80 (МВРИРК) [sim 0.953] — AI-вердикт: CORRECT
2025-10-13 12:19:04 [INFO] Аналитик функций ГО: AI подтвердил связь КПСМЧСРК-41 (КПСМЧСРК) → МЧСРК-28 (МЧСРК) [sim 0.791] — AI-вердикт: CORRECT
2025-10-13 12:19:04 [INFO] Аналитик функций ГО: AI подтвердил связь КРОИВРМВРИРК-10 (КРОИВРМВРИРК) → МВРИРК-76 (МВРИРК) [sim 0.953] — AI-вердикт: CORRECT
2025-10-13 12:19:04 [INFO] Аналитик функций ГО: AI подтвердил связь КРЕММНЭРК-89 (КРЕММНЭРК) → МНЭРК-452 (МНЭРК) [sim 0.771] — AI-вердикт: CORRECT
2025-10-13 12:19:04 [INFO] Аналитик функций ГО: AI подтвердил связь КРОИВРМВРИРК-30 (КРОИВРМВРИРК) → МВРИРК-61 (МВРИРК) [sim 1.000] — AI-вердикт: CORRECT
2025-10-13 12:19:04 [INFO] Аналитик функций ГО: AI подтвердил связь КРКССЗНМТСЗНРК-32-1 (КРКССЗНМТСЗНРК) → МТСЗНРК-324 (МТСЗНРК) [sim 1.000] — AI-вердикт: CORRECT
2025-10-13 12:19:04 [INFO] Аналитик функций ГО: AI подтвердил связь КРЕММНЭРК-87 (КРЕММНЭРК) → МНЭРК-452 (МНЭРК) [sim 0.599] — AI-вердикт: CORRECT
2025-10-13 12:19:04 [INFO] Аналитик функций ГО: AI подтвердил связь КРОИВРМВРИРК-29 (КРОИВРМВРИРК) → МВРИРК-34 (МВРИРК) [sim 1.000] — AI-вердикт: CORRECT
2025-10-13 12:19:04 [INFO] Аналитик функций ГО: AI подтвердил связь КРОИВРМВРИРК-20 (КРОИВРМВРИРК) → МВРИРК-83 (МВРИРК) [sim 0.945] — AI-вердикт: CORRECT
2025-10-13 12:19:04 [INFO] Аналитик функций ГО: AI подтвердил связь КРОИВРМВРИРК-14 (КРОИВРМВРИРК) → МВРИРК-102 (МВРИРК) [sim 1.000] — AI-вердикт: CORRECT
2025-10-13 12:19:04 [INFO] Аналитик функций ГО: AI подтвердил связь КРСОЮУМРМЮРК-13 (КРСОЮУМРМЮРК) → МЮРК-13 (МЮРК) [sim 1.000] — AI-вердикт: CORRECT
2025-10-13 12:19:04 [INFO] Аналитик функций ГО: AI подтвердил связь КРОИВРМВРИРК-33 (КРОИВРМВРИРК) → МВРИРК-164 (МВРИРК) [sim 1.000] — AI-вердикт: CORRECT
2025-10-13 12:19:04 [INFO] Аналитик функций ГО: AI подтвердил связь КРОИВРМВРИРК-27 (КРОИВРМВРИРК) → МВРИРК-101 (МВРИРК) [sim 0.961] — AI-вердикт: CORRECT
2025-10-13 12:19:04 [INFO] Аналитик функций ГО: AI подтвердил связь КРОИВРМВРИРК-3 (КРОИВРМВРИРК) → МВРИРК-117 (МВРИРК) [sim 1.000] — AI-вердикт: CORRECT
2025-10-13 12:19:04 [INFO] Аналитик функций ГО: AI подтвердил связь КРОИВРМВРИРК-12 (КРОИВРМВРИРК) → МВРИРК-74 (МВРИРК) [sim 0.983] — AI-вердикт: CORRECT
2025-10-13 12:19:04 [INFO] Аналитик функций ГО: AI подтвердил связь КРОИВРМВРИРК-8 (КРОИВРМВРИРК) → МВРИРК-77 (МВРИРК) [sim 1.000] — AI-вердикт: CORRECT
2025-10-13 12:19:04 [INFO] Аналитик функций ГО: AI подтвердил связь КРКССЗНМТСЗНРК-1 (КРКССЗНМТСЗНРК) → МТСЗНРК-10 (МТСЗНРК) [sim 0.657] — AI-вердикт: CORRECT
2025-10-13 12:19:04 [INFO] Аналитик функций ГО: AI подтвердил связь КРОИВРМВРИРК-31 (КРОИВРМВРИРК) → МВРИРК-65 (МВРИРК) [sim 1.000] — AI-вердикт: CORRECT
2025-10-13 12:19:04 [INFO] Аналитик функций ГО: AI подтвердил связь КРОИВРМВРИРК-24 (КРОИВРМВРИРК) → МВРИРК-160 (МВРИРК) [sim 1.000] — AI-вердикт: CORRECT
2025-10-13 12:19:04 [INFO] Аналитик функций ГО: AI подтвердил связь КРОИВРМВРИРК-23 (КРОИВРМВРИРК) → МВРИРК-88 (МВРИРК) [sim 0.968] — AI-вердикт: CORRECT
2025-10-13 12:19:04 [INFO] Аналитик функций ГО: AI подтвердил связь КРОИВРМВРИРК-2 (КРОИВРМВРИРК) → МВРИРК-100 (МВРИРК) [sim 0.964] — AI-вердикт: CORRECT
2025-10-13 12:19:04 [INFO] Аналитик функций ГО: AI подтвердил связь КРОИВРМВРИРК-7 (КРОИВРМВРИРК) → МВРИРК-103 (МВРИРК) [sim 0.947] — AI-вердикт: CORRECT
2025-10-13 12:19:04 [INFO] Аналитик функций ГО: AI подтвердил связь КРОИВРМВРИРК-34 (КРОИВРМВРИРК) → МВРИРК-172 (МВРИРК) [sim 1.000] — AI-вердикт: CORRECT
2025-10-13 12:19:04 [INFO] Аналитик функций ГО: AI подтвердил связь КРКССЗНМТСЗНРК-18 (КРКССЗНМТСЗНРК) → МТСЗНРК-252 (МТСЗНРК) [sim 0.618] — AI-вердикт: CORRECT
2025-10-13 12:19:04 [INFO] Аналитик функций ГО: AI подтвердил связь КРОИВРМВРИРК-13 (КРОИВРМВРИРК) → МВРИРК-104 (МВРИРК) [sim 0.829] — AI-вердикт: CORRECT
2025-10-13 12:19:04 [INFO] Аналитик функций ГО: AI подтвердил связь КРОИВРМВРИРК-17 (КРОИВРМВРИРК) → МВРИРК-162 (МВРИРК) [sim 0.766] — AI-вердикт: CORRECT
2025-10-13 12:19:04 [INFO] Аналитик функций ГО: AI подтвердил связь КРИБЛМТСРК-27 (КРИБЛМТСРК) → МТСРК-168 (МТСРК) [sim 0.990] — AI-вердикт: CORRECT
2025-10-13 12:19:04 [INFO] Аналитик функций ГО: AI подтвердил связь КРСОЮУМРМЮРК-2 (КРСОЮУМРМЮРК) → МЮРК-89 (МЮРК) [sim 1.000] — AI-вердикт: CORRECT
2025-10-13 12:19:04 [INFO] Аналитик функций ГО: AI подтвердил связь КРСОЮУМРМЮРК-1 (КРСОЮУМРМЮРК) → МЮРК-113 (МЮРК) [sim 1.000] — AI-вердикт: CORRECT
2025-10-13 12:19:04 [INFO] Аналитик функций ГО: AI подтвердил связь КРЕММНЭРК-89-1 (КРЕММНЭРК) → МНЭРК-452 (МНЭРК) [sim 0.771] — AI-вердикт: CORRECT
2025-10-13 12:19:04 [INFO] Аналитик функций ГО: AI подтвердил связь КРСОЮУМРМЮРК-10 (КРСОЮУМРМЮРК) → МЮРК-1 (МЮРК) [sim 1.000] — AI-вердикт: CORRECT
2025-10-13 12:19:04 [INFO] Аналитик функций ГО: AI подтвердил связь КРКССЗНМТСЗНРК-8 (КРКССЗНМТСЗНРК) → МТСЗНРК-160 (МТСЗНРК) [sim 0.757] — AI-вердикт: CORRECT
2025-10-13 12:19:04 [INFO] Аналитик функций ГО: AI подтвердил связь КРОИВРМВРИРК-19 (КРОИВРМВРИРК) → МВРИРК-85 (МВРИРК) [sim 0.988] — AI-вердикт: CORRECT
2025-10-13 12:19:04 [INFO] Аналитик функций ГО: AI подтвердил связь КРСОЮУМРМЮРК-15 (КРСОЮУМРМЮРК) → МЮРК-23 (МЮРК) [sim 1.000] — AI-вердикт: CORRECT
2025-10-13 12:19:04 [INFO] Аналитик функций ГО: AI подтвердил связь КРСОЮУМРМЮРК-14 (КРСОЮУМРМЮРК) → МЮРК-22 (МЮРК) [sim 1.000] — AI-вердикт: CORRECT
2025-10-13 12:19:04 [INFO] Аналитик функций ГО: AI подтвердил связь КРСОЮУМРМЮРК-16 (КРСОЮУМРМЮРК) → МЮРК-25 (МЮРК) [sim 1.000] — AI-вердикт: CORRECT
2025-10-13 12:19:04 [INFO] Аналитик функций ГО: AI подтвердил связь КРСОЮУМРМЮРК-4 (КРСОЮУМРМЮРК) → МЮРК-112 (МЮРК) [sim 1.000] — AI-вердикт: CORRECT
2025-10-13 12:19:04 [INFO] Аналитик функций ГО: AI подтвердил связь КРОИВРМВРИРК-9 (КРОИВРМВРИРК) → МВРИРК-93 (МВРИРК) [sim 0.983] — AI-вердикт: CORRECT
2025-10-13 12:19:04 [INFO] Аналитик функций ГО: AI подтвердил связь КРЕММНЭРК-45 (КРЕММНЭРК) → МНЭРК-209 (МНЭРК) [sim 0.747] — AI-вердикт: CORRECT
2025-10-13 12:19:04 [INFO] Аналитик функций ГО: AI подтвердил связь КРСОЮУМРМЮРК-28 (КРСОЮУМРМЮРК) → МЮРК-88 (МЮРК) [sim 1.000] — AI-вердикт: CORRECT
2025-10-13 12:19:04 [INFO] Аналитик функций ГО: AI подтвердил связь КРСОЮУМРМЮРК-11 (КРСОЮУМРМЮРК) → МЮРК-2 (МЮРК) [sim 1.000] — AI-вердикт: CORRECT
2025-10-13 12:19:04 [INFO] Аналитик функций ГО: AI подтвердил связь КРОИВРМВРИРК-4 (КРОИВРМВРИРК) → МВРИРК-81 (МВРИРК) [sim 0.973] — AI-вердикт: CORRECT
2025-10-13 12:19:04 [INFO] Аналитик функций ГО: AI подтвердил связь КРСОЮУМРМЮРК-21 (КРСОЮУМРМЮРК) → МЮРК-42 (МЮРК) [sim 1.000] — AI-вердикт: CORRECT
2025-10-13 12:19:04 [INFO] Аналитик функций ГО: AI подтвердил связь КРОИВРМВРИРК-32 (КРОИВРМВРИРК) → МВРИРК-66 (МВРИРК) [sim 0.943] — AI-вердикт: CORRECT
2025-10-13 12:19:04 [INFO] Аналитик функций ГО: AI подтвердил связь КРСОЮУМРМЮРК-26 (КРСОЮУМРМЮРК) → МЮРК-50 (МЮРК) [sim 1.000] — AI-вердикт: CORRECT
2025-10-13 12:19:04 [INFO] Аналитик функций ГО: AI подтвердил связь КРСОЮУМРМЮРК-17 (КРСОЮУМРМЮРК) → МЮРК-30 (МЮРК) [sim 1.000] — AI-вердикт: CORRECT
2025-10-13 12:19:04 [INFO] Аналитик функций ГО: AI подтвердил связь КРОИВРМВРИРК-5 (КРОИВРМВРИРК) → МВРИРК-79 (МВРИРК) [sim 0.907] — AI-вердикт: CORRECT
2025-10-13 12:19:04 [INFO] Аналитик функций ГО: AI подтвердил связь КРСОЮУМРМЮРК-27 (КРСОЮУМРМЮРК) → МЮРК-87 (МЮРК) [sim 1.000] — AI-вердикт: CORRECT
2025-10-13 12:19:04 [INFO] Аналитик функций ГО: AI подтвердил связь КРСОЮУМРМЮРК-20 (КРСОЮУМРМЮРК) → МЮРК-41 (МЮРК) [sim 1.000] — AI-вердикт: CORRECT
2025-10-13 12:19:04 [INFO] Аналитик функций ГО: AI подтвердил связь КРОИВРМВРИРК-25 (КРОИВРМВРИРК) → МВРИРК-99 (МВРИРК) [sim 0.937] — AI-вердикт: CORRECT
2025-10-13 12:19:04 [INFO] Аналитик функций ГО: AI подтвердил связь КРСОЮУМРМЮРК-5 (КРСОЮУМРМЮРК) → МЮРК-114 (МЮРК) [sim 1.000] — AI-вердикт: CORRECT
2025-10-13 12:19:04 [INFO] Аналитик функций ГО: AI подтвердил связь КРСОЮУМРМЮРК-32 (КРСОЮУМРМЮРК) → МЮРК-93 (МЮРК) [sim 0.990] — AI-вердикт: CORRECT
2025-10-13 12:19:04 [INFO] Аналитик функций ГО: AI подтвердил связь КРСОЮУМРМЮРК-33 (КРСОЮУМРМЮРК) → МЮРК-94 (МЮРК) [sim 0.992] — AI-вердикт: CORRECT
2025-10-13 12:19:04 [INFO] Аналитик функций ГО: AI подтвердил связь КРКССЗНМТСЗНРК-23 (КРКССЗНМТСЗНРК) → МТСЗНРК-2 (МТСЗНРК) [sim 0.652] — AI-вердикт: CORRECT
2025-10-13 12:19:04 [INFO] Аналитик функций ГО: AI подтвердил связь КРСОЮУМРМЮРК-56 (КРСОЮУМРМЮРК) → МЮРК-256 (МЮРК) [sim 0.887] — AI-вердикт: CORRECT
2025-10-13 12:19:04 [INFO] Аналитик функций ГО: AI подтвердил связь КРХМСХРК-100 (КРХМСХРК) → МСХРК-672 (МСХРК) [sim 1.000] — AI-вердикт: CORRECT
2025-10-13 12:19:04 [INFO] Аналитик функций ГО: AI подтвердил связь КРОИВРМВРИРК-28 (КРОИВРМВРИРК) → МВРИРК-161 (МВРИРК) [sim 1.000] — AI-вердикт: CORRECT
2025-10-13 12:19:04 [INFO] Аналитик функций ГО: AI подтвердил связь КРСОЮУМРМЮРК-25 (КРСОЮУМРМЮРК) → МЮРК-47 (МЮРК) [sim 0.974] — AI-вердикт: CORRECT
2025-10-13 12:19:04 [INFO] Аналитик функций ГО: AI подтвердил связь КРСОЮУМРМЮРК-18 (КРСОЮУМРМЮРК) → МЮРК-33 (МЮРК) [sim 0.905] — AI-вердикт: CORRECT
2025-10-13 12:19:04 [INFO] Аналитик функций ГО: AI подтвердил связь КРСОЮУМРМЮРК-36 (КРСОЮУМРМЮРК) → МЮРК-97 (МЮРК) [sim 0.984] — AI-вердикт: CORRECT
2025-10-13 12:19:04 [INFO] Аналитик функций ГО: AI подтвердил связь КРСОЮУМРМЮРК-60 (КРСОЮУМРМЮРК) → МЮРК-300 (МЮРК) [sim 1.000] — AI-вердикт: CORRECT
2025-10-13 12:19:04 [INFO] Аналитик функций ГО: AI подтвердил связь КРСОЮУМРМЮРК-31 (КРСОЮУМРМЮРК) → МЮРК-92 (МЮРК) [sim 0.990] — AI-вердикт: CORRECT
2025-10-13 12:19:04 [INFO] Аналитик функций ГО: AI подтвердил связь КРСОЮУМРМЮРК-29 (КРСОЮУМРМЮРК) → МЮРК-90 (МЮРК) [sim 0.990] — AI-вердикт: CORRECT
2025-10-13 12:19:04 [INFO] Аналитик функций ГО: AI подтвердил связь КРХМСХРК-109 (КРХМСХРК) → МСХРК-416 (МСХРК) [sim 1.000] — AI-вердикт: CORRECT
2025-10-13 12:19:04 [INFO] Аналитик функций ГО: AI подтвердил связь КРСОЮУМРМЮРК-46 (КРСОЮУМРМЮРК) → МЮРК-109 (МЮРК) [sim 0.966] — AI-вердикт: CORRECT
2025-10-13 12:19:04 [INFO] Аналитик функций ГО: AI подтвердил связь КРСОЮУМРМЮРК-45 (КРСОЮУМРМЮРК) → МЮРК-108 (МЮРК) [sim 1.000] — AI-вердикт: CORRECT
2025-10-13 12:19:04 [INFO] Аналитик функций ГО: AI подтвердил связь КРСОЮУМРМЮРК-59 (КРСОЮУМРМЮРК) → МЮРК-298 (МЮРК) [sim 1.000] — AI-вердикт: CORRECT
2025-10-13 12:19:04 [INFO] Аналитик функций ГО: AI подтвердил связь КРХМСХРК-106 (КРХМСХРК) → МСХРК-678 (МСХРК) [sim 1.000] — AI-вердикт: CORRECT
2025-10-13 12:19:04 [INFO] Аналитик функций ГО: AI подтвердил связь КРСОЮУМРМЮРК-35 (КРСОЮУМРМЮРК) → МЮРК-96 (МЮРК) [sim 0.982] — AI-вердикт: CORRECT
2025-10-13 12:19:04 [INFO] Аналитик функций ГО: AI подтвердил связь КРХМСХРК-10 (КРХМСХРК) → МСХРК-463 (МСХРК) [sim 1.000] — AI-вердикт: CORRECT
2025-10-13 12:19:04 [INFO] Аналитик функций ГО: AI подтвердил связь КРХМСХРК-12 (КРХМСХРК) → МСХРК-466 (МСХРК) [sim 1.000] — AI-вердикт: CORRECT
2025-10-13 12:19:04 [INFO] Аналитик функций ГО: AI подтвердил связь КРСОЮУМРМЮРК-34 (КРСОЮУМРМЮРК) → МЮРК-95 (МЮРК) [sim 0.989] — AI-вердикт: CORRECT
2025-10-13 12:19:04 [INFO] Аналитик функций ГО: AI подтвердил связь КРСОЮУМРМЮРК-8 (КРСОЮУМРМЮРК) → МЮРК-105 (МЮРК) [sim 1.000] — AI-вердикт: CORRECT
2025-10-13 12:19:04 [INFO] Аналитик функций ГО: AI подтвердил связь КРСОЮУМРМЮРК-39 (КРСОЮУМРМЮРК) → МЮРК-100 (МЮРК) [sim 0.983] — AI-вердикт: CORRECT
2025-10-13 12:19:04 [INFO] Аналитик функций ГО: AI подтвердил связь КРСОЮУМРМЮРК-47 (КРСОЮУМРМЮРК) → МЮРК-259 (МЮРК) [sim 1.000] — AI-вердикт: CORRECT
2025-10-13 12:19:04 [INFO] Аналитик функций ГО: AI подтвердил связь КРХМСХРК-101 (КРХМСХРК) → МСХРК-673 (МСХРК) [sim 1.000] — AI-вердикт: CORRECT
2025-10-13 12:19:04 [INFO] Аналитик функций ГО: AI подтвердил связь КРХМСХРК-11 (КРХМСХРК) → МСХРК-465 (МСХРК) [sim 1.000] — AI-вердикт: CORRECT
2025-10-13 12:19:04 [INFO] Аналитик функций ГО: AI подтвердил связь КРОИВРМВРИРК-21 (КРОИВРМВРИРК) → МВРИРК-127 (МВРИРК) [sim 0.821] — AI-вердикт: CORRECT
2025-10-13 12:19:04 [INFO] Аналитик функций ГО: AI подтвердил связь КРСОЮУМРМЮРК-44 (КРСОЮУМРМЮРК) → МЮРК-107 (МЮРК) [sim 0.991] — AI-вердикт: CORRECT
2025-10-13 12:19:04 [INFO] Аналитик функций ГО: AI подтвердил связь КРХМСХРК-102 (КРХМСХРК) → МСХРК-674 (МСХРК) [sim 1.000] — AI-вердикт: CORRECT
2025-10-13 12:19:04 [INFO] Аналитик функций ГО: AI подтвердил связь КРСОЮУМРМЮРК-30 (КРСОЮУМРМЮРК) → МЮРК-91 (МЮРК) [sim 0.992] — AI-вердикт: CORRECT
2025-10-13 12:19:04 [INFO] Аналитик функций ГО: AI подтвердил связь КРСОЮУМРМЮРК-7 (КРСОЮУМРМЮРК) → МЮРК-111 (МЮРК) [sim 1.000] — AI-вердикт: CORRECT
2025-10-13 12:19:04 [INFO] Аналитик функций ГО: AI подтвердил связь КРХМСХРК-105 (КРХМСХРК) → МСХРК-677 (МСХРК) [sim 1.000] — AI-вердикт: CORRECT
2025-10-13 12:19:04 [INFO] Аналитик функций ГО: AI подтвердил связь КРХМСХРК-112 (КРХМСХРК) → МСХРК-421 (МСХРК) [sim 1.000] — AI-вердикт: CORRECT
2025-10-13 12:19:04 [INFO] Аналитик функций ГО: AI подтвердил связь КРСОЮУМРМЮРК-58 (КРСОЮУМРМЮРК) → МЮРК-297 (МЮРК) [sim 1.000] — AI-вердикт: CORRECT
2025-10-13 12:19:04 [INFO] Аналитик функций ГО: AI подтвердил связь КРХМСХРК-108 (КРХМСХРК) → МСХРК-680 (МСХРК) [sim 1.000] — AI-вердикт: CORRECT
2025-10-13 12:19:04 [INFO] Аналитик функций ГО: AI подтвердил связь КРСОЮУМРМЮРК-42 (КРСОЮУМРМЮРК) → МЮРК-103 (МЮРК) [sim 0.971] — AI-вердикт: CORRECT
2025-10-13 12:19:04 [INFO] Аналитик функций ГО: AI подтвердил связь КРХМСХРК-15 (КРХМСХРК) → МСХРК-469 (МСХРК) [sim 1.000] — AI-вердикт: CORRECT
2025-10-13 12:19:04 [INFO] Аналитик функций ГО: AI подтвердил связь КРХМСХРК-1 (КРХМСХРК) → МСХРК-8-13 (МСХРК) [sim 0.990] — AI-вердикт: CORRECT
2025-10-13 12:19:04 [INFO] Аналитик функций ГО: AI подтвердил связь КРХМСХРК-19 (КРХМСХРК) → МСХРК-473 (МСХРК) [sim 1.000] — AI-вердикт: CORRECT
2025-10-13 12:19:04 [INFO] Аналитик функций ГО: AI подтвердил связь КРСОЮУМРМЮРК-37 (КРСОЮУМРМЮРК) → МЮРК-98 (МЮРК) [sim 0.979] — AI-вердикт: CORRECT
2025-10-13 12:19:04 [INFO] Аналитик функций ГО: AI подтвердил связь КРСОЮУМРМЮРК-61 (КРСОЮУМРМЮРК) → МЮРК-301 (МЮРК) [sim 0.961] — AI-вердикт: CORRECT
2025-10-13 12:19:04 [INFO] Аналитик функций ГО: AI подтвердил связь КРХМСХРК-107 (КРХМСХРК) → МСХРК-679 (МСХРК) [sim 1.000] — AI-вердикт: CORRECT
2025-10-13 12:19:04 [INFO] Аналитик функций ГО: AI подтвердил связь КРСОЮУМРМЮРК-54 (КРСОЮУМРМЮРК) → МЮРК-248 (МЮРК) [sim 0.897] — AI-вердикт: CORRECT
2025-10-13 12:19:04 [INFO] Аналитик функций ГО: AI подтвердил связь КРХМСХРК-113 (КРХМСХРК) → МСХРК-422 (МСХРК) [sim 1.000] — AI-вердикт: CORRECT
2025-10-13 12:19:04 [INFO] Аналитик функций ГО: AI подтвердил связь КРСОЮУМРМЮРК-23 (КРСОЮУМРМЮРК) → МЮРК-45 (МЮРК) [sim 0.900] — AI-вердикт: CORRECT
2025-10-13 12:19:04 [INFO] Аналитик функций ГО: AI подтвердил связь КРХМСХРК-117 (КРХМСХРК) → МСХРК-425 (МСХРК) [sim 1.000] — AI-вердикт: CORRECT
2025-10-13 12:19:04 [INFO] Аналитик функций ГО: AI подтвердил связь КРСОЮУМРМЮРК-43 (КРСОЮУМРМЮРК) → МЮРК-106 (МЮРК) [sim 0.979] — AI-вердикт: CORRECT
2025-10-13 12:19:04 [INFO] Аналитик функций ГО: AI подтвердил связь КРСОЮУМРМЮРК-55 (КРСОЮУМРМЮРК) → МЮРК-252 (МЮРК) [sim 1.000] — AI-вердикт: CORRECT
2025-10-13 12:19:04 [INFO] Аналитик функций ГО: AI подтвердил связь КРСОЮУМРМЮРК-41 (КРСОЮУМРМЮРК) → МЮРК-102 (МЮРК) [sim 0.961] — AI-вердикт: CORRECT
2025-10-13 12:19:04 [INFO] Аналитик функций ГО: AI подтвердил связь КРХМСХРК-18 (КРХМСХРК) → МСХРК-472 (МСХРК) [sim 1.000] — AI-вердикт: CORRECT
2025-10-13 12:19:04 [INFO] Аналитик функций ГО: AI подтвердил связь КРКССЗНМТСЗНРК-30 (КРКССЗНМТСЗНРК) → МТСЗНРК-310 (МТСЗНРК) [sim 0.693] — AI-вердикт: CORRECT
2025-10-13 12:19:04 [INFO] Аналитик функций ГО: AI подтвердил связь КРХМСХРК-114 (КРХМСХРК) → МСХРК-428 (МСХРК) [sim 1.000] — AI-вердикт: CORRECT
2025-10-13 12:19:04 [INFO] Аналитик функций ГО: AI подтвердил связь КРХМСХРК-16 (КРХМСХРК) → МСХРК-470 (МСХРК) [sim 1.000] — AI-вердикт: CORRECT
2025-10-13 12:19:04 [INFO] Аналитик функций ГО: AI подтвердил связь КРХМСХРК-110 (КРХМСХРК) → МСХРК-417 (МСХРК) [sim 1.000] — AI-вердикт: CORRECT
2025-10-13 12:19:04 [INFO] Аналитик функций ГО: AI подтвердил связь КРСОЮУМРМЮРК-62 (КРСОЮУМРМЮРК) → МЮРК-303 (МЮРК) [sim 1.000] — AI-вердикт: CORRECT
2025-10-13 12:19:04 [INFO] Аналитик функций ГО: AI подтвердил связь КРСОЮУМРМЮРК-53 (КРСОЮУМРМЮРК) → МЮРК-151 (МЮРК) [sim 1.000] — AI-вердикт: CORRECT
2025-10-13 12:19:04 [INFO] Аналитик функций ГО: AI подтвердил связь КРСОЮУМРМЮРК-3 (КРСОЮУМРМЮРК) → МЮРК-88 (МЮРК) [sim 0.724] — AI-вердикт: CORRECT
2025-10-13 12:19:04 [INFO] Аналитик функций ГО: AI подтвердил связь КРХМСХРК-104 (КРХМСХРК) → МСХРК-676 (МСХРК) [sim 1.000] — AI-вердикт: CORRECT
2025-10-13 12:19:04 [INFO] Аналитик функций ГО: AI подтвердил связь КРХМСХРК-17 (КРХМСХРК) → МСХРК-471 (МСХРК) [sim 1.000] — AI-вердикт: CORRECT
2025-10-13 12:19:04 [INFO] Аналитик функций ГО: AI подтвердил связь КРХМСХРК-24 (КРХМСХРК) → МСХРК-597 (МСХРК) [sim 1.000] — AI-вердикт: CORRECT
2025-10-13 12:19:04 [INFO] Аналитик функций ГО: AI подтвердил связь КРХМСХРК-13 (КРХМСХРК) → МСХРК-467 (МСХРК) [sim 1.000] — AI-вердикт: CORRECT
2025-10-13 12:19:04 [INFO] Аналитик функций ГО: AI подтвердил связь КРХМСХРК-111 (КРХМСХРК) → МСХРК-420 (МСХРК) [sim 0.980] — AI-вердикт: CORRECT
2025-10-13 12:19:04 [INFO] Аналитик функций ГО: AI подтвердил связь КРСОЮУМРМЮРК-24 (КРСОЮУМРМЮРК) → МЮРК-46 (МЮРК) [sim 0.816] — AI-вердикт: CORRECT
2025-10-13 12:19:04 [INFO] Аналитик функций ГО: AI подтвердил связь КРСОЮУМРМЮРК-9 (КРСОЮУМРМЮРК) → МЮРК-110 (МЮРК) [sim 0.924] — AI-вердикт: CORRECT
2025-10-13 12:19:04 [INFO] Аналитик функций ГО: AI подтвердил связь КРСОЮУМРМЮРК-22 (КРСОЮУМРМЮРК) → МЮРК-43 (МЮРК) [sim 0.971] — AI-вердикт: CORRECT
2025-10-13 12:19:04 [INFO] Аналитик функций ГО: AI подтвердил связь КРСОЮУМРМЮРК-38 (КРСОЮУМРМЮРК) → МЮРК-99 (МЮРК) [sim 0.979] — AI-вердикт: CORRECT
2025-10-13 12:19:04 [INFO] Аналитик функций ГО: AI подтвердил связь КРХМСХРК-116 (КРХМСХРК) → МСХРК-432 (МСХРК) [sim 0.989] — AI-вердикт: CORRECT
2025-10-13 12:19:04 [INFO] Аналитик функций ГО: AI подтвердил связь КРСОЮУМРМЮРК-40 (КРСОЮУМРМЮРК) → МЮРК-101 (МЮРК) [sim 0.976] — AI-вердикт: CORRECT
2025-10-13 12:19:04 [INFO] Аналитик функций ГО: AI подтвердил связь КРХМСХРК-5 (КРХМСХРК) → МСХРК-458 (МСХРК) [sim 1.000] — AI-вердикт: CORRECT
2025-10-13 12:19:04 [INFO] Аналитик функций ГО: AI подтвердил связь КРХМСХРК-119 (КРХМСХРК) → МСХРК-704 (МСХРК) [sim 0.939] — AI-вердикт: CORRECT
2025-10-13 12:19:04 [INFO] Аналитик функций ГО: AI подтвердил связь КРХМСХРК-45 (КРХМСХРК) → МСХРК-618 (МСХРК) [sim 1.000] — AI-вердикт: CORRECT
2025-10-13 12:19:04 [INFO] Аналитик функций ГО: AI подтвердил связь КРХМСХРК-36 (КРХМСХРК) → МСХРК-609 (МСХРК) [sim 0.961] — AI-вердикт: CORRECT
2025-10-13 12:19:04 [INFO] Аналитик функций ГО: AI подтвердил связь КРХМСХРК-7 (КРХМСХРК) → МСХРК-460 (МСХРК) [sim 1.000] — AI-вердикт: CORRECT
2025-10-13 12:19:04 [INFO] Аналитик функций ГО: AI подтвердил связь КРКССЗНМТСЗНРК-17 (КРКССЗНМТСЗНРК) → МТСЗНРК-172 (МТСЗНРК) [sim 0.677] — AI-вердикт: CORRECT
2025-10-13 12:19:04 [INFO] Аналитик функций ГО: AI подтвердил связь КРХМСХРК-33 (КРХМСХРК) → МСХРК-606 (МСХРК) [sim 0.967] — AI-вердикт: CORRECT
2025-10-13 12:19:04 [INFO] Аналитик функций ГО: AI подтвердил связь КРХМСХРК-118 (КРХМСХРК) → МСХРК-431 (МСХРК) [sim 0.948] — AI-вердикт: CORRECT
2025-10-13 12:19:04 [INFO] Аналитик функций ГО: AI подтвердил связь КРХМСХРК-46 (КРХМСХРК) → МСХРК-619 (МСХРК) [sim 0.979] — AI-вердикт: CORRECT
2025-10-13 12:19:04 [INFO] Аналитик функций ГО: AI подтвердил связь КРХМСХРК-26 (КРХМСХРК) → МСХРК-599 (МСХРК) [sim 0.972] — AI-вердикт: CORRECT
2025-10-13 12:19:04 [INFO] Аналитик функций ГО: AI подтвердил связь КРХМСХРК-35 (КРХМСХРК) → МСХРК-608 (МСХРК) [sim 1.000] — AI-вердикт: CORRECT
2025-10-13 12:19:04 [INFO] Аналитик функций ГО: AI подтвердил связь КРХМСХРК-37 (КРХМСХРК) → МСХРК-610 (МСХРК) [sim 1.000] — AI-вердикт: CORRECT
2025-10-13 12:19:04 [INFO] Аналитик функций ГО: AI подтвердил связь КРХМСХРК-47 (КРХМСХРК) → МСХРК-620 (МСХРК) [sim 0.953] — AI-вердикт: CORRECT
2025-10-13 12:19:04 [INFO] Аналитик функций ГО: AI подтвердил связь КРХМСХРК-56 (КРХМСХРК) → МСХРК-629 (МСХРК) [sim 0.950] — AI-вердикт: CORRECT
2025-10-13 12:19:04 [INFO] Аналитик функций ГО: AI подтвердил связь КРХМСХРК-22 (КРХМСХРК) → МСХРК-595 (МСХРК) [sim 0.986] — AI-вердикт: CORRECT
2025-10-13 12:19:04 [INFO] Аналитик функций ГО: AI подтвердил связь КРХМСХРК-84 (КРХМСХРК) → МСХРК-656 (МСХРК) [sim 1.000] — AI-вердикт: CORRECT
2025-10-13 12:19:04 [INFO] Аналитик функций ГО: AI подтвердил связь КРХМСХРК-51 (КРХМСХРК) → МСХРК-624 (МСХРК) [sim 0.972] — AI-вердикт: CORRECT
2025-10-13 12:19:04 [INFO] Аналитик функций ГО: AI подтвердил связь КРХМСХРК-77 (КРХМСХРК) → МСХРК-650 (МСХРК) [sim 1.000] — AI-вердикт: CORRECT
2025-10-13 12:19:04 [INFO] Аналитик функций ГО: AI подтвердил связь КРХМСХРК-39 (КРХМСХРК) → МСХРК-612 (МСХРК) [sim 0.973] — AI-вердикт: CORRECT
2025-10-13 12:19:04 [INFO] Аналитик функций ГО: AI подтвердил связь КРХМСХРК-44 (КРХМСХРК) → МСХРК-617 (МСХРК) [sim 0.978] — AI-вердикт: CORRECT
2025-10-13 12:19:04 [INFO] Аналитик функций ГО: AI подтвердил связь КРХМСХРК-115 (КРХМСХРК) → МСХРК-430 (МСХРК) [sim 0.846] — AI-вердикт: CORRECT
2025-10-13 12:19:04 [INFO] Аналитик функций ГО: AI подтвердил связь КРХМСХРК-89 (КРХМСХРК) → МСХРК-661 (МСХРК) [sim 1.000] — AI-вердикт: CORRECT
2025-10-13 12:19:04 [INFO] Аналитик функций ГО: AI подтвердил связь КРХМСХРК-43 (КРХМСХРК) → МСХРК-616 (МСХРК) [sim 0.973] — AI-вердикт: CORRECT
2025-10-13 12:19:04 [INFO] Аналитик функций ГО: AI подтвердил связь КРХМСХРК-29 (КРХМСХРК) → МСХРК-602 (МСХРК) [sim 0.952] — AI-вердикт: CORRECT
2025-10-13 12:19:04 [INFO] Аналитик функций ГО: AI подтвердил связь КРХМСХРК-40 (КРХМСХРК) → МСХРК-613 (МСХРК) [sim 0.982] — AI-вердикт: CORRECT
2025-10-13 12:19:04 [INFO] Аналитик функций ГО: AI подтвердил связь КРХМСХРК-55 (КРХМСХРК) → МСХРК-628 (МСХРК) [sim 0.938] — AI-вердикт: CORRECT
2025-10-13 12:19:04 [INFO] Аналитик функций ГО: AI подтвердил связь КРХМСХРК-27 (КРХМСХРК) → МСХРК-600 (МСХРК) [sim 0.982] — AI-вердикт: CORRECT
2025-10-13 12:19:04 [INFO] Аналитик функций ГО: AI подтвердил связь КРХМСХРК-23 (КРХМСХРК) → МСХРК-596 (МСХРК) [sim 0.976] — AI-вердикт: CORRECT
2025-10-13 12:19:04 [INFO] Аналитик функций ГО: AI подтвердил связь КРХМСХРК-8 (КРХМСХРК) → МСХРК-461 (МСХРК) [sim 1.000] — AI-вердикт: CORRECT
2025-10-13 12:19:04 [INFO] Аналитик функций ГО: AI подтвердил связь КРХМСХРК-91 (КРХМСХРК) → МСХРК-663 (МСХРК) [sim 1.000] — AI-вердикт: CORRECT
2025-10-13 12:19:04 [INFO] Аналитик функций ГО: AI подтвердил связь КРХМСХРК-57 (КРХМСХРК) → МСХРК-630 (МСХРК) [sim 0.984] — AI-вердикт: CORRECT
2025-10-13 12:19:04 [INFO] Аналитик функций ГО: AI подтвердил связь КРХМСХРК-25 (КРХМСХРК) → МСХРК-598 (МСХРК) [sim 0.990] — AI-вердикт: CORRECT
2025-10-13 12:19:04 [INFO] Аналитик функций ГО: AI подтвердил связь КРХМСХРК-30 (КРХМСХРК) → МСХРК-603 (МСХРК) [sim 0.949] — AI-вердикт: CORRECT
2025-10-13 12:19:04 [INFO] Аналитик функций ГО: AI подтвердил связь КРХМСХРК-50 (КРХМСХРК) → МСХРК-623 (МСХРК) [sim 0.974] — AI-вердикт: CORRECT
2025-10-13 12:19:04 [INFO] Аналитик функций ГО: AI подтвердил связь КРХМСХРК-59 (КРХМСХРК) → МСХРК-632 (МСХРК) [sim 0.954] — AI-вердикт: CORRECT
2025-10-13 12:19:04 [INFO] Аналитик функций ГО: AI подтвердил связь КРХМСХРК-69 (КРХМСХРК) → МСХРК-642 (МСХРК) [sim 0.944] — AI-вердикт: CORRECT
2025-10-13 12:19:04 [INFO] Аналитик функций ГО: AI подтвердил связь КРХМСХРК-71 (КРХМСХРК) → МСХРК-644 (МСХРК) [sim 0.979] — AI-вердикт: CORRECT
2025-10-13 12:19:04 [INFO] Аналитик функций ГО: AI подтвердил связь КРХМСХРК-82 (КРХМСХРК) → МСХРК-654 (МСХРК) [sim 1.000] — AI-вердикт: CORRECT
2025-10-13 12:19:04 [INFO] Аналитик функций ГО: AI подтвердил связь КРХМСХРК-86 (КРХМСХРК) → МСХРК-658 (МСХРК) [sim 1.000] — AI-вердикт: CORRECT
2025-10-13 12:19:04 [INFO] Аналитик функций ГО: AI подтвердил связь КРХМСХРК-63 (КРХМСХРК) → МСХРК-636 (МСХРК) [sim 0.964] — AI-вердикт: CORRECT
2025-10-13 12:19:04 [INFO] Аналитик функций ГО: AI подтвердил связь КРХМСХРК-60 (КРХМСХРК) → МСХРК-633 (МСХРК) [sim 0.966] — AI-вердикт: CORRECT
2025-10-13 12:19:04 [INFO] Аналитик функций ГО: AI подтвердил связь КРХМСХРК-87 (КРХМСХРК) → МСХРК-659 (МСХРК) [sim 1.000] — AI-вердикт: CORRECT
2025-10-13 12:19:04 [INFO] Аналитик функций ГО: AI подтвердил связь КРХМСХРК-2 (КРХМСХРК) → МСХРК-2-7 (МСХРК) [sim 0.927] — AI-вердикт: CORRECT
2025-10-13 12:19:04 [INFO] Аналитик функций ГО: AI подтвердил связь КРХМСХРК-49 (КРХМСХРК) → МСХРК-622 (МСХРК) [sim 0.964] — AI-вердикт: CORRECT
2025-10-13 12:19:04 [INFO] Аналитик функций ГО: AI подтвердил связь КРХМСХРК-73 (КРХМСХРК) → МСХРК-646 (МСХРК) [sim 0.965] — AI-вердикт: CORRECT
2025-10-13 12:19:04 [INFO] Аналитик функций ГО: AI подтвердил связь КРКССЗНМТСЗНРК-6 (КРКССЗНМТСЗНРК) → МТСЗНРК-252 (МТСЗНРК) [sim 0.663] — AI-вердикт: CORRECT
2025-10-13 12:19:04 [INFO] Аналитик функций ГО: AI подтвердил связь КРХМСХРК-4 (КРХМСХРК) → МСХРК-457 (МСХРК) [sim 0.967] — AI-вердикт: CORRECT
2025-10-13 12:19:04 [INFO] Аналитик функций ГО: AI подтвердил связь КРХМСХРК-53 (КРХМСХРК) → МСХРК-626 (МСХРК) [sim 0.975] — AI-вердикт: CORRECT
2025-10-13 12:19:04 [INFO] Аналитик функций ГО: AI подтвердил связь КРХМСХРК-58 (КРХМСХРК) → МСХРК-631 (МСХРК) [sim 0.986] — AI-вердикт: CORRECT
2025-10-13 12:19:04 [INFO] Аналитик функций ГО: AI подтвердил связь КРХМСХРК-88 (КРХМСХРК) → МСХРК-660 (МСХРК) [sim 1.000] — AI-вердикт: CORRECT
2025-10-13 12:19:04 [INFO] Аналитик функций ГО: AI подтвердил связь КРХМСХРК-90 (КРХМСХРК) → МСХРК-662 (МСХРК) [sim 1.000] — AI-вердикт: CORRECT
2025-10-13 12:19:04 [INFO] Аналитик функций ГО: AI подтвердил связь КРХМСХРК-78 (КРХМСХРК) → МСХРК-651 (МСХРК) [sim 0.926] — AI-вердикт: CORRECT
2025-10-13 12:19:04 [INFO] Аналитик функций ГО: AI подтвердил связь КРХМСХРК-68 (КРХМСХРК) → МСХРК-641 (МСХРК) [sim 0.996] — AI-вердикт: CORRECT
2025-10-13 12:19:04 [INFO] Аналитик функций ГО: AI подтвердил связь КРХМСХРК-62 (КРХМСХРК) → МСХРК-635 (МСХРК) [sim 0.979] — AI-вердикт: CORRECT
2025-10-13 12:19:04 [INFO] Аналитик функций ГО: AI подтвердил связь КРХМСХРК-92 (КРХМСХРК) → МСХРК-664 (МСХРК) [sim 1.000] — AI-вердикт: CORRECT
2025-10-13 12:19:04 [INFO] Аналитик функций ГО: AI подтвердил связь КРХМСХРК-48 (КРХМСХРК) → МСХРК-621 (МСХРК) [sim 0.982] — AI-вердикт: CORRECT
2025-10-13 12:19:04 [INFO] Аналитик функций ГО: AI подтвердил связь КРХМСХРК-85 (КРХМСХРК) → МСХРК-657 (МСХРК) [sim 1.000] — AI-вердикт: CORRECT
2025-10-13 12:19:04 [INFO] Аналитик функций ГО: AI подтвердил связь КРХМСХРК-97 (КРХМСХРК) → МСХРК-669 (МСХРК) [sim 1.000] — AI-вердикт: CORRECT
2025-10-13 12:19:04 [INFO] Аналитик функций ГО: AI подтвердил связь КРХМСХРК-32 (КРХМСХРК) → МСХРК-605 (МСХРК) [sim 0.981] — AI-вердикт: CORRECT
2025-10-13 12:19:04 [INFO] Аналитик функций ГО: AI подтвердил связь КРХМСХРК-93 (КРХМСХРК) → МСХРК-665 (МСХРК) [sim 1.000] — AI-вердикт: CORRECT
2025-10-13 12:19:04 [INFO] Аналитик функций ГО: AI подтвердил связь КРХМСХРК-65 (КРХМСХРК) → МСХРК-638 (МСХРК) [sim 0.984] — AI-вердикт: CORRECT
2025-10-13 12:19:04 [INFO] Аналитик функций ГО: AI подтвердил связь КРХМСХРК-95 (КРХМСХРК) → МСХРК-667 (МСХРК) [sim 1.000] — AI-вердикт: CORRECT
2025-10-13 12:19:04 [INFO] Аналитик функций ГО: AI подтвердил связь КРХМСХРК-79 (КРХМСХРК) → МСХРК-652 (МСХРК) [sim 1.000] — AI-вердикт: CORRECT
2025-10-13 12:19:04 [INFO] Аналитик функций ГО: AI подтвердил связь КРСОЮУМРМЮРК-48 (КРСОЮУМРМЮРК) → МЮРК-116 (МЮРК) [sim 0.962] — AI-вердикт: CORRECT
2025-10-13 12:19:04 [INFO] Аналитик функций ГО: AI подтвердил связь КРХМСХРК-80 (КРХМСХРК) → МСХРК-655 (МСХРК) [sim 0.942] — AI-вердикт: CORRECT
2025-10-13 12:19:04 [INFO] Аналитик функций ГО: AI подтвердил связь КРХМСХРК-66 (КРХМСХРК) → МСХРК-639 (МСХРК) [sim 0.978] — AI-вердикт: CORRECT
2025-10-13 12:19:04 [INFO] Аналитик функций ГО: AI подтвердил связь КРХМСХРК-96 (КРХМСХРК) → МСХРК-668 (МСХРК) [sim 1.000] — AI-вердикт: CORRECT
2025-10-13 12:19:04 [INFO] Аналитик функций ГО: AI подтвердил связь КРХМСХРК-75 (КРХМСХРК) → МСХРК-648 (МСХРК) [sim 0.992] — AI-вердикт: CORRECT
2025-10-13 12:19:04 [INFO] Аналитик функций ГО: AI подтвердил связь КРХМСХРК-34 (КРХМСХРК) → МСХРК-607 (МСХРК) [sim 0.952] — AI-вердикт: CORRECT
2025-10-13 12:19:04 [INFO] Аналитик функций ГО: AI подтвердил связь КРХМСХРК-21 (КРХМСХРК) → МСХРК-594 (МСХРК) [sim 1.000] — AI-вердикт: CORRECT
2025-10-13 12:19:04 [INFO] Аналитик функций ГО: AI подтвердил связь КРХМСХРК-54 (КРХМСХРК) → МСХРК-627 (МСХРК) [sim 0.984] — AI-вердикт: CORRECT
2025-10-13 12:19:04 [INFO] Аналитик функций ГО: AI подтвердил связь КРХМСХРК-72 (КРХМСХРК) → МСХРК-645 (МСХРК) [sim 0.978] — AI-вердикт: CORRECT
2025-10-13 12:19:04 [INFO] Аналитик функций ГО: AI подтвердил связь КРХМСХРК-38 (КРХМСХРК) → МСХРК-611 (МСХРК) [sim 0.990] — AI-вердикт: CORRECT
2025-10-13 12:19:04 [INFO] Аналитик функций ГО: AI подтвердил связь КРХМСХРК-41 (КРХМСХРК) → МСХРК-614 (МСХРК) [sim 0.978] — AI-вердикт: CORRECT
2025-10-13 12:19:04 [INFO] Аналитик функций ГО: AI подтвердил связь КРХМСХРК-64 (КРХМСХРК) → МСХРК-637 (МСХРК) [sim 0.979] — AI-вердикт: CORRECT
2025-10-13 12:19:04 [INFO] Аналитик функций ГО: AI подтвердил связь КРХМСХРК-83 (КРХМСХРК) → МСХРК-655 (МСХРК) [sim 1.000] — AI-вердикт: CORRECT
2025-10-13 12:19:04 [INFO] Аналитик функций ГО: AI подтвердил связь КРХМСХРК-67 (КРХМСХРК) → МСХРК-640 (МСХРК) [sim 0.978] — AI-вердикт: CORRECT
2025-10-13 12:19:04 [INFO] Аналитик функций ГО: AI подтвердил связь КРХМСХРК-94 (КРХМСХРК) → МСХРК-666 (МСХРК) [sim 1.000] — AI-вердикт: CORRECT
2025-10-13 12:19:04 [INFO] Аналитик функций ГО: AI подтвердил связь КРХМСХРК-61 (КРХМСХРК) → МСХРК-634 (МСХРК) [sim 0.974] — AI-вердикт: CORRECT
2025-10-13 12:19:04 [INFO] Аналитик функций ГО: AI подтвердил связь КСКМЗРК-13 (КСКМЗРК) → МЗРК-265 (МЗРК) [sim 0.761] — AI-вердикт: CORRECT
2025-10-13 12:19:04 [INFO] Аналитик функций ГО: AI подтвердил связь КРХМСХРК-42 (КРХМСХРК) → МСХРК-615 (МСХРК) [sim 0.981] — AI-вердикт: CORRECT
2025-10-13 12:19:04 [INFO] Аналитик функций ГО: AI подтвердил связь КРХМСХРК-76 (КРХМСХРК) → МСХРК-649 (МСХРК) [sim 0.985] — AI-вердикт: CORRECT
2025-10-13 12:19:04 [INFO] Аналитик функций ГО: AI подтвердил связь КРХМСХРК-6 (КРХМСХРК) → МСХРК-459 (МСХРК) [sim 1.000] — AI-вердикт: CORRECT
2025-10-13 12:19:04 [INFO] Аналитик функций ГО: AI подтвердил связь КРХМСХРК-99 (КРХМСХРК) → МСХРК-671 (МСХРК) [sim 1.000] — AI-вердикт: CORRECT
2025-10-13 12:19:04 [INFO] Аналитик функций ГО: AI подтвердил связь КСКМЗРК-15-2 (КСКМЗРК) → МЗРК-134 (МЗРК) [sim 0.859] — AI-вердикт: CORRECT
2025-10-13 12:19:04 [INFO] Аналитик функций ГО: AI подтвердил связь КРХМСХРК-20 (КРХМСХРК) → МСХРК-474 (МСХРК) [sim 0.794] — AI-вердикт: CORRECT
2025-10-13 12:19:04 [INFO] Аналитик функций ГО: AI подтвердил связь КСКМЗРК-32 (КСКМЗРК) → МЗРК-409 (МЗРК) [sim 1.000] — AI-вердикт: CORRECT
2025-10-13 12:19:04 [INFO] Аналитик функций ГО: AI подтвердил связь КРХМСХРК-70 (КРХМСХРК) → МСХРК-643 (МСХРК) [sim 0.975] — AI-вердикт: CORRECT
2025-10-13 12:19:04 [INFO] Аналитик функций ГО: AI подтвердил связь КСКМЗРК-15-8 (КСКМЗРК) → МЗРК-135 (МЗРК) [sim 0.838] — AI-вердикт: CORRECT
2025-10-13 12:19:04 [INFO] Аналитик функций ГО: AI подтвердил связь КСКМЗРК-16-9 (КСКМЗРК) → МЗРК-378 (МЗРК) [sim 0.964] — AI-вердикт: CORRECT
2025-10-13 12:19:04 [INFO] Аналитик функций ГО: AI подтвердил связь КСКМЗРК-16-15 (КСКМЗРК) → МЗРК-383 (МЗРК) [sim 0.991] — AI-вердикт: CORRECT
2025-10-13 12:19:04 [INFO] Аналитик функций ГО: AI подтвердил связь КСКМЗРК-18 (КСКМЗРК) → МЗРК-133 (МЗРК) [sim 0.969] — AI-вердикт: CORRECT
2025-10-13 12:19:04 [INFO] Аналитик функций ГО: AI подтвердил связь КСКМЗРК-15-4 (КСКМЗРК) → МЗРК-111 (МЗРК) [sim 0.942] — AI-вердикт: CORRECT
2025-10-13 12:19:04 [INFO] Аналитик функций ГО: AI подтвердил связь КСКМЗРК-16-16 (КСКМЗРК) → МЗРК-384 (МЗРК) [sim 0.991] — AI-вердикт: CORRECT
2025-10-13 12:19:04 [INFO] Аналитик функций ГО: AI подтвердил связь КРХМСХРК-9 (КРХМСХРК) → МСХРК-462 (МСХРК) [sim 1.000] — AI-вердикт: CORRECT
2025-10-13 12:19:04 [INFO] Аналитик функций ГО: AI подтвердил связь КСКМЗРК-33 (КСКМЗРК) → МЗРК-410 (МЗРК) [sim 0.901] — AI-вердикт: CORRECT
2025-10-13 12:19:04 [INFO] Аналитик функций ГО: AI подтвердил связь КСКМЗРК-27-2 (КСКМЗРК) → МЗРК-56 (МЗРК) [sim 0.765] — AI-вердикт: CORRECT
2025-10-13 12:19:04 [INFO] Аналитик функций ГО: AI подтвердил связь КСКМЗРК-42 (КСКМЗРК) → МЗРК-6 (МЗРК) [sim 0.652] — AI-вердикт: CORRECT
2025-10-13 12:19:04 [INFO] Аналитик функций ГО: AI подтвердил связь КСКМЗРК-22 (КСКМЗРК) → МЗРК-45 (МЗРК) [sim 0.643] — AI-вердикт: CORRECT
2025-10-13 12:19:04 [INFO] Аналитик функций ГО: AI подтвердил связь КСКМЗРК-34 (КСКМЗРК) → МЗРК-124 (МЗРК) [sim 0.978] — AI-вердикт: CORRECT
2025-10-13 12:19:04 [INFO] Аналитик функций ГО: AI подтвердил связь КСКМЗРК-15-7 (КСКМЗРК) → МЗРК-375 (МЗРК) [sim 0.848] — AI-вердикт: CORRECT
2025-10-13 12:19:04 [INFO] Аналитик функций ГО: AI подтвердил связь КРХМСХРК-14 (КРХМСХРК) → МСХРК-468 (МСХРК) [sim 0.801] — AI-вердикт: CORRECT
2025-10-13 12:19:04 [INFO] Аналитик функций ГО: AI подтвердил связь КСКМЗРК-2 (КСКМЗРК) → МЗРК-387 (МЗРК) [sim 0.946] — AI-вердикт: CORRECT
2025-10-13 12:19:04 [INFO] Аналитик функций ГО: AI подтвердил связь КСКМЗРК-12 (КСКМЗРК) → МЗРК-3 (МЗРК) [sim 0.858] — AI-вердикт: CORRECT
2025-10-13 12:19:04 [INFO] Аналитик функций ГО: AI подтвердил связь КСКМЗРК-28 (КСКМЗРК) → МЗРК-118 (МЗРК) [sim 0.830] — AI-вердикт: CORRECT
2025-10-13 12:19:04 [INFO] Аналитик функций ГО: AI подтвердил связь КСКМЗРК-16-17 (КСКМЗРК) → МЗРК-221 (МЗРК) [sim 0.955] — AI-вердикт: CORRECT
2025-10-13 12:19:04 [INFO] Аналитик функций ГО: AI подтвердил связь КСКМЗРК-8 (КСКМЗРК) → МЗРК-408 (МЗРК) [sim 1.000] — AI-вердикт: CORRECT
2025-10-13 12:19:04 [INFO] Аналитик функций ГО: AI подтвердил связь КСКМЗРК-6 (КСКМЗРК) → МЗРК-126 (МЗРК) [sim 0.683] — AI-вердикт: CORRECT
2025-10-13 12:19:04 [INFO] Аналитик функций ГО: AI подтвердил связь КСКМЗРК-55-2 (КСКМЗРК) → МЗРК-398 (МЗРК) [sim 0.870] — AI-вердикт: CORRECT
2025-10-13 12:19:04 [INFO] Аналитик функций ГО: AI подтвердил связь КСКМЗРК-15-1 (КСКМЗРК) → МЗРК-111 (МЗРК) [sim 0.671] — AI-вердикт: CORRECT
2025-10-13 12:19:04 [INFO] Аналитик функций ГО: AI подтвердил связь КСКМЗРК-7 (КСКМЗРК) → МЗРК-376 (МЗРК) [sim 1.000] — AI-вердикт: CORRECT
2025-10-13 12:19:04 [INFO] Аналитик функций ГО: AI подтвердил связь КРХМСХРК-74 (КРХМСХРК) → МСХРК-647 (МСХРК) [sim 0.980] — AI-вердикт: CORRECT
2025-10-13 12:19:04 [INFO] Аналитик функций ГО: AI подтвердил связь КСОМПРК-31 (КСОМПРК) → МПРК-96 (МПРК) [sim 1.000] — AI-вердикт: CORRECT
2025-10-13 12:19:04 [INFO] Аналитик функций ГО: AI подтвердил связь КСКМЗРК-56 (КСКМЗРК) → МЗРК-419 (МЗРК) [sim 0.927] — AI-вердикт: CORRECT
2025-10-13 12:19:04 [INFO] Аналитик функций ГО: AI подтвердил связь КСОМПРК-15 (КСОМПРК) → МПРК-15 (МПРК) [sim 0.994] — AI-вердикт: CORRECT
2025-10-13 12:19:04 [INFO] Аналитик функций ГО: AI подтвердил связь КСОМПРК-16 (КСОМПРК) → МПРК-73 (МПРК) [sim 0.978] — AI-вердикт: CORRECT
2025-10-13 12:19:04 [INFO] Аналитик функций ГО: AI подтвердил связь КСОМПРК-1 (КСОМПРК) → МПРК-1 (МПРК) [sim 0.917] — AI-вердикт: CORRECT
2025-10-13 12:19:04 [INFO] Аналитик функций ГО: AI подтвердил связь КСОМПРК-30 (КСОМПРК) → МПРК-306 (МПРК) [sim 0.897] — AI-вердикт: CORRECT
2025-10-13 12:19:04 [INFO] Аналитик функций ГО: AI подтвердил связь КСОМПРК-13 (КСОМПРК) → МПРК-136 (МПРК) [sim 0.876] — AI-вердикт: CORRECT
2025-10-13 12:19:04 [INFO] Аналитик функций ГО: AI подтвердил связь КСКМЗРК-17-5 (КСКМЗРК) → МЗРК-128 (МЗРК) [sim 0.944] — AI-вердикт: CORRECT
2025-10-13 12:19:04 [INFO] Аналитик функций ГО: AI подтвердил связь КСКМЗРК-49-2 (КСКМЗРК) → МЗРК-298 (МЗРК) [sim 0.747] — AI-вердикт: CORRECT
2025-10-13 12:19:04 [INFO] Аналитик функций ГО: AI подтвердил связь КСОМПРК-36 (КСОМПРК) → МПРК-43 (МПРК) [sim 1.000] — AI-вердикт: CORRECT
2025-10-13 12:19:04 [INFO] Аналитик функций ГО: AI подтвердил связь КСКМЗРК-56-1 (КСКМЗРК) → МЗРК-419 (МЗРК) [sim 0.927] — AI-вердикт: CORRECT
2025-10-13 12:19:04 [INFO] Аналитик функций ГО: AI подтвердил связь КСКМЗРК-30 (КСКМЗРК) → МЗРК-400 (МЗРК) [sim 0.896] — AI-вердикт: CORRECT
2025-10-13 12:19:04 [INFO] Аналитик функций ГО: AI подтвердил связь КСОМПРК-12 (КСОМПРК) → МПРК-54 (МПРК) [sim 0.935] — AI-вердикт: CORRECT
2025-10-13 12:19:04 [INFO] Аналитик функций ГО: AI подтвердил связь КСОМПРК-33 (КСОМПРК) → МПРК-189 (МПРК) [sim 0.961] — AI-вердикт: CORRECT
2025-10-13 12:19:04 [INFO] Аналитик функций ГО: AI подтвердил связь КСОМПРК-17 (КСОМПРК) → МПРК-267 (МПРК) [sim 0.954] — AI-вердикт: CORRECT
2025-10-13 12:19:04 [INFO] Аналитик функций ГО: AI подтвердил связь КСОМПРК-58 (КСОМПРК) → МПРК-268 (МПРК) [sim 1.000] — AI-вердикт: CORRECT
2025-10-13 12:19:04 [INFO] Аналитик функций ГО: AI подтвердил связь КСКМЗРК-50-2 (КСКМЗРК) → МЗРК-254 (МЗРК) [sim 0.757] — AI-вердикт: CORRECT
2025-10-13 12:19:04 [INFO] Аналитик функций ГО: AI подтвердил связь КСОМПРК-45 (КСОМПРК) → МПРК-131 (МПРК) [sim 1.000] — AI-вердикт: CORRECT
2025-10-13 12:19:04 [INFO] Аналитик функций ГО: AI подтвердил связь КСОМПРК-48 (КСОМПРК) → МПРК-271 (МПРК) [sim 1.000] — AI-вердикт: CORRECT
2025-10-13 12:19:04 [INFO] Аналитик функций ГО: AI подтвердил связь КСОМПРК-47 (КСОМПРК) → МПРК-264 (МПРК) [sim 1.000] — AI-вердикт: CORRECT
2025-10-13 12:19:04 [INFO] Аналитик функций ГО: AI подтвердил связь КСОМПРК-39 (КСОМПРК) → МПРК-41 (МПРК) [sim 0.991] — AI-вердикт: CORRECT
2025-10-13 12:19:04 [INFO] Аналитик функций ГО: AI подтвердил связь КСОМПРК-5 (КСОМПРК) → МПРК-6 (МПРК) [sim 0.900] — AI-вердикт: CORRECT
2025-10-13 12:19:04 [INFO] Аналитик функций ГО: AI подтвердил связь КСОМПРК-60 (КСОМПРК) → МПРК-201 (МПРК) [sim 0.986] — AI-вердикт: CORRECT
2025-10-13 12:19:04 [INFO] Аналитик функций ГО: AI подтвердил связь КСОМПРК-66 (КСОМПРК) → МПРК-211 (МПРК) [sim 1.000] — AI-вердикт: CORRECT
2025-10-13 12:19:04 [INFO] Аналитик функций ГО: AI подтвердил связь КСОМПРК-68 (КСОМПРК) → МПРК-213 (МПРК) [sim 1.000] — AI-вердикт: CORRECT
2025-10-13 12:19:04 [INFO] Аналитик функций ГО: AI подтвердил связь КСКМЗРК-15-9 (КСКМЗРК) → МЗРК-388 (МЗРК) [sim 0.831] — AI-вердикт: CORRECT
2025-10-13 12:19:04 [INFO] Аналитик функций ГО: AI подтвердил связь КСОМПРК-28 (КСОМПРК) → МПРК-299 (МПРК) [sim 0.877] — AI-вердикт: CORRECT
2025-10-13 12:19:04 [INFO] Аналитик функций ГО: AI подтвердил связь КСОМПРК-3 (КСОМПРК) → МПРК-14 (МПРК) [sim 0.872] — AI-вердикт: CORRECT
2025-10-13 12:19:04 [INFO] Аналитик функций ГО: AI подтвердил связь КСКМЗРК-27-1 (КСКМЗРК) → МЗРК-6 (МЗРК) [sim 0.603] — AI-вердикт: CORRECT
2025-10-13 12:19:04 [INFO] Аналитик функций ГО: AI подтвердил связь КСОМПРК-49 (КСОМПРК) → МПРК-69 (МПРК) [sim 0.924] — AI-вердикт: CORRECT
2025-10-13 12:19:04 [INFO] Аналитик функций ГО: AI подтвердил связь КСОМПРК-43 (КСОМПРК) → МПРК-42 (МПРК) [sim 0.986] — AI-вердикт: CORRECT
2025-10-13 12:19:04 [INFO] Аналитик функций ГО: AI подтвердил связь КСОМПРК-54 (КСОМПРК) → МПРК-68 (МПРК) [sim 0.971] — AI-вердикт: CORRECT
2025-10-13 12:19:04 [INFO] Аналитик функций ГО: AI подтвердил связь КСОМПРК-46 (КСОМПРК) → МПРК-5 (МПРК) [sim 0.879] — AI-вердикт: CORRECT
2025-10-13 12:19:04 [INFO] Аналитик функций ГО: AI подтвердил связь КСОМПРК-75 (КСОМПРК) → МПРК-224 (МПРК) [sim 1.000] — AI-вердикт: CORRECT
2025-10-13 12:19:04 [INFO] Аналитик функций ГО: AI подтвердил связь КСОМПРК-73 (КСОМПРК) → МПРК-222 (МПРК) [sim 1.000] — AI-вердикт: CORRECT
2025-10-13 12:19:04 [INFO] Аналитик функций ГО: AI подтвердил связь КСОМПРК-69 (КСОМПРК) → МПРК-216 (МПРК) [sim 1.000] — AI-вердикт: CORRECT
2025-10-13 12:19:04 [INFO] Аналитик функций ГО: AI подтвердил связь КСОМПРК-44 (КСОМПРК) → МПРК-32 (МПРК) [sim 0.856] — AI-вердикт: CORRECT
2025-10-13 12:19:04 [INFO] Аналитик функций ГО: AI подтвердил связь КСОМПРК-93 (КСОМПРК) → МПРК-291 (МПРК) [sim 1.000] — AI-вердикт: CORRECT
2025-10-13 12:19:04 [INFO] Аналитик функций ГО: AI подтвердил связь КСОМПРК-72 (КСОМПРК) → МПРК-219 (МПРК) [sim 1.000] — AI-вердикт: CORRECT
2025-10-13 12:19:04 [INFO] Аналитик функций ГО: AI подтвердил связь КСОМПРК-79 (КСОМПРК) → МПРК-282 (МПРК) [sim 1.000] — AI-вердикт: CORRECT
2025-10-13 12:19:04 [INFO] Аналитик функций ГО: AI подтвердил связь КСОМПРК-82 (КСОМПРК) → МПРК-283 (МПРК) [sim 1.000] — AI-вердикт: CORRECT
2025-10-13 12:19:04 [INFO] Аналитик функций ГО: AI подтвердил связь КСОМПРК-84 (КСОМПРК) → МПРК-3 (МПРК) [sim 1.000] — AI-вердикт: CORRECT
2025-10-13 12:19:04 [INFO] Аналитик функций ГО: AI подтвердил связь КСОМПРК-83 (КСОМПРК) → МПРК-11 (МПРК) [sim 1.000] — AI-вердикт: CORRECT
2025-10-13 12:19:04 [INFO] Аналитик функций ГО: AI подтвердил связь КСОМПРК-94-1 (КСОМПРК) → МПРК-321 (МПРК) [sim 1.000] — AI-вердикт: CORRECT
2025-10-13 12:19:04 [INFO] Аналитик функций ГО: AI подтвердил связь КСОМПРК-80 (КСОМПРК) → МПРК-259 (МПРК) [sim 0.902] — AI-вердикт: CORRECT
2025-10-13 12:19:04 [INFO] Аналитик функций ГО: AI подтвердил связь КСОМПРК-88 (КСОМПРК) → МПРК-169 (МПРК) [sim 0.957] — AI-вердикт: CORRECT
2025-10-13 12:19:04 [INFO] Аналитик функций ГО: AI подтвердил связь КСОМПРК-57 (КСОМПРК) → МПРК-193 (МПРК) [sim 0.894] — AI-вердикт: CORRECT
2025-10-13 12:19:04 [INFO] Аналитик функций ГО: AI подтвердил связь КТМТИРК-12 (КТМТИРК) → МТИРК-90 (МТИРК) [sim 0.996] — AI-вердикт: CORRECT
2025-10-13 12:19:04 [INFO] Аналитик функций ГО: AI подтвердил связь КСОМПРК-70 (КСОМПРК) → МПРК-217 (МПРК) [sim 0.923] — AI-вердикт: CORRECT
2025-10-13 12:19:04 [INFO] Аналитик функций ГО: AI подтвердил связь КСОМПРК-87 (КСОМПРК) → МПРК-62 (МПРК) [sim 1.000] — AI-вердикт: CORRECT
2025-10-13 12:19:04 [INFO] Аналитик функций ГО: AI подтвердил связь КСОМПРК-11 (КСОМПРК) → МПРК-21 (МПРК) [sim 0.865] — AI-вердикт: CORRECT
2025-10-13 12:19:04 [INFO] Аналитик функций ГО: AI подтвердил связь КСОМПРК-77 (КСОМПРК) → МПРК-86 (МПРК) [sim 0.928] — AI-вердикт: CORRECT
2025-10-13 12:19:04 [INFO] Аналитик функций ГО: AI подтвердил связь КСОМПРК-81 (КСОМПРК) → МПРК-260 (МПРК) [sim 1.000] — AI-вердикт: CORRECT
2025-10-13 12:19:04 [INFO] Аналитик функций ГО: AI подтвердил связь КСОМПРК-94 (КСОМПРК) → МПРК-321 (МПРК) [sim 1.000] — AI-вердикт: CORRECT
2025-10-13 12:19:04 [INFO] Аналитик функций ГО: AI подтвердил связь КСОМПРК-38 (КСОМПРК) → МПРК-81 (МПРК) [sim 0.977] — AI-вердикт: CORRECT
2025-10-13 12:19:04 [INFO] Аналитик функций ГО: AI подтвердил связь КСОМПРК-56 (КСОМПРК) → МПРК-13 (МПРК) [sim 0.948] — AI-вердикт: CORRECT
2025-10-13 12:19:04 [INFO] Аналитик функций ГО: AI подтвердил связь КСОМПРК-74 (КСОМПРК) → МПРК-223 (МПРК) [sim 1.000] — AI-вердикт: CORRECT
2025-10-13 12:19:04 [INFO] Аналитик функций ГО: AI подтвердил связь КСОМПРК-86 (КСОМПРК) → МПРК-10 (МПРК) [sim 1.000] — AI-вердикт: CORRECT
2025-10-13 12:19:04 [INFO] Аналитик функций ГО: AI подтвердил связь КСОМПРК-7 (КСОМПРК) → МПРК-31 (МПРК) [sim 0.839] — AI-вердикт: CORRECT
2025-10-13 12:19:04 [INFO] Аналитик функций ГО: AI подтвердил связь КТМТИРК-13 (КТМТИРК) → МТИРК-89 (МТИРК) [sim 0.992] — AI-вердикт: CORRECT
2025-10-13 12:19:04 [INFO] Аналитик функций ГО: AI подтвердил связь КТМТИРК-10 (КТМТИРК) → МТИРК-98 (МТИРК) [sim 0.973] — AI-вердикт: CORRECT
2025-10-13 12:19:04 [INFO] Аналитик функций ГО: AI подтвердил связь КСОМПРК-65 (КСОМПРК) → МПРК-203 (МПРК) [sim 0.976] — AI-вердикт: CORRECT
2025-10-13 12:19:04 [INFO] Аналитик функций ГО: AI подтвердил связь КТМТИРК-18 (КТМТИРК) → МТИРК-113 (МТИРК) [sim 0.986] — AI-вердикт: CORRECT
2025-10-13 12:19:04 [INFO] Аналитик функций ГО: AI подтвердил связь КСОМПРК-64 (КСОМПРК) → МПРК-202 (МПРК) [sim 0.968] — AI-вердикт: CORRECT
2025-10-13 12:19:04 [INFO] Аналитик функций ГО: AI подтвердил связь КТМТИРК-11-1 (КТМТИРК) → МТИРК-135 (МТИРК) [sim 0.973] — AI-вердикт: CORRECT
2025-10-13 12:19:04 [INFO] Аналитик функций ГО: AI подтвердил связь КСОМПРК-85 (КСОМПРК) → МПРК-18 (МПРК) [sim 0.823] — AI-вердикт: CORRECT
2025-10-13 12:19:04 [INFO] Аналитик функций ГО: AI подтвердил связь КСОМПРК-14 (КСОМПРК) → МПРК-33 (МПРК) [sim 0.916] — AI-вердикт: CORRECT
2025-10-13 12:19:04 [INFO] Аналитик функций ГО: AI подтвердил связь КСОМПРК-59 (КСОМПРК) → МПРК-38 (МПРК) [sim 0.972] — AI-вердикт: CORRECT
2025-10-13 12:19:04 [INFO] Аналитик функций ГО: AI подтвердил связь КТМТИРК-22 (КТМТИРК) → МТИРК-42 (МТИРК) [sim 0.978] — AI-вердикт: CORRECT
2025-10-13 12:19:04 [INFO] Аналитик функций ГО: AI подтвердил связь КСОМПРК-42 (КСОМПРК) → МПРК-82 (МПРК) [sim 0.850] — AI-вердикт: CORRECT
2025-10-13 12:19:04 [INFO] Аналитик функций ГО: AI подтвердил связь КСОМПРК-78 (КСОМПРК) → МПРК-221 (МПРК) [sim 1.000] — AI-вердикт: CORRECT
2025-10-13 12:19:04 [INFO] Аналитик функций ГО: AI подтвердил связь КСКМЗРК-44 (КСКМЗРК) → МЗРК-132 (МЗРК) [sim 0.691] — AI-вердикт: CORRECT
2025-10-13 12:19:04 [INFO] Аналитик функций ГО: AI подтвердил связь КСОМПРК-61 (КСОМПРК) → МПРК-200 (МПРК) [sim 0.975] — AI-вердикт: CORRECT
2025-10-13 12:19:04 [INFO] Аналитик функций ГО: AI подтвердил связь КТМТИРК-12-1 (КТМТИРК) → МТИРК-90 (МТИРК) [sim 0.996] — AI-вердикт: CORRECT
2025-10-13 12:19:04 [INFO] Аналитик функций ГО: AI подтвердил связь КТМТИРК-34 (КТМТИРК) → МТИРК-112 (МТИРК) [sim 0.986] — AI-вердикт: CORRECT
2025-10-13 12:19:04 [INFO] Аналитик функций ГО: AI подтвердил связь КСОМПРК-8 (КСОМПРК) → МПРК-210 (МПРК) [sim 0.951] — AI-вердикт: CORRECT
2025-10-13 12:19:04 [INFO] Аналитик функций ГО: AI подтвердил связь КСОМПРК-63 (КСОМПРК) → МПРК-79 (МПРК) [sim 0.980] — AI-вердикт: CORRECT
2025-10-13 12:19:04 [INFO] Аналитик функций ГО: AI подтвердил связь КТМТИРК-19 (КТМТИРК) → МТИРК-114 (МТИРК) [sim 0.978] — AI-вердикт: CORRECT
2025-10-13 12:19:04 [INFO] Аналитик функций ГО: AI подтвердил связь КТМТИРК-16 (КТМТИРК) → МТИРК-129 (МТИРК) [sim 0.957] — AI-вердикт: CORRECT
2025-10-13 12:19:04 [INFO] Аналитик функций ГО: AI подтвердил связь КТМТИРК-3 (КТМТИРК) → МТИРК-116 (МТИРК) [sim 0.979] — AI-вердикт: CORRECT
2025-10-13 12:19:04 [INFO] Аналитик функций ГО: AI подтвердил связь КТМТИРК-17 (КТМТИРК) → МТИРК-18 (МТИРК) [sim 0.985] — AI-вердикт: CORRECT
2025-10-13 12:19:04 [INFO] Аналитик функций ГО: AI подтвердил связь КТМТИРК-23 (КТМТИРК) → МТИРК-43 (МТИРК) [sim 0.990] — AI-вердикт: CORRECT
2025-10-13 12:19:04 [INFO] Аналитик функций ГО: AI подтвердил связь КТМТИРК-1 (КТМТИРК) → МТИРК-39 (МТИРК) [sim 0.876] — AI-вердикт: CORRECT
2025-10-13 12:19:04 [INFO] Аналитик функций ГО: AI подтвердил связь КТМТИРК-2 (КТМТИРК) → МТИРК-40 (МТИРК) [sim 0.885] — AI-вердикт: CORRECT
2025-10-13 12:19:04 [INFO] Аналитик функций ГО: AI подтвердил связь КТМТИРК-29 (КТМТИРК) → МТИРК-47 (МТИРК) [sim 0.767] — AI-вердикт: CORRECT
2025-10-13 12:19:04 [INFO] Аналитик функций ГО: AI подтвердил связь КТМТИРК-11 (КТМТИРК) → МТИРК-135 (МТИРК) [sim 0.973] — AI-вердикт: CORRECT
2025-10-13 12:19:04 [INFO] Аналитик функций ГО: AI подтвердил связь КСОМПРК-67 (КСОМПРК) → МПРК-212 (МПРК) [sim 0.957] — AI-вердикт: CORRECT
2025-10-13 12:19:04 [INFO] Аналитик функций ГО: AI подтвердил связь КТМТИРК-8 (КТМТИРК) → МТИРК-99 (МТИРК) [sim 0.972] — AI-вердикт: CORRECT
2025-10-13 12:19:04 [INFO] Аналитик функций ГО: AI подтвердил связь КСОМПРК-21 (КСОМПРК) → МПРК-147 (МПРК) [sim 0.837] — AI-вердикт: CORRECT
2025-10-13 12:19:04 [INFO] Аналитик функций ГО: AI подтвердил связь КСОМПРК-40 (КСОМПРК) → МПРК-199 (МПРК) [sim 0.904] — AI-вердикт: CORRECT
2025-10-13 12:19:04 [INFO] Аналитик функций ГО: AI подтвердил связь КТМТИРК-21 (КТМТИРК) → МТИРК-41 (МТИРК) [sim 0.996] — AI-вердикт: CORRECT
2025-10-13 12:19:04 [INFO] Аналитик функций ГО: AI подтвердил связь КТМЦРИАПРК-120 (КТМЦРИАПРК) → МЦРИАПРК-106 (МЦРИАПРК) [sim 1.000] — AI-вердикт: CORRECT
2025-10-13 12:19:04 [INFO] Аналитик функций ГО: AI подтвердил связь КТМТИРК-30 (КТМТИРК) → МТИРК-48 (МТИРК) [sim 0.990] — AI-вердикт: CORRECT
2025-10-13 12:19:04 [INFO] Аналитик функций ГО: AI подтвердил связь КСОМПРК-90 (КСОМПРК) → МПРК-150 (МПРК) [sim 0.973] — AI-вердикт: CORRECT
2025-10-13 12:19:04 [INFO] Аналитик функций ГО: AI подтвердил связь КСОМПРК-52 (КСОМПРК) → МПРК-66 (МПРК) [sim 0.855] — AI-вердикт: CORRECT
2025-10-13 12:19:04 [INFO] Аналитик функций ГО: AI подтвердил связь КТМТИРК-38 (КТМТИРК) → МТИРК-269 (МТИРК) [sim 0.991] — AI-вердикт: CORRECT
2025-10-13 12:19:04 [INFO] Аналитик функций ГО: AI подтвердил связь КТМТИРК-31 (КТМТИРК) → МТИРК-283 (МТИРК) [sim 0.907] — AI-вердикт: CORRECT
2025-10-13 12:19:04 [INFO] Аналитик функций ГО: AI подтвердил связь КТМТИРК-28 (КТМТИРК) → МТИРК-47 (МТИРК) [sim 0.833] — AI-вердикт: CORRECT
2025-10-13 12:19:04 [INFO] Аналитик функций ГО: AI подтвердил связь КСКМЗРК-55-3 (КСКМЗРК) → МЗРК-121 (МЗРК) [sim 0.757] — AI-вердикт: CORRECT
2025-10-13 12:19:04 [INFO] Аналитик функций ГО: AI подтвердил связь КТМЦРИАПРК-107 (КТМЦРИАПРК) → МЦРИАПРК-481 (МЦРИАПРК) [sim 1.000] — AI-вердикт: CORRECT
2025-10-13 12:19:04 [INFO] Аналитик функций ГО: AI подтвердил связь КТМЦРИАПРК-117 (КТМЦРИАПРК) → МЦРИАПРК-113 (МЦРИАПРК) [sim 1.000] — AI-вердикт: CORRECT
2025-10-13 12:19:04 [INFO] Аналитик функций ГО: AI подтвердил связь КТМТИРК-9 (КТМТИРК) → МТИРК-88 (МТИРК) [sim 0.833] — AI-вердикт: CORRECT
2025-10-13 12:19:04 [INFO] Аналитик функций ГО: AI подтвердил связь КТМЦРИАПРК-106 (КТМЦРИАПРК) → МЦРИАПРК-151 (МЦРИАПРК) [sim 1.000] — AI-вердикт: CORRECT
2025-10-13 12:19:04 [INFO] Аналитик функций ГО: AI подтвердил связь КТМТИРК-6 (КТМТИРК) → МТИРК-133 (МТИРК) [sim 0.986] — AI-вердикт: CORRECT
2025-10-13 12:19:04 [INFO] Аналитик функций ГО: AI подтвердил связь КТМЦРИАПРК-129 (КТМЦРИАПРК) → МЦРИАПРК-86 (МЦРИАПРК) [sim 1.000] — AI-вердикт: CORRECT
2025-10-13 12:19:04 [INFO] Аналитик функций ГО: AI подтвердил связь КТМТИРК-43 (КТМТИРК) → МТИРК-95 (МТИРК) [sim 0.983] — AI-вердикт: CORRECT
2025-10-13 12:19:04 [INFO] Аналитик функций ГО: AI подтвердил связь КТМТИРК-14 (КТМТИРК) → МТИРК-97 (МТИРК) [sim 0.996] — AI-вердикт: CORRECT
2025-10-13 12:19:04 [INFO] Аналитик функций ГО: AI подтвердил связь КТМЦРИАПРК-10 (КТМЦРИАПРК) → МЦРИАПРК-467 (МЦРИАПРК) [sim 1.000] — AI-вердикт: CORRECT
2025-10-13 12:19:04 [INFO] Аналитик функций ГО: AI подтвердил связь КТМЦРИАПРК-110 (КТМЦРИАПРК) → МЦРИАПРК-94 (МЦРИАПРК) [sim 0.916] — AI-вердикт: CORRECT
2025-10-13 12:19:04 [INFO] Аналитик функций ГО: AI подтвердил связь КТМТИРК-7 (КТМТИРК) → МТИРК-94 (МТИРК) [sim 1.000] — AI-вердикт: CORRECT
2025-10-13 12:19:04 [INFO] Аналитик функций ГО: AI подтвердил связь КТМТИРК-15 (КТМТИРК) → МТИРК-64 (МТИРК) [sim 0.846] — AI-вердикт: CORRECT
2025-10-13 12:19:04 [INFO] Аналитик функций ГО: AI подтвердил связь КТМЦРИАПРК-136 (КТМЦРИАПРК) → МЦРИАПРК-479 (МЦРИАПРК) [sim 1.000] — AI-вердикт: CORRECT
2025-10-13 12:19:04 [INFO] Аналитик функций ГО: AI подтвердил связь КТМТИРК-36 (КТМТИРК) → МТИРК-267 (МТИРК) [sim 0.961] — AI-вердикт: CORRECT
2025-10-13 12:19:04 [INFO] Аналитик функций ГО: AI подтвердил связь КТМТИРК-28-1 (КТМТИРК) → МТИРК-47 (МТИРК) [sim 0.833] — AI-вердикт: CORRECT
2025-10-13 12:19:04 [INFO] Аналитик функций ГО: AI подтвердил связь КТМЦРИАПРК-108 (КТМЦРИАПРК) → МЦРИАПРК-57 (МЦРИАПРК) [sim 0.972] — AI-вердикт: CORRECT
2025-10-13 12:19:04 [INFO] Аналитик функций ГО: AI подтвердил связь КТМЦРИАПРК-132 (КТМЦРИАПРК) → МЦРИАПРК-127 (МЦРИАПРК) [sim 1.000] — AI-вердикт: CORRECT
2025-10-13 12:19:04 [INFO] Аналитик функций ГО: AI подтвердил связь КТМТИРК-4 (КТМТИРК) → МТИРК-87 (МТИРК) [sim 0.948] — AI-вердикт: CORRECT
2025-10-13 12:19:04 [INFO] Аналитик функций ГО: AI подтвердил связь КТМЦРИАПРК-3 (КТМЦРИАПРК) → МЦРИАПРК-125 (МЦРИАПРК) [sim 1.000] — AI-вердикт: CORRECT
2025-10-13 12:19:04 [INFO] Аналитик функций ГО: AI подтвердил связь КТМЦРИАПРК-20 (КТМЦРИАПРК) → МЦРИАПРК-148 (МЦРИАПРК) [sim 1.000] — AI-вердикт: CORRECT
2025-10-13 12:19:04 [INFO] Аналитик функций ГО: AI подтвердил связь КСОМПРК-29 (КСОМПРК) → МПРК-301 (МПРК) [sim 0.817] — AI-вердикт: CORRECT
2025-10-13 12:19:04 [INFO] Аналитик функций ГО: AI подтвердил связь КТМЦРИАПРК-127 (КТМЦРИАПРК) → МЦРИАПРК-480 (МЦРИАПРК) [sim 1.000] — AI-вердикт: CORRECT
2025-10-13 12:19:04 [INFO] Аналитик функций ГО: AI подтвердил связь КТМЦРИАПРК-36 (КТМЦРИАПРК) → МЦРИАПРК-464 (МЦРИАПРК) [sim 1.000] — AI-вердикт: CORRECT
2025-10-13 12:19:04 [INFO] Аналитик функций ГО: AI подтвердил связь КСОМПРК-4 (КСОМПРК) → МПРК-30 (МПРК) [sim 0.858] — AI-вердикт: CORRECT
2025-10-13 12:19:04 [INFO] Аналитик функций ГО: AI подтвердил связь КТМЦРИАПРК-14 (КТМЦРИАПРК) → МЦРИАПРК-473 (МЦРИАПРК) [sim 1.000] — AI-вердикт: CORRECT
2025-10-13 12:19:04 [INFO] Аналитик функций ГО: AI подтвердил связь КТМЦРИАПРК-26 (КТМЦРИАПРК) → МЦРИАПРК-134 (МЦРИАПРК) [sim 1.000] — AI-вердикт: CORRECT
2025-10-13 12:19:04 [INFO] Аналитик функций ГО: AI подтвердил связь КТМЦРИАПРК-21 (КТМЦРИАПРК) → МЦРИАПРК-152 (МЦРИАПРК) [sim 1.000] — AI-вердикт: CORRECT
2025-10-13 12:19:04 [INFO] Аналитик функций ГО: AI подтвердил связь КТМЦРИАПРК-28 (КТМЦРИАПРК) → МЦРИАПРК-466 (МЦРИАПРК) [sim 1.000] — AI-вердикт: CORRECT
2025-10-13 12:19:04 [INFO] Аналитик функций ГО: AI подтвердил связь КТМЦРИАПРК-27 (КТМЦРИАПРК) → МЦРИАПРК-128 (МЦРИАПРК) [sim 1.000] — AI-вердикт: CORRECT
2025-10-13 12:19:04 [INFO] Аналитик функций ГО: AI подтвердил связь КТМЦРИАПРК-104 (КТМЦРИАПРК) → МЦРИАПРК-146 (МЦРИАПРК) [sim 0.977] — AI-вердикт: CORRECT
2025-10-13 12:19:04 [INFO] Аналитик функций ГО: AI подтвердил связь КТМЦРИАПРК-25 (КТМЦРИАПРК) → МЦРИАПРК-472 (МЦРИАПРК) [sim 1.000] — AI-вердикт: CORRECT
2025-10-13 12:19:04 [INFO] Аналитик функций ГО: AI подтвердил связь КТМЦРИАПРК-46 (КТМЦРИАПРК) → МЦРИАПРК-145 (МЦРИАПРК) [sim 1.000] — AI-вердикт: CORRECT
2025-10-13 12:19:04 [INFO] Аналитик функций ГО: AI подтвердил связь КТМЦРИАПРК-22 (КТМЦРИАПРК) → МЦРИАПРК-147 (МЦРИАПРК) [sim 1.000] — AI-вердикт: CORRECT
2025-10-13 12:19:04 [INFO] Аналитик функций ГО: AI подтвердил связь КТМЦРИАПРК-16 (КТМЦРИАПРК) → МЦРИАПРК-120 (МЦРИАПРК) [sim 0.961] — AI-вердикт: CORRECT
2025-10-13 12:19:04 [INFO] Аналитик функций ГО: AI подтвердил связь КТМЦРИАПРК-62 (КТМЦРИАПРК) → МЦРИАПРК-456 (МЦРИАПРК) [sim 1.000] — AI-вердикт: CORRECT
2025-10-13 12:19:04 [INFO] Аналитик функций ГО: AI подтвердил связь КТМЦРИАПРК-5 (КТМЦРИАПРК) → МЦРИАПРК-139 (МЦРИАПРК) [sim 1.000] — AI-вердикт: CORRECT
2025-10-13 12:19:04 [INFO] Аналитик функций ГО: AI подтвердил связь КТМЦРИАПРК-139 (КТМЦРИАПРК) → МЦРИАПРК-124 (МЦРИАПРК) [sim 0.985] — AI-вердикт: CORRECT
2025-10-13 12:19:04 [INFO] Аналитик функций ГО: AI подтвердил связь КТМЦРИАПРК-61 (КТМЦРИАПРК) → МЦРИАПРК-469 (МЦРИАПРК) [sim 1.000] — AI-вердикт: CORRECT
2025-10-13 12:19:04 [INFO] Аналитик функций ГО: AI подтвердил связь КТМЦРИАПРК-105 (КТМЦРИАПРК) → МЦРИАПРК-150 (МЦРИАПРК) [sim 0.943] — AI-вердикт: CORRECT
2025-10-13 12:19:04 [INFO] Аналитик функций ГО: AI подтвердил связь КТМЦРИАПРК-48 (КТМЦРИАПРК) → МЦРИАПРК-491 (МЦРИАПРК) [sim 1.000] — AI-вердикт: CORRECT
2025-10-13 12:19:04 [INFO] Аналитик функций ГО: AI подтвердил связь КТМЦРИАПРК-59 (КТМЦРИАПРК) → МЦРИАПРК-454 (МЦРИАПРК) [sim 1.000] — AI-вердикт: CORRECT
2025-10-13 12:19:04 [INFO] Аналитик функций ГО: AI подтвердил связь КТМЦРИАПРК-47 (КТМЦРИАПРК) → МЦРИАПРК-490 (МЦРИАПРК) [sim 1.000] — AI-вердикт: CORRECT
2025-10-13 12:19:04 [INFO] Аналитик функций ГО: AI подтвердил связь КТМЦРИАПРК-34 (КТМЦРИАПРК) → МЦРИАПРК-144 (МЦРИАПРК) [sim 1.000] — AI-вердикт: CORRECT
2025-10-13 12:19:04 [INFO] Аналитик функций ГО: AI подтвердил связь КТМЦРИАПРК-73 (КТМЦРИАПРК) → МЦРИАПРК-476 (МЦРИАПРК) [sim 1.000] — AI-вердикт: CORRECT
2025-10-13 12:19:04 [INFO] Аналитик функций ГО: AI подтвердил связь КТМЦРИАПРК-141 (КТМЦРИАПРК) → МЦРИАПРК-126 (МЦРИАПРК) [sim 0.984] — AI-вердикт: CORRECT
2025-10-13 12:19:04 [INFO] Аналитик функций ГО: AI подтвердил связь КТМЦРИАПРК-75 (КТМЦРИАПРК) → МЦРИАПРК-477 (МЦРИАПРК) [sim 1.000] — AI-вердикт: CORRECT
2025-10-13 12:19:04 [INFO] Аналитик функций ГО: AI подтвердил связь КТМЦРИАПРК-58 (КТМЦРИАПРК) → МЦРИАПРК-25 (МЦРИАПРК) [sim 0.896] — AI-вердикт: CORRECT
2025-10-13 12:19:04 [INFO] Аналитик функций ГО: AI подтвердил связь КТМЦРИАПРК-23 (КТМЦРИАПРК) → МЦРИАПРК-453 (МЦРИАПРК) [sim 0.989] — AI-вердикт: CORRECT
2025-10-13 12:19:04 [INFO] Аналитик функций ГО: AI подтвердил связь КТМЦРИАПРК-57 (КТМЦРИАПРК) → МЦРИАПРК-455 (МЦРИАПРК) [sim 1.000] — AI-вердикт: CORRECT
2025-10-13 12:19:04 [INFO] Аналитик функций ГО: AI подтвердил связь КТМЦРИАПРК-63 (КТМЦРИАПРК) → МЦРИАПРК-457 (МЦРИАПРК) [sim 1.000] — AI-вердикт: CORRECT
2025-10-13 12:19:04 [INFO] Аналитик функций ГО: AI подтвердил связь КТМЦРИАПРК-69 (КТМЦРИАПРК) → МЦРИАПРК-463 (МЦРИАПРК) [sim 1.000] — AI-вердикт: CORRECT
2025-10-13 12:19:04 [INFO] Аналитик функций ГО: AI подтвердил связь КТМЦРИАПРК-56 (КТМЦРИАПРК) → МЦРИАПРК-481 (МЦРИАПРК) [sim 0.675] — AI-вердикт: CORRECT
2025-10-13 12:19:04 [INFO] Аналитик функций ГО: AI подтвердил связь КТМЦРИАПРК-83 (КТМЦРИАПРК) → МЦРИАПРК-138 (МЦРИАПРК) [sim 1.000] — AI-вердикт: CORRECT
2025-10-13 12:19:04 [INFO] Аналитик функций ГО: AI подтвердил связь КТМЦРИАПРК-49 (КТМЦРИАПРК) → МЦРИАПРК-462 (МЦРИАПРК) [sim 0.993] — AI-вердикт: CORRECT
2025-10-13 12:19:04 [INFO] Аналитик функций ГО: AI подтвердил связь КТМЦРИАПРК-142 (КТМЦРИАПРК) → МЦРИАПРК-555 (МЦРИАПРК) [sim 0.890] — AI-вердикт: CORRECT
2025-10-13 12:19:04 [INFO] Аналитик функций ГО: AI подтвердил связь КТМЦРИАПРК-142-1 (КТМЦРИАПРК) → МЦРИАПРК-555 (МЦРИАПРК) [sim 0.890] — AI-вердикт: CORRECT
2025-10-13 12:19:04 [INFO] Аналитик функций ГО: AI подтвердил связь КТМТИРК-37 (КТМТИРК) → МТИРК-268 (МТИРК) [sim 0.895] — AI-вердикт: CORRECT
2025-10-13 12:19:04 [INFO] Аналитик функций ГО: AI подтвердил связь КТМЦРИАПРК-68 (КТМЦРИАПРК) → МЦРИАПРК-459 (МЦРИАПРК) [sim 1.000] — AI-вердикт: CORRECT
2025-10-13 12:19:04 [INFO] Аналитик функций ГО: AI подтвердил связь КТМЦРИАПРК-65 (КТМЦРИАПРК) → МЦРИАПРК-458 (МЦРИАПРК) [sim 1.000] — AI-вердикт: CORRECT
2025-10-13 12:19:04 [INFO] Аналитик функций ГО: AI подтвердил связь КТМЦРИАПРК-72 (КТМЦРИАПРК) → МЦРИАПРК-418 (МЦРИАПРК) [sim 1.000] — AI-вердикт: CORRECT
2025-10-13 12:19:04 [INFO] Аналитик функций ГО: AI подтвердил связь КТМЦРИАПРК-7 (КТМЦРИАПРК) → МЦРИАПРК-117 (МЦРИАПРК) [sim 1.000] — AI-вердикт: CORRECT
2025-10-13 12:19:04 [INFO] Аналитик функций ГО: AI подтвердил связь КТРММТИРК-24 (КТРММТИРК) → МТИРК-236 (МТИРК) [sim 1.000] — AI-вердикт: CORRECT
2025-10-13 12:19:04 [INFO] Аналитик функций ГО: AI подтвердил связь КТМЦРИАПРК-91 (КТМЦРИАПРК) → МЦРИАПРК-15 (МЦРИАПРК) [sim 1.000] — AI-вердикт: CORRECT
2025-10-13 12:19:04 [INFO] Аналитик функций ГО: AI подтвердил связь КТМЦРИАПРК-90 (КТМЦРИАПРК) → МЦРИАПРК-460 (МЦРИАПРК) [sim 1.000] — AI-вердикт: CORRECT
2025-10-13 12:19:04 [INFO] Аналитик функций ГО: AI подтвердил связь КТРММТИРК-23 (КТРММТИРК) → МТИРК-229 (МТИРК) [sim 1.000] — AI-вердикт: CORRECT
2025-10-13 12:19:04 [INFO] Аналитик функций ГО: AI подтвердил связь КТМЦРИАПРК-71 (КТМЦРИАПРК) → МЦРИАПРК-482 (МЦРИАПРК) [sim 0.936] — AI-вердикт: CORRECT
2025-10-13 12:19:04 [INFO] Аналитик функций ГО: AI подтвердил связь КТМЦРИАПРК-84 (КТМЦРИАПРК) → МЦРИАПРК-95 (МЦРИАПРК) [sim 0.895] — AI-вердикт: CORRECT
2025-10-13 12:19:04 [INFO] Аналитик функций ГО: AI подтвердил связь КТРММТИРК-2 (КТРММТИРК) → МТИРК-220 (МТИРК) [sim 1.000] — AI-вердикт: CORRECT
2025-10-13 12:19:04 [INFO] Аналитик функций ГО: AI подтвердил связь КТРММТИРК-17 (КТРММТИРК) → МТИРК-176 (МТИРК) [sim 0.994] — AI-вердикт: CORRECT
2025-10-13 12:19:04 [INFO] Аналитик функций ГО: AI подтвердил связь КТРММТИРК-22 (КТРММТИРК) → МТИРК-228 (МТИРК) [sim 1.000] — AI-вердикт: CORRECT
2025-10-13 12:19:04 [INFO] Аналитик функций ГО: AI подтвердил связь КТРММТИРК-26 (КТРММТИРК) → МТИРК-241 (МТИРК) [sim 1.000] — AI-вердикт: CORRECT
2025-10-13 12:19:04 [INFO] Аналитик функций ГО: AI подтвердил связь КТМЦРИАПРК-79 (КТМЦРИАПРК) → МЦРИАПРК-87 (МЦРИАПРК) [sim 0.861] — AI-вердикт: CORRECT
2025-10-13 12:19:04 [INFO] Аналитик функций ГО: AI подтвердил связь КТРММТИРК-43 (КТРММТИРК) → МТИРК-257 (МТИРК) [sim 1.000] — AI-вердикт: CORRECT
2025-10-13 12:19:04 [INFO] Аналитик функций ГО: AI подтвердил связь КТРММТИРК-14 (КТРММТИРК) → МТИРК-202 (МТИРК) [sim 0.967] — AI-вердикт: CORRECT
2025-10-13 12:19:04 [INFO] Аналитик функций ГО: AI подтвердил связь КТМЦРИАПРК-92 (КТМЦРИАПРК) → МЦРИАПРК-465 (МЦРИАПРК) [sim 1.000] — AI-вердикт: CORRECT
2025-10-13 12:19:04 [INFO] Аналитик функций ГО: AI подтвердил связь КТРММТИРК-1 (КТРММТИРК) → МТИРК-219 (МТИРК) [sim 1.000] — AI-вердикт: CORRECT
2025-10-13 12:19:04 [INFO] Аналитик функций ГО: AI подтвердил связь КТРММТИРК-30 (КТРММТИРК) → МТИРК-224 (МТИРК) [sim 1.000] — AI-вердикт: CORRECT
2025-10-13 12:19:04 [INFO] Аналитик функций ГО: AI подтвердил связь КТРММТИРК-16 (КТРММТИРК) → МТИРК-174 (МТИРК) [sim 0.955] — AI-вердикт: CORRECT
2025-10-13 12:19:04 [INFO] Аналитик функций ГО: AI подтвердил связь КТМЦРИАПРК-64 (КТМЦРИАПРК) → МЦРИАПРК-25 (МЦРИАПРК) [sim 0.701] — AI-вердикт: CORRECT
2025-10-13 12:19:04 [INFO] Аналитик функций ГО: AI подтвердил связь КТМЦРИАПРК-89 (КТМЦРИАПРК) → МЦРИАПРК-420 (МЦРИАПРК) [sim 0.908] — AI-вердикт: CORRECT
2025-10-13 12:19:04 [INFO] Аналитик функций ГО: AI подтвердил связь КТРММТИРК-41 (КТРММТИРК) → МТИРК-227 (МТИРК) [sim 1.000] — AI-вердикт: CORRECT
2025-10-13 12:19:04 [INFO] Аналитик функций ГО: AI подтвердил связь КТРММТИРК-15 (КТРММТИРК) → МТИРК-203 (МТИРК) [sim 0.974] — AI-вердикт: CORRECT
2025-10-13 12:19:04 [INFO] Аналитик функций ГО: AI подтвердил связь КТРММТИРК-19 (КТРММТИРК) → МТИРК-226 (МТИРК) [sim 1.000] — AI-вердикт: CORRECT
2025-10-13 12:19:04 [INFO] Аналитик функций ГО: AI подтвердил связь КТРММТИРК-4 (КТРММТИРК) → МТИРК-222 (МТИРК) [sim 1.000] — AI-вердикт: CORRECT
2025-10-13 12:19:04 [INFO] Аналитик функций ГО: AI подтвердил связь КТРММТИРК-13 (КТРММТИРК) → МТИРК-201 (МТИРК) [sim 0.980] — AI-вердикт: CORRECT
2025-10-13 12:19:04 [INFO] Аналитик функций ГО: AI подтвердил связь КТРММТИРК-10 (КТРММТИРК) → МТИРК-154 (МТИРК) [sim 0.943] — AI-вердикт: CORRECT
2025-10-13 12:19:04 [INFO] Аналитик функций ГО: AI подтвердил связь КТРММТИРК-34 (КТРММТИРК) → МТИРК-255 (МТИРК) [sim 1.000] — AI-вердикт: CORRECT
2025-10-13 12:19:04 [INFO] Аналитик функций ГО: AI подтвердил связь КТРММТИРК-36 (КТРММТИРК) → МТИРК-231 (МТИРК) [sim 1.000] — AI-вердикт: CORRECT
2025-10-13 12:19:04 [INFO] Аналитик функций ГО: AI подтвердил связь КТРММТИРК-47 (КТРММТИРК) → МТИРК-238 (МТИРК) [sim 1.000] — AI-вердикт: CORRECT
2025-10-13 12:19:04 [INFO] Аналитик функций ГО: AI подтвердил связь КТРММТИРК-31 (КТРММТИРК) → МТИРК-235 (МТИРК) [sim 0.965] — AI-вердикт: CORRECT
2025-10-13 12:19:04 [INFO] Аналитик функций ГО: AI подтвердил связь КТМЦРИАПРК-82 (КТМЦРИАПРК) → МЦРИАПРК-153 (МЦРИАПРК) [sim 1.000] — AI-вердикт: CORRECT
2025-10-13 12:19:04 [INFO] Аналитик функций ГО: AI подтвердил связь КТРММТИРК-28 (КТРММТИРК) → МТИРК-242 (МТИРК) [sim 0.906] — AI-вердикт: CORRECT
2025-10-13 12:19:04 [INFO] Аналитик функций ГО: AI подтвердил связь КТМЦРИАПРК-9 (КТМЦРИАПРК) → МЦРИАПРК-470 (МЦРИАПРК) [sim 1.000] — AI-вердикт: CORRECT
2025-10-13 12:19:04 [INFO] Аналитик функций ГО: AI подтвердил связь КТМЦРИАПРК-88 (КТМЦРИАПРК) → МЦРИАПРК-2 (МЦРИАПРК) [sim 0.785] — AI-вердикт: CORRECT
2025-10-13 12:19:04 [INFO] Аналитик функций ГО: AI подтвердил связь КТРММТИРК-44 (КТРММТИРК) → МТИРК-258 (МТИРК) [sim 1.000] — AI-вердикт: CORRECT
2025-10-13 12:19:04 [INFO] Аналитик функций ГО: AI подтвердил связь КТРММТИРК-55 (КТРММТИРК) → МТИРК-248 (МТИРК) [sim 1.000] — AI-вердикт: CORRECT
2025-10-13 12:19:04 [INFO] Аналитик функций ГО: AI подтвердил связь КТРММТИРК-54 (КТРММТИРК) → МТИРК-175 (МТИРК) [sim 1.000] — AI-вердикт: CORRECT
2025-10-13 12:19:04 [INFO] Аналитик функций ГО: AI подтвердил связь КТРММТИРК-18 (КТРММТИРК) → МТИРК-177 (МТИРК) [sim 0.984] — AI-вердикт: CORRECT
2025-10-13 12:19:04 [INFO] Аналитик функций ГО: AI подтвердил связь КУЗРМСХРК-106 (КУЗРМСХРК) → МСХРК-694 (МСХРК) [sim 1.000] — AI-вердикт: CORRECT
2025-10-13 12:19:04 [INFO] Аналитик функций ГО: AI подтвердил связь КТРММТИРК-33 (КТРММТИРК) → МТИРК-259 (МТИРК) [sim 0.856] — AI-вердикт: CORRECT
2025-10-13 12:19:04 [INFO] Аналитик функций ГО: AI подтвердил связь КТРММТИРК-32 (КТРММТИРК) → МТИРК-252 (МТИРК) [sim 1.000] — AI-вердикт: CORRECT
2025-10-13 12:19:04 [INFO] Аналитик функций ГО: AI подтвердил связь КТРММТИРК-56 (КТРММТИРК) → МТИРК-251 (МТИРК) [sim 1.000] — AI-вердикт: CORRECT
2025-10-13 12:19:04 [INFO] Аналитик функций ГО: AI подтвердил связь КТРММТИРК-11 (КТРММТИРК) → МТИРК-199 (МТИРК) [sim 0.991] — AI-вердикт: CORRECT
2025-10-13 12:19:04 [INFO] Аналитик функций ГО: AI подтвердил связь КТРММТИРК-12 (КТРММТИРК) → МТИРК-200 (МТИРК) [sim 0.989] — AI-вердикт: CORRECT
2025-10-13 12:19:04 [INFO] Аналитик функций ГО: AI подтвердил связь КТРММТИРК-37 (КТРММТИРК) → МТИРК-152 (МТИРК) [sim 0.824] — AI-вердикт: CORRECT
2025-10-13 12:19:04 [INFO] Аналитик функций ГО: AI подтвердил связь КТМЦРИАПРК-94 (КТМЦРИАПРК) → МЦРИАПРК-530 (МЦРИАПРК) [sim 1.000] — AI-вердикт: CORRECT
2025-10-13 12:19:04 [INFO] Аналитик функций ГО: AI подтвердил связь КТРММТИРК-49 (КТРММТИРК) → МТИРК-179 (МТИРК) [sim 0.982] — AI-вердикт: CORRECT
2025-10-13 12:19:04 [INFO] Аналитик функций ГО: AI подтвердил связь КТРММТИРК-50 (КТРММТИРК) → МТИРК-180 (МТИРК) [sim 0.962] — AI-вердикт: CORRECT
2025-10-13 12:19:04 [INFO] Аналитик функций ГО: AI подтвердил связь КТРММТИРК-53 (КТРММТИРК) → МТИРК-247 (МТИРК) [sim 1.000] — AI-вердикт: CORRECT
2025-10-13 12:19:04 [INFO] Аналитик функций ГО: AI подтвердил связь КУЗРМСХРК-102 (КУЗРМСХРК) → МСХРК-502 (МСХРК) [sim 1.000] — AI-вердикт: CORRECT
2025-10-13 12:19:04 [INFO] Аналитик функций ГО: AI подтвердил связь КУЗРМСХРК-107 (КУЗРМСХРК) → МСХРК-48 (МСХРК) [sim 1.000] — AI-вердикт: CORRECT
2025-10-13 12:19:04 [INFO] Аналитик функций ГО: AI подтвердил связь КТМТИРК-43-1 (КТМТИРК) → МТИРК-95 (МТИРК) [sim 0.983] — AI-вердикт: CORRECT
2025-10-13 12:19:04 [INFO] Аналитик функций ГО: AI подтвердил связь КУЗРМСХРК-101 (КУЗРМСХРК) → МСХРК-488 (МСХРК) [sim 1.000] — AI-вердикт: CORRECT
2025-10-13 12:19:04 [INFO] Аналитик функций ГО: AI подтвердил связь КУЗРМСХРК-1 (КУЗРМСХРК) → МСХРК-7 (МСХРК) [sim 1.000] — AI-вердикт: CORRECT
2025-10-13 12:19:04 [INFO] Аналитик функций ГО: AI подтвердил связь КУЗРМСХРК-2 (КУЗРМСХРК) → МСХРК-277 (МСХРК) [sim 1.000] — AI-вердикт: CORRECT
2025-10-13 12:19:04 [INFO] Аналитик функций ГО: AI подтвердил связь КТМЦРИАПРК-95 (КТМЦРИАПРК) → МЦРИАПРК-5 (МЦРИАПРК) [sim 0.846] — AI-вердикт: CORRECT
2025-10-13 12:19:04 [INFO] Аналитик функций ГО: AI подтвердил связь КТРММТИРК-42 (КТРММТИРК) → МТИРК-256 (МТИРК) [sim 1.000] — AI-вердикт: CORRECT
2025-10-13 12:19:04 [INFO] Аналитик функций ГО: AI подтвердил связь КТРММТИРК-45 (КТРММТИРК) → МТИРК-262 (МТИРК) [sim 0.979] — AI-вердикт: CORRECT
2025-10-13 12:19:04 [INFO] Аналитик функций ГО: AI подтвердил связь КТРММТИРК-46 (КТРММТИРК) → МТИРК-196 (МТИРК) [sim 0.913] — AI-вердикт: CORRECT
2025-10-13 12:19:04 [INFO] Аналитик функций ГО: AI подтвердил связь КТМЦРИАПРК-93 (КТМЦРИАПРК) → МЦРИАПРК-3 (МЦРИАПРК) [sim 0.965] — AI-вердикт: CORRECT
2025-10-13 12:19:04 [INFO] Аналитик функций ГО: AI подтвердил связь КТРММТИРК-57 (КТРММТИРК) → МТИРК-253 (МТИРК) [sim 1.000] — AI-вердикт: CORRECT
2025-10-13 12:19:04 [INFO] Аналитик функций ГО: AI подтвердил связь КТРММТИРК-38-3 (КТРММТИРК) → МТИРК-216 (МТИРК) [sim 0.912] — AI-вердикт: CORRECT
2025-10-13 12:19:04 [INFO] Аналитик функций ГО: AI подтвердил связь КУЗРМСХРК-37 (КУЗРМСХРК) → МСХРК-313 (МСХРК) [sim 1.000] — AI-вердикт: CORRECT
2025-10-13 12:19:04 [INFO] Аналитик функций ГО: AI подтвердил связь КУЗРМСХРК-103 (КУЗРМСХРК) → МСХРК-490 (МСХРК) [sim 1.000] — AI-вердикт: CORRECT
2025-10-13 12:19:04 [INFO] Аналитик функций ГО: AI подтвердил связь КУЗРМСХРК-13 (КУЗРМСХРК) → МСХРК-288 (МСХРК) [sim 0.972] — AI-вердикт: CORRECT
2025-10-13 12:19:04 [INFO] Аналитик функций ГО: AI подтвердил связь КУЗРМСХРК-104 (КУЗРМСХРК) → МСХРК-499 (МСХРК) [sim 1.000] — AI-вердикт: CORRECT
2025-10-13 12:19:04 [INFO] Аналитик функций ГО: AI подтвердил связь КТРММТИРК-60 (КТРММТИРК) → МТИРК-114 (МТИРК) [sim 1.000] — AI-вердикт: CORRECT
2025-10-13 12:19:04 [INFO] Аналитик функций ГО: AI подтвердил связь КУЗРМСХРК-108 (КУЗРМСХРК) → МСХРК-49 (МСХРК) [sim 1.000] — AI-вердикт: CORRECT
2025-10-13 12:19:04 [INFO] Аналитик функций ГО: AI подтвердил связь КТРММТИРК-48 (КТРММТИРК) → МТИРК-239 (МТИРК) [sim 1.000] — AI-вердикт: CORRECT
2025-10-13 12:19:04 [INFO] Аналитик функций ГО: AI подтвердил связь КУЗРМСХРК-14 (КУЗРМСХРК) → МСХРК-289 (МСХРК) [sim 0.968] — AI-вердикт: CORRECT
2025-10-13 12:19:04 [INFO] Аналитик функций ГО: AI подтвердил связь КУЗРМСХРК-25 (КУЗРМСХРК) → МСХРК-300 (МСХРК) [sim 0.984] — AI-вердикт: CORRECT
2025-10-13 12:19:04 [INFO] Аналитик функций ГО: AI подтвердил связь КУЗРМСХРК-109 (КУЗРМСХРК) → МСХРК-50 (МСХРК) [sim 1.000] — AI-вердикт: CORRECT
2025-10-13 12:19:04 [INFO] Аналитик функций ГО: AI подтвердил связь КТРММТИРК-9 (КТРММТИРК) → МТИРК-153 (МТИРК) [sim 0.957] — AI-вердикт: CORRECT
2025-10-13 12:19:04 [INFO] Аналитик функций ГО: AI подтвердил связь КУЗРМСХРК-110 (КУЗРМСХРК) → МСХРК-51 (МСХРК) [sim 1.000] — AI-вердикт: CORRECT
2025-10-13 12:19:04 [INFO] Аналитик функций ГО: AI подтвердил связь КУЗРМСХРК-23 (КУЗРМСХРК) → МСХРК-298 (МСХРК) [sim 0.973] — AI-вердикт: CORRECT
2025-10-13 12:19:04 [INFO] Аналитик функций ГО: AI подтвердил связь КУЗРМСХРК-36 (КУЗРМСХРК) → МСХРК-312 (МСХРК) [sim 1.000] — AI-вердикт: CORRECT
2025-10-13 12:19:04 [INFO] Аналитик функций ГО: AI подтвердил связь КУЗРМСХРК-3 (КУЗРМСХРК) → МСХРК-278 (МСХРК) [sim 1.000] — AI-вердикт: CORRECT
2025-10-13 12:19:04 [INFO] Аналитик функций ГО: AI подтвердил связь КУЗРМСХРК-31 (КУЗРМСХРК) → МСХРК-306 (МСХРК) [sim 1.000] — AI-вердикт: CORRECT
2025-10-13 12:19:04 [INFO] Аналитик функций ГО: AI подтвердил связь КУЗРМСХРК-26 (КУЗРМСХРК) → МСХРК-301 (МСХРК) [sim 0.982] — AI-вердикт: CORRECT
2025-10-13 12:19:04 [INFO] Аналитик функций ГО: AI подтвердил связь КУЗРМСХРК-43 (КУЗРМСХРК) → МСХРК-325 (МСХРК) [sim 1.000] — AI-вердикт: CORRECT
2025-10-13 12:19:04 [INFO] Аналитик функций ГО: AI подтвердил связь КУЗРМСХРК-38 (КУЗРМСХРК) → МСХРК-314 (МСХРК) [sim 1.000] — AI-вердикт: CORRECT
2025-10-13 12:19:04 [INFO] Аналитик функций ГО: AI подтвердил связь КУЗРМСХРК-34 (КУЗРМСХРК) → МСХРК-309 (МСХРК) [sim 0.980] — AI-вердикт: CORRECT
2025-10-13 12:19:04 [INFO] Аналитик функций ГО: AI подтвердил связь КУЗРМСХРК-32 (КУЗРМСХРК) → МСХРК-307 (МСХРК) [sim 1.000] — AI-вердикт: CORRECT
2025-10-13 12:19:04 [INFO] Аналитик функций ГО: AI подтвердил связь КУЗРМСХРК-41 (КУЗРМСХРК) → МСХРК-323 (МСХРК) [sim 1.000] — AI-вердикт: CORRECT
2025-10-13 12:19:04 [INFO] Аналитик функций ГО: AI подтвердил связь КУЗРМСХРК-16 (КУЗРМСХРК) → МСХРК-291 (МСХРК) [sim 0.986] — AI-вердикт: CORRECT
2025-10-13 12:19:04 [INFO] Аналитик функций ГО: AI подтвердил связь КУЗРМСХРК-42 (КУЗРМСХРК) → МСХРК-324 (МСХРК) [sim 1.000] — AI-вердикт: CORRECT
2025-10-13 12:19:04 [INFO] Аналитик функций ГО: AI подтвердил связь КУЗРМСХРК-20 (КУЗРМСХРК) → МСХРК-295 (МСХРК) [sim 0.985] — AI-вердикт: CORRECT
2025-10-13 12:19:04 [INFO] Аналитик функций ГО: AI подтвердил связь КТРММТИРК-7 (КТРММТИРК) → МТИРК-145 (МТИРК) [sim 0.989] — AI-вердикт: CORRECT
2025-10-13 12:19:04 [INFO] Аналитик функций ГО: AI подтвердил связь КУЗРМСХРК-21 (КУЗРМСХРК) → МСХРК-296 (МСХРК) [sim 0.979] — AI-вердикт: CORRECT
2025-10-13 12:19:04 [INFO] Аналитик функций ГО: AI подтвердил связь КУЗРМСХРК-17 (КУЗРМСХРК) → МСХРК-292 (МСХРК) [sim 0.949] — AI-вердикт: CORRECT
2025-10-13 12:19:04 [INFO] Аналитик функций ГО: AI подтвердил связь КУЗРМСХРК-59 (КУЗРМСХРК) → МСХРК-374 (МСХРК) [sim 1.000] — AI-вердикт: CORRECT
2025-10-13 12:19:04 [INFO] Аналитик функций ГО: AI подтвердил связь КУЗРМСХРК-22 (КУЗРМСХРК) → МСХРК-297 (МСХРК) [sim 0.970] — AI-вердикт: CORRECT
2025-10-13 12:19:04 [INFO] Аналитик функций ГО: AI подтвердил связь КУЗРМСХРК-55 (КУЗРМСХРК) → МСХРК-339 (МСХРК) [sim 1.000] — AI-вердикт: CORRECT
2025-10-13 12:19:04 [INFO] Аналитик функций ГО: AI подтвердил связь КУЗРМСХРК-5 (КУЗРМСХРК) → МСХРК-280 (МСХРК) [sim 0.960] — AI-вердикт: CORRECT
2025-10-13 12:19:04 [INFO] Аналитик функций ГО: AI подтвердил связь КТРММТИРК-20 (КТРММТИРК) → МТИРК-217 (МТИРК) [sim 0.959] — AI-вердикт: CORRECT
2025-10-13 12:19:04 [INFO] Аналитик функций ГО: AI подтвердил связь КТРММТИРК-5 (КТРММТИРК) → МТИРК-223 (МТИРК) [sim 1.000] — AI-вердикт: CORRECT
2025-10-13 12:19:04 [INFO] Аналитик функций ГО: AI подтвердил связь КУЗРМСХРК-64 (КУЗРМСХРК) → МСХРК-416 (МСХРК) [sim 1.000] — AI-вердикт: CORRECT
2025-10-13 12:19:04 [INFO] Аналитик функций ГО: AI подтвердил связь КУЗРМСХРК-53 (КУЗРМСХРК) → МСХРК-337 (МСХРК) [sim 1.000] — AI-вердикт: CORRECT
2025-10-13 12:19:04 [INFO] Аналитик функций ГО: AI подтвердил связь КУЗРМСХРК-28 (КУЗРМСХРК) → МСХРК-303 (МСХРК) [sim 0.972] — AI-вердикт: CORRECT
2025-10-13 12:19:04 [INFO] Аналитик функций ГО: AI подтвердил связь КТРММТИРК-61 (КТРММТИРК) → МТИРК-302 (МТИРК) [sim 0.769] — AI-вердикт: CORRECT
2025-10-13 12:19:04 [INFO] Аналитик функций ГО: AI подтвердил связь КУЗРМСХРК-19 (КУЗРМСХРК) → МСХРК-294 (МСХРК) [sim 0.963] — AI-вердикт: CORRECT
2025-10-13 12:19:04 [INFO] Аналитик функций ГО: AI подтвердил связь КУЗРМСХРК-15 (КУЗРМСХРК) → МСХРК-290 (МСХРК) [sim 0.938] — AI-вердикт: CORRECT
2025-10-13 12:19:04 [INFO] Аналитик функций ГО: AI подтвердил связь КУЗРМСХРК-6 (КУЗРМСХРК) → МСХРК-281 (МСХРК) [sim 0.953] — AI-вердикт: CORRECT
2025-10-13 12:19:04 [INFO] Аналитик функций ГО: AI подтвердил связь КУЗРМСХРК-73 (КУЗРМСХРК) → МСХРК-318 (МСХРК) [sim 1.000] — AI-вердикт: CORRECT
2025-10-13 12:19:04 [INFO] Аналитик функций ГО: AI подтвердил связь КУЗРМСХРК-10 (КУЗРМСХРК) → МСХРК-285 (МСХРК) [sim 0.975] — AI-вердикт: CORRECT
2025-10-13 12:19:04 [INFO] Аналитик функций ГО: AI подтвердил связь КУЗРМСХРК-27 (КУЗРМСХРК) → МСХРК-302 (МСХРК) [sim 0.979] — AI-вердикт: CORRECT
2025-10-13 12:19:04 [INFO] Аналитик функций ГО: AI подтвердил связь КУЗРМСХРК-11 (КУЗРМСХРК) → МСХРК-286 (МСХРК) [sim 0.993] — AI-вердикт: CORRECT
2025-10-13 12:19:04 [INFO] Аналитик функций ГО: AI подтвердил связь КУЗРМСХРК-111-1 (КУЗРМСХРК) → МСХРК-704 (МСХРК) [sim 0.873] — AI-вердикт: CORRECT
2025-10-13 12:19:04 [INFO] Аналитик функций ГО: AI подтвердил связь КУЗРМСХРК-51 (КУЗРМСХРК) → МСХРК-335 (МСХРК) [sim 1.000] — AI-вердикт: CORRECT
2025-10-13 12:19:04 [INFO] Аналитик функций ГО: AI подтвердил связь КТРММТИРК-51 (КТРММТИРК) → МТИРК-152 (МТИРК) [sim 0.824] — AI-вердикт: CORRECT
2025-10-13 12:19:04 [INFO] Аналитик функций ГО: AI подтвердил связь КУЗРМСХРК-66 (КУЗРМСХРК) → МСХРК-422 (МСХРК) [sim 1.000] — AI-вердикт: CORRECT
2025-10-13 12:19:04 [INFO] Аналитик функций ГО: AI подтвердил связь КТРММТИРК-52 (КТРММТИРК) → МТИРК-240 (МТИРК) [sim 0.881] — AI-вердикт: CORRECT
2025-10-13 12:19:04 [INFO] Аналитик функций ГО: AI подтвердил связь КУЗРМСХРК-54 (КУЗРМСХРК) → МСХРК-338 (МСХРК) [sim 1.000] — AI-вердикт: CORRECT
2025-10-13 12:19:04 [INFO] Аналитик функций ГО: AI подтвердил связь КУЗРМСХРК-56 (КУЗРМСХРК) → МСХРК-371 (МСХРК) [sim 0.988] — AI-вердикт: CORRECT
2025-10-13 12:19:04 [INFO] Аналитик функций ГО: AI подтвердил связь КУЗРМСХРК-52 (КУЗРМСХРК) → МСХРК-336 (МСХРК) [sim 1.000] — AI-вердикт: CORRECT
2025-10-13 12:19:04 [INFO] Аналитик функций ГО: AI подтвердил связь КУЗРМСХРК-67 (КУЗРМСХРК) → МСХРК-423 (МСХРК) [sim 1.000] — AI-вердикт: CORRECT
2025-10-13 12:19:04 [INFO] Аналитик функций ГО: AI подтвердил связь КУЗРМСХРК-39 (КУЗРМСХРК) → МСХРК-315 (МСХРК) [sim 1.000] — AI-вердикт: CORRECT
2025-10-13 12:19:04 [INFO] Аналитик функций ГО: AI подтвердил связь КУЗРМСХРК-44 (КУЗРМСХРК) → МСХРК-56 (МСХРК) [sim 0.953] — AI-вердикт: CORRECT
2025-10-13 12:19:04 [INFO] Аналитик функций ГО: AI подтвердил связь КТРММТИРК-8 (КТРММТИРК) → МТИРК-151 (МТИРК) [sim 0.974] — AI-вердикт: CORRECT
2025-10-13 12:19:04 [INFO] Аналитик функций ГО: AI подтвердил связь КУЗРМСХРК-80 (КУЗРМСХРК) → МСХРК-459 (МСХРК) [sim 1.000] — AI-вердикт: CORRECT
2025-10-13 12:19:04 [INFO] Аналитик функций ГО: AI подтвердил связь КУЗРМСХРК-58 (КУЗРМСХРК) → МСХРК-370 (МСХРК) [sim 0.975] — AI-вердикт: CORRECT
2025-10-13 12:19:04 [INFO] Аналитик функций ГО: AI подтвердил связь КТРММТИРК-59 (КТРММТИРК) → МТИРК-160 (МТИРК) [sim 0.652] — AI-вердикт: CORRECT
2025-10-13 12:19:04 [INFO] Аналитик функций ГО: AI подтвердил связь КТМЦРИАПРК-126 (КТМЦРИАПРК) → МЦРИАПРК-101 (МЦРИАПРК) [sim 0.910] — AI-вердикт: CORRECT
2025-10-13 12:19:04 [INFO] Аналитик функций ГО: AI подтвердил связь КУЗРМСХРК-70 (КУЗРМСХРК) → МСХРК-427 (МСХРК) [sim 1.000] — AI-вердикт: CORRECT
2025-10-13 12:19:04 [INFO] Аналитик функций ГО: AI подтвердил связь КУЗРМСХРК-7 (КУЗРМСХРК) → МСХРК-282 (МСХРК) [sim 0.951] — AI-вердикт: CORRECT
2025-10-13 12:19:04 [INFO] Аналитик функций ГО: AI подтвердил связь КУЗРМСХРК-4 (КУЗРМСХРК) → МСХРК-279 (МСХРК) [sim 0.803] — AI-вердикт: CORRECT
2025-10-13 12:19:04 [INFO] Аналитик функций ГО: AI подтвердил связь КУЗРМСХРК-69 (КУЗРМСХРК) → МСХРК-426 (МСХРК) [sim 1.000] — AI-вердикт: CORRECT
2025-10-13 12:19:04 [INFO] Аналитик функций ГО: AI подтвердил связь КУЗРМСХРК-30 (КУЗРМСХРК) → МСХРК-305 (МСХРК) [sim 0.984] — AI-вердикт: CORRECT
2025-10-13 12:19:04 [INFO] Аналитик функций ГО: AI подтвердил связь КУЗРМСХРК-68 (КУЗРМСХРК) → МСХРК-415 (МСХРК) [sim 1.000] — AI-вердикт: CORRECT
2025-10-13 12:19:04 [INFO] Аналитик функций ГО: AI подтвердил связь КУЗРМСХРК-12 (КУЗРМСХРК) → МСХРК-287 (МСХРК) [sim 0.969] — AI-вердикт: CORRECT
2025-10-13 12:19:04 [INFO] Аналитик функций ГО: AI подтвердил связь КУЗРМСХРК-18 (КУЗРМСХРК) → МСХРК-293 (МСХРК) [sim 0.952] — AI-вердикт: CORRECT
2025-10-13 12:19:04 [INFO] Аналитик функций ГО: AI подтвердил связь КУЗРМСХРК-82 (КУЗРМСХРК) → МСХРК-461 (МСХРК) [sim 1.000] — AI-вердикт: CORRECT
2025-10-13 12:19:04 [INFO] Аналитик функций ГО: AI подтвердил связь КУЗРМСХРК-89 (КУЗРМСХРК) → МСХРК-491 (МСХРК) [sim 1.000] — AI-вердикт: CORRECT
2025-10-13 12:19:04 [INFO] Аналитик функций ГО: AI подтвердил связь КУЗРМСХРК-79 (КУЗРМСХРК) → МСХРК-458 (МСХРК) [sim 1.000] — AI-вердикт: CORRECT
2025-10-13 12:19:04 [INFO] Аналитик функций ГО: AI подтвердил связь КУЗРМСХРК-75 (КУЗРМСХРК) → МСХРК-320 (МСХРК) [sim 1.000] — AI-вердикт: CORRECT
2025-10-13 12:19:04 [INFO] Аналитик функций ГО: AI подтвердил связь КУЗРМСХРК-72 (КУЗРМСХРК) → МСХРК-317 (МСХРК) [sim 0.951] — AI-вердикт: CORRECT
2025-10-13 12:19:04 [INFO] Аналитик функций ГО: AI подтвердил связь КУЗРМСХРК-88 (КУЗРМСХРК) → МСХРК-471 (МСХРК) [sim 1.000] — AI-вердикт: CORRECT
2025-10-13 12:19:04 [INFO] Аналитик функций ГО: AI подтвердил связь КУЗРМСХРК-29 (КУЗРМСХРК) → МСХРК-304 (МСХРК) [sim 0.982] — AI-вердикт: CORRECT
2025-10-13 12:19:04 [INFO] Аналитик функций ГО: AI подтвердил связь КУЗРМСХРК-90 (КУЗРМСХРК) → МСХРК-310 (МСХРК) [sim 1.000] — AI-вердикт: CORRECT
2025-10-13 12:19:04 [INFO] Аналитик функций ГО: AI подтвердил связь КЯПМНВОРК-16 (КЯПМНВОРК) → МНВОРК-233 (МНВОРК) [sim 1.000] — AI-вердикт: CORRECT
2025-10-13 12:19:04 [INFO] Аналитик функций ГО: AI подтвердил связь КУЗРМСХРК-49 (КУЗРМСХРК) → МСХРК-331 (МСХРК) [sim 0.972] — AI-вердикт: CORRECT
2025-10-13 12:19:04 [INFO] Аналитик функций ГО: AI подтвердил связь КУЗРМСХРК-63 (КУЗРМСХРК) → МСХРК-418 (МСХРК) [sim 1.000] — AI-вердикт: CORRECT
2025-10-13 12:19:04 [INFO] Аналитик функций ГО: AI подтвердил связь КТРММТИРК-6 (КТРММТИРК) → МТИРК-225 (МТИРК) [sim 1.000] — AI-вердикт: CORRECT
2025-10-13 12:19:04 [INFO] Аналитик функций ГО: AI подтвердил связь КУЗРМСХРК-24 (КУЗРМСХРК) → МСХРК-299 (МСХРК) [sim 0.985] — AI-вердикт: CORRECT
2025-10-13 12:19:04 [INFO] Аналитик функций ГО: AI подтвердил связь КУЗРМСХРК-105 (КУЗРМСХРК) → МСХРК-519 (МСХРК) [sim 1.000] — AI-вердикт: CORRECT
2025-10-13 12:19:04 [INFO] Аналитик функций ГО: AI подтвердил связь КЯПМНВОРК-10 (КЯПМНВОРК) → МНВОРК-235 (МНВОРК) [sim 1.000] — AI-вердикт: CORRECT
2025-10-13 12:19:04 [INFO] Аналитик функций ГО: AI подтвердил связь КЯПМНВОРК-12 (КЯПМНВОРК) → МНВОРК-232 (МНВОРК) [sim 1.000] — AI-вердикт: CORRECT
2025-10-13 12:19:04 [INFO] Аналитик функций ГО: AI подтвердил связь КУЗРМСХРК-50 (КУЗРМСХРК) → МСХРК-333 (МСХРК) [sim 0.988] — AI-вердикт: CORRECT
2025-10-13 12:19:04 [INFO] Аналитик функций ГО: AI подтвердил связь КУЗРМСХРК-78 (КУЗРМСХРК) → МСХРК-457 (МСХРК) [sim 0.967] — AI-вердикт: CORRECT
2025-10-13 12:19:04 [INFO] Аналитик функций ГО: AI подтвердил связь КЯПМНВОРК-11 (КЯПМНВОРК) → МНВОРК-238 (МНВОРК) [sim 1.000] — AI-вердикт: CORRECT
2025-10-13 12:19:04 [INFO] Аналитик функций ГО: AI подтвердил связь КЯПМНВОРК-3 (КЯПМНВОРК) → МНВОРК-2 (МНВОРК) [sim 1.000] — AI-вердикт: CORRECT
2025-10-13 12:19:04 [INFO] Аналитик функций ГО: AI подтвердил связь КУЗРМСХРК-62 (КУЗРМСХРК) → МСХРК-413 (МСХРК) [sim 0.997] — AI-вердикт: CORRECT
2025-10-13 12:19:04 [INFO] Аналитик функций ГО: AI подтвердил связь КУЗРМСХРК-74 (КУЗРМСХРК) → МСХРК-319 (МСХРК) [sim 0.993] — AI-вердикт: CORRECT
2025-10-13 12:19:04 [INFO] Аналитик функций ГО: AI подтвердил связь КУЗРМСХРК-65 (КУЗРМСХРК) → МСХРК-417 (МСХРК) [sim 1.000] — AI-вердикт: CORRECT
2025-10-13 12:19:04 [INFO] Аналитик функций ГО: AI подтвердил связь КТРММТИРК-25 (КТРММТИРК) → МТИРК-217 (МТИРК) [sim 0.718] — AI-вердикт: CORRECT
2025-10-13 12:19:04 [INFO] Аналитик функций ГО: AI подтвердил связь КУЗРМСХРК-83 (КУЗРМСХРК) → МСХРК-462 (МСХРК) [sim 1.000] — AI-вердикт: CORRECT
2025-10-13 12:19:04 [INFO] Аналитик функций ГО: AI подтвердил связь КУЗРМСХРК-86 (КУЗРМСХРК) → МСХРК-469 (МСХРК) [sim 1.000] — AI-вердикт: CORRECT
2025-10-13 12:19:04 [INFO] Аналитик функций ГО: AI подтвердил связь КТМЦРИАПРК-80 (КТМЦРИАПРК) → МЦРИАПРК-137 (МЦРИАПРК) [sim 0.872] — AI-вердикт: CORRECT
2025-10-13 12:19:04 [INFO] Аналитик функций ГО: AI подтвердил связь КЯПМНВОРК-38 (КЯПМНВОРК) → МНВОРК-244 (МНВОРК) [sim 1.000] — AI-вердикт: CORRECT
2025-10-13 12:19:04 [INFO] Аналитик функций ГО: AI подтвердил связь КУЗРМСХРК-76 (КУЗРМСХРК) → МСХРК-321 (МСХРК) [sim 1.000] — AI-вердикт: CORRECT
2025-10-13 12:19:04 [INFO] Аналитик функций ГО: AI подтвердил связь КЯПМНВОРК-18 (КЯПМНВОРК) → МНВОРК-243 (МНВОРК) [sim 1.000] — AI-вердикт: CORRECT
2025-10-13 12:19:04 [INFO] Аналитик функций ГО: AI подтвердил связь КЯПМНВОРК-13 (КЯПМНВОРК) → МНВОРК-236 (МНВОРК) [sim 1.000] — AI-вердикт: CORRECT
2025-10-13 12:19:04 [INFO] Аналитик функций ГО: AI подтвердил связь КУЗРМСХРК-8 (КУЗРМСХРК) → МСХРК-283 (МСХРК) [sim 0.989] — AI-вердикт: CORRECT
2025-10-13 12:19:04 [INFO] Аналитик функций ГО: AI подтвердил связь КЯПМНВОРК-9 (КЯПМНВОРК) → МНВОРК-237 (МНВОРК) [sim 1.000] — AI-вердикт: CORRECT
2025-10-13 12:19:04 [INFO] Аналитик функций ГО: AI подтвердил связь КЯПМНВОРК-42 (КЯПМНВОРК) → МНВОРК-291 (МНВОРК) [sim 1.000] — AI-вердикт: CORRECT
2025-10-13 12:19:04 [INFO] Аналитик функций ГО: AI подтвердил связь КЯПМНВОРК-25 (КЯПМНВОРК) → МНВОРК-247 (МНВОРК) [sim 1.000] — AI-вердикт: CORRECT
2025-10-13 12:19:04 [INFO] Аналитик функций ГО: AI подтвердил связь КЯПМНВОРК-22 (КЯПМНВОРК) → МНВОРК-240 (МНВОРК) [sim 1.000] — AI-вердикт: CORRECT
2025-10-13 12:19:04 [INFO] Аналитик функций ГО: AI подтвердил связь КЯПМНВОРК-31 (КЯПМНВОРК) → МНВОРК-225 (МНВОРК) [sim 1.000] — AI-вердикт: CORRECT
2025-10-13 12:19:04 [INFO] Аналитик функций ГО: AI подтвердил связь КЯПМНВОРК-41 (КЯПМНВОРК) → МНВОРК-242 (МНВОРК) [sim 1.000] — AI-вердикт: CORRECT
2025-10-13 12:19:04 [INFO] Аналитик функций ГО: AI подтвердил связь КЯПМНВОРК-24 (КЯПМНВОРК) → МНВОРК-234 (МНВОРК) [sim 0.615] — AI-вердикт: CORRECT
2025-10-13 12:19:04 [INFO] Аналитик функций ГО: AI подтвердил связь КЯПМНВОРК-8 (КЯПМНВОРК) → МНВОРК-234 (МНВОРК) [sim 1.000] — AI-вердикт: CORRECT
2025-10-13 12:19:04 [INFO] Аналитик функций ГО: AI подтвердил связь КУЗРМСХРК-9 (КУЗРМСХРК) → МСХРК-284 (МСХРК) [sim 0.976] — AI-вердикт: CORRECT
2025-10-13 12:19:04 [INFO] Аналитик функций ГО: AI подтвердил связь КЯПМНВОРК-32 (КЯПМНВОРК) → МНВОРК-226 (МНВОРК) [sim 1.000] — AI-вердикт: CORRECT
2025-10-13 12:19:04 [INFO] Аналитик функций ГО: AI подтвердил связь КЯПМНВОРК-42-1 (КЯПМНВОРК) → МНВОРК-291 (МНВОРК) [sim 1.000] — AI-вердикт: CORRECT
2025-10-13 12:19:04 [INFO] Аналитик функций ГО: AI подтвердил связь КУЗРМСХРК-81 (КУЗРМСХРК) → МСХРК-460 (МСХРК) [sim 1.000] — AI-вердикт: CORRECT
2025-10-13 12:19:04 [INFO] Аналитик функций ГО: AI подтвердил связь КУЗРМСХРК-92 (КУЗРМСХРК) → МСХРК-41 (МСХРК) [sim 0.960] — AI-вердикт: CORRECT
2025-10-13 12:19:04 [INFO] Аналитик функций ГО: AI подтвердил связь КЯПМНВОРК-40 (КЯПМНВОРК) → МНВОРК-241 (МНВОРК) [sim 1.000] — AI-вердикт: CORRECT
2025-10-13 12:19:04 [INFO] Аналитик функций ГО: AI подтвердил связь КУЗРМСХРК-57 (КУЗРМСХРК) → МСХРК-368 (МСХРК) [sim 0.982] — AI-вердикт: CORRECT
2025-10-13 12:19:04 [INFO] Аналитик функций ГО: AI подтвердил связь КЯПМНВОРК-17 (КЯПМНВОРК) → МНВОРК-239 (МНВОРК) [sim 1.000] — AI-вердикт: CORRECT
2025-10-13 12:19:04 [INFO] Аналитик функций ГО: AI подтвердил связь КУЗРМСХРК-84 (КУЗРМСХРК) → МСХРК-463 (МСХРК) [sim 1.000] — AI-вердикт: CORRECT
2025-10-13 12:19:04 [INFO] Аналитик функций ГО: AI подтвердил связь КЯПМНВОРК-19 (КЯПМНВОРК) → МНВОРК-245 (МНВОРК) [sim 1.000] — AI-вердикт: CORRECT
2025-10-13 12:19:04 [INFO] Аналитик функций ГО: AI подтвердил связь КУЗРМСХРК-40 (КУЗРМСХРК) → МСХРК-316 (МСХРК) [sim 1.000] — AI-вердикт: CORRECT
2025-10-13 12:19:04 [INFO] Аналитик функций ГО: AI подтвердил связь КУЗРМСХРК-77 (КУЗРМСХРК) → МСХРК-322 (МСХРК) [sim 0.988] — AI-вердикт: CORRECT
2025-10-13 12:19:04 [INFO] Аналитик функций ГО: AI подтвердил связь КУЗРМСХРК-60 (КУЗРМСХРК) → МСХРК-509 (МСХРК) [sim 0.989] — AI-вердикт: CORRECT
2025-10-13 12:19:04 [INFO] Аналитик функций ГО: AI подтвердил связь КЯПМНВОРК-39 (КЯПМНВОРК) → МНВОРК-234 (МНВОРК) [sim 0.612] — AI-вердикт: CORRECT
2025-10-13 12:19:04 [INFO] Аналитик функций ГО: AI подтвердил связь КЯПМНВОРК-21 (КЯПМНВОРК) → МНВОРК-239 (МНВОРК) [sim 0.665] — AI-вердикт: CORRECT
2025-10-13 12:19:04 [INFO] Аналитик функций ГО: AI подтвердил связь КУЗРМСХРК-61 (КУЗРМСХРК) → МСХРК-653 (МСХРК) [sim 0.976] — AI-вердикт: CORRECT
2025-10-13 12:19:04 [INFO] Аналитик функций ГО: AI подтвердил связь КЯПМНВОРК-20 (КЯПМНВОРК) → МНВОРК-246 (МНВОРК) [sim 0.913] — AI-вердикт: CORRECT
2025-10-13 12:19:04 [INFO] Аналитик функций ГО: AI подтвердил связь КЯПМНВОРК-4 (КЯПМНВОРК) → МНВОРК-233 (МНВОРК) [sim 0.699] — AI-вердикт: CORRECT
2025-10-13 12:19:04 [INFO] Аналитик функций ГО: AI подтвердил связь КЯПМНВОРК-15 (КЯПМНВОРК) → МНВОРК-230 (МНВОРК) [sim 0.955] — AI-вердикт: CORRECT
2025-10-13 12:19:04 [INFO] Аналитик функций ГО: AI подтвердил связь КУЗРМСХРК-111 (КУЗРМСХРК) → МСХРК-704 (МСХРК) [sim 0.873] — AI-вердикт: CORRECT
2025-10-13 12:19:04 [INFO] Аналитик функций ГО: AI подтвердил связь КЯПМНВОРК-29 (КЯПМНВОРК) → МНВОРК-233 (МНВОРК) [sim 0.651] — AI-вердикт: CORRECT
2025-10-13 12:19:04 [INFO] Аналитик функций ГО: AI подтвердил связь КУЗРМСХРК-98 (КУЗРМСХРК) → МСХРК-65 (МСХРК) [sim 0.981] — AI-вердикт: CORRECT
2025-10-13 12:19:04 [INFO] Аналитик функций ГО: AI подтвердил связь КУЗРМСХРК-94 (КУЗРМСХРК) → МСХРК-43 (МСХРК) [sim 0.983] — AI-вердикт: CORRECT
2025-10-13 12:19:04 [INFO] Аналитик функций ГО: AI подтвердил связь КТРММТИРК-58 (КТРММТИРК) → МТИРК-159 (МТИРК) [sim 0.863] — AI-вердикт: CORRECT
2025-10-13 12:19:04 [INFO] Аналитик функций ГО: AI подтвердил связь КУЗРМСХРК-100 (КУЗРМСХРК) → МСХРК-334 (МСХРК) [sim 0.944] — AI-вердикт: CORRECT
2025-10-13 12:19:04 [INFO] Аналитик функций ГО: AI подтвердил связь КУЗРМСХРК-35 (КУЗРМСХРК) → МСХРК-311 (МСХРК) [sim 0.933] — AI-вердикт: CORRECT
2025-10-13 12:19:04 [WARNING] Аналитик функций ГО: AI отклонил связь АКМЦРИАПРК-47 (АКМЦРИАПРК) → МЦРИАПРК-32 (МЦРИАПРК) [sim 0.965] — AI-вердикт: NOT_CORRECT
2025-10-13 12:19:04 [WARNING] Аналитик функций ГО: AI отклонил связь АКМЦРИАПРК-51 (АКМЦРИАПРК) → МЦРИАПРК-46 (МЦРИАПРК) [sim 0.985] — AI-вердикт: NOT_CORRECT
2025-10-13 12:19:04 [WARNING] Аналитик функций ГО: AI отклонил связь КАДКДМКИРК-45 (КАДКДМКИРК) → МКИРК-461 (МКИРК) [sim 0.830] — AI-вердикт: NOT_CORRECT
2025-10-13 12:19:04 [WARNING] Аналитик функций ГО: AI отклонил связь АКМЦРИАПРК-44 (АКМЦРИАПРК) → МЦРИАПРК-29 (МЦРИАПРК) [sim 0.977] — AI-вердикт: NOT_CORRECT
2025-10-13 12:19:04 [WARNING] Аналитик функций ГО: AI отклонил связь АКМЦРИАПРК-52 (АКМЦРИАПРК) → МЦРИАПРК-357 (МЦРИАПРК) [sim 0.557] — AI-вердикт: NOT_CORRECT
2025-10-13 12:19:04 [WARNING] Аналитик функций ГО: AI отклонил связь КАДКДМКИРК-5 (КАДКДМКИРК) → МКИРК-187 (МКИРК) [sim 0.856] — AI-вердикт: NOT_CORRECT
2025-10-13 12:19:04 [WARNING] Аналитик функций ГО: AI отклонил связь КАДКДМКИРК-29 (КАДКДМКИРК) → МКИРК-477 (МКИРК) [sim 0.825] — AI-вердикт: NOT_CORRECT
2025-10-13 12:19:04 [WARNING] Аналитик функций ГО: AI отклонил связь АКМЦРИАПРК-42 (АКМЦРИАПРК) → МЦРИАПРК-27 (МЦРИАПРК) [sim 0.953] — AI-вердикт: NOT_CORRECT
2025-10-13 12:19:04 [WARNING] Аналитик функций ГО: AI отклонил связь КАДКДМКИРК-42 (КАДКДМКИРК) → МКИРК-480 (МКИРК) [sim 0.948] — AI-вердикт: NOT_CORRECT
2025-10-13 12:19:04 [WARNING] Аналитик функций ГО: AI отклонил связь КАДКДМКИРК-38 (КАДКДМКИРК) → МКИРК-465 (МКИРК) [sim 0.937] — AI-вердикт: NOT_CORRECT
2025-10-13 12:19:04 [WARNING] Аналитик функций ГО: AI отклонил связь КАДКДМКИРК-39 (КАДКДМКИРК) → МКИРК-464 (МКИРК) [sim 0.893] — AI-вердикт: NOT_CORRECT
2025-10-13 12:19:04 [WARNING] Аналитик функций ГО: AI отклонил связь КАДКДМКИРК-41 (КАДКДМКИРК) → МКИРК-460 (МКИРК) [sim 0.955] — AI-вердикт: NOT_CORRECT
2025-10-13 12:19:04 [WARNING] Аналитик функций ГО: AI отклонил связь КАДКДМКИРК-47 (КАДКДМКИРК) → МКИРК-17 (МКИРК) [sim 0.681] — AI-вердикт: NOT_CORRECT
2025-10-13 12:19:04 [WARNING] Аналитик функций ГО: AI отклонил связь АКМЦРИАПРК-26 (АКМЦРИАПРК) → МЦРИАПРК-38 (МЦРИАПРК) [sim 0.969] — AI-вердикт: NOT_CORRECT
2025-10-13 12:19:04 [WARNING] Аналитик функций ГО: AI отклонил связь КАДКДМКИРК-22 (КАДКДМКИРК) → МКИРК-462 (МКИРК) [sim 0.792] — AI-вердикт: NOT_CORRECT
2025-10-13 12:19:04 [WARNING] Аналитик функций ГО: AI отклонил связь АКМЦРИАПРК-25 (АКМЦРИАПРК) → МЦРИАПРК-36 (МЦРИАПРК) [sim 0.979] — AI-вердикт: NOT_CORRECT
2025-10-13 12:19:04 [WARNING] Аналитик функций ГО: AI отклонил связь АКМЦРИАПРК-31 (АКМЦРИАПРК) → МЦРИАПРК-47 (МЦРИАПРК) [sim 0.912] — AI-вердикт: NOT_CORRECT
2025-10-13 12:19:04 [WARNING] Аналитик функций ГО: AI отклонил связь АКМЦРИАПРК-23 (АКМЦРИАПРК) → МЦРИАПРК-48 (МЦРИАПРК) [sim 0.918] — AI-вердикт: NOT_CORRECT
2025-10-13 12:19:04 [WARNING] Аналитик функций ГО: AI отклонил связь АКМЦРИАПРК-38 (АКМЦРИАПРК) → МЦРИАПРК-31 (МЦРИАПРК) [sim 0.895] — AI-вердикт: NOT_CORRECT
2025-10-13 12:19:04 [WARNING] Аналитик функций ГО: AI отклонил связь КАДКДМКИРК-43 (КАДКДМКИРК) → МКИРК-482 (МКИРК) [sim 0.944] — AI-вердикт: NOT_CORRECT
2025-10-13 12:19:04 [WARNING] Аналитик функций ГО: AI отклонил связь КАДКДМКИРК-12 (КАДКДМКИРК) → МКИРК-94 (МКИРК) [sim 0.861] — AI-вердикт: NOT_CORRECT
2025-10-13 12:19:04 [WARNING] Аналитик функций ГО: AI отклонил связь КАДКДМКИРК-49 (КАДКДМКИРК) → МКИРК-486 (МКИРК) [sim 0.652] — AI-вердикт: NOT_CORRECT
2025-10-13 12:19:04 [WARNING] Аналитик функций ГО: AI отклонил связь КАДКДМКИРК-50 (КАДКДМКИРК) → МКИРК-486 (МКИРК) [sim 0.641] — AI-вердикт: NOT_CORRECT
2025-10-13 12:19:04 [WARNING] Аналитик функций ГО: AI отклонил связь АКМЦРИАПРК-41 (АКМЦРИАПРК) → МЦРИАПРК-40 (МЦРИАПРК) [sim 0.969] — AI-вердикт: NOT_CORRECT
2025-10-13 12:19:04 [WARNING] Аналитик функций ГО: AI отклонил связь КАДКДМКИРК-1 (КАДКДМКИРК) → МКИРК-315 (МКИРК) [sim 0.665] — AI-вердикт: NOT_CORRECT
2025-10-13 12:19:04 [WARNING] Аналитик функций ГО: AI отклонил связь КАДКДМКИРК-44 (КАДКДМКИРК) → МКИРК-481 (МКИРК) [sim 0.962] — AI-вердикт: NOT_CORRECT
2025-10-13 12:19:04 [WARNING] Аналитик функций ГО: AI отклонил связь КАДКДМКИРК-2 (КАДКДМКИРК) → МКИРК-63 (МКИРК) [sim 0.747] — AI-вердикт: NOT_CORRECT
2025-10-13 12:19:04 [WARNING] Аналитик функций ГО: AI отклонил связь КАДКДМКИРК-46 (КАДКДМКИРК) → МКИРК-463 (МКИРК) [sim 0.946] — AI-вердикт: NOT_CORRECT
2025-10-13 12:19:04 [WARNING] Аналитик функций ГО: AI отклонил связь АКМЦРИАПРК-13 (АКМЦРИАПРК) → МЦРИАПРК-19 (МЦРИАПРК) [sim 0.925] — AI-вердикт: NOT_CORRECT
2025-10-13 12:19:04 [WARNING] Аналитик функций ГО: AI отклонил связь АКМЦРИАПРК-8 (АКМЦРИАПРК) → МЦРИАПРК-43 (МЦРИАПРК) [sim 0.730] — AI-вердикт: NOT_CORRECT
2025-10-13 12:19:04 [WARNING] Аналитик функций ГО: AI отклонил связь АКМЦРИАПРК-46 (АКМЦРИАПРК) → МЦРИАПРК-37 (МЦРИАПРК) [sim 0.970] — AI-вердикт: NOT_CORRECT
2025-10-13 12:19:04 [WARNING] Аналитик функций ГО: AI отклонил связь КАДКДМКИРК-48 (КАДКДМКИРК) → МКИРК-486 (МКИРК) [sim 0.955] — AI-вердикт: NOT_CORRECT
2025-10-13 12:19:04 [WARNING] Аналитик функций ГО: AI отклонил связь АКМЦРИАПРК-1 (АКМЦРИАПРК) → МЦРИАПРК-42 (МЦРИАПРК) [sim 0.725] — AI-вердикт: NOT_CORRECT
2025-10-13 12:19:04 [WARNING] Аналитик функций ГО: AI отклонил связь КАДМТРК-16 (КАДМТРК) → МТРК-216 (МТРК) [sim 0.887] — AI-вердикт: NOT_CORRECT
2025-10-13 12:19:04 [WARNING] Аналитик функций ГО: AI отклонил связь КАДМТРК-1 (КАДМТРК) → МТРК-17 (МТРК) [sim 0.587] — AI-вердикт: NOT_CORRECT
2025-10-13 12:19:04 [WARNING] Аналитик функций ГО: AI отклонил связь КАДКДМКИРК-71 (КАДКДМКИРК) → МКИРК-324 (МКИРК) [sim 0.888] — AI-вердикт: NOT_CORRECT
2025-10-13 12:19:04 [WARNING] Аналитик функций ГО: AI отклонил связь КАДКДМКИРК-52 (КАДКДМКИРК) → МКИРК-485 (МКИРК) [sim 0.799] — AI-вердикт: NOT_CORRECT
2025-10-13 12:19:04 [WARNING] Аналитик функций ГО: AI отклонил связь КАДКДМКИРК-9 (КАДКДМКИРК) → МКИРК-183 (МКИРК) [sim 0.545] — AI-вердикт: NOT_CORRECT
2025-10-13 12:19:04 [WARNING] Аналитик функций ГО: AI отклонил связь КАПМВД-15-6 (КАПМВД) → МВД-69 (МВД) [sim 0.701] — AI-вердикт: NOT_CORRECT
2025-10-13 12:19:04 [WARNING] Аналитик функций ГО: AI отклонил связь КАДКДМКИРК-59 (КАДКДМКИРК) → МКИРК-397 (МКИРК) [sim 0.952] — AI-вердикт: NOT_CORRECT
2025-10-13 12:19:04 [WARNING] Аналитик функций ГО: AI отклонил связь КАДМТРК-9 (КАДМТРК) → МТРК-319 (МТРК) [sim 0.552] — AI-вердикт: NOT_CORRECT
2025-10-13 12:19:04 [WARNING] Аналитик функций ГО: AI отклонил связь КАДМТРК-4 (КАДМТРК) → МТРК-121 (МТРК) [sim 0.777] — AI-вердикт: NOT_CORRECT
2025-10-13 12:19:04 [WARNING] Аналитик функций ГО: AI отклонил связь КАДКДМКИРК-70 (КАДКДМКИРК) → МКИРК-200 (МКИРК) [sim 0.692] — AI-вердикт: NOT_CORRECT
2025-10-13 12:19:04 [WARNING] Аналитик функций ГО: AI отклонил связь КАДКДМКИРК-11 (КАДКДМКИРК) → МКИРК-66 (МКИРК) [sim 0.643] — AI-вердикт: NOT_CORRECT
2025-10-13 12:19:04 [WARNING] Аналитик функций ГО: AI отклонил связь КАДМТРК-15 (КАДМТРК) → МТРК-217 (МТРК) [sim 0.799] — AI-вердикт: NOT_CORRECT
2025-10-13 12:19:04 [WARNING] Аналитик функций ГО: AI отклонил связь КАДМТРК-31 (КАДМТРК) → МТРК-204 (МТРК) [sim 0.664] — AI-вердикт: NOT_CORRECT
2025-10-13 12:19:04 [WARNING] Аналитик функций ГО: AI отклонил связь КАПМВД-15-4 (КАПМВД) → МВД-69 (МВД) [sim 0.782] — AI-вердикт: NOT_CORRECT
2025-10-13 12:19:04 [WARNING] Аналитик функций ГО: AI отклонил связь КАДКДМКИРК-66 (КАДКДМКИРК) → МКИРК-365 (МКИРК) [sim 0.622] — AI-вердикт: NOT_CORRECT
2025-10-13 12:19:04 [WARNING] Аналитик функций ГО: AI отклонил связь КАДМТРК-22 (КАДМТРК) → МТРК-121 (МТРК) [sim 0.798] — AI-вердикт: NOT_CORRECT
2025-10-13 12:19:04 [WARNING] Аналитик функций ГО: AI отклонил связь КАПМВД-15-9 (КАПМВД) → МВД-212 (МВД) [sim 0.643] — AI-вердикт: NOT_CORRECT
2025-10-13 12:19:04 [WARNING] Аналитик функций ГО: AI отклонил связь КАДКДМКИРК-58 (КАДКДМКИРК) → МКИРК-374 (МКИРК) [sim 0.974] — AI-вердикт: NOT_CORRECT
2025-10-13 12:19:04 [WARNING] Аналитик функций ГО: AI отклонил связь КАДМТРК-10 (КАДМТРК) → МТРК-220 (МТРК) [sim 0.605] — AI-вердикт: NOT_CORRECT
2025-10-13 12:19:04 [WARNING] Аналитик функций ГО: AI отклонил связь КАПМВД-15-3 (КАПМВД) → МВД-69 (МВД) [sim 0.722] — AI-вердикт: NOT_CORRECT
2025-10-13 12:19:04 [WARNING] Аналитик функций ГО: AI отклонил связь КАПМВД-2 (КАПМВД) → МВД-269 (МВД) [sim 0.678] — AI-вердикт: NOT_CORRECT
2025-10-13 12:19:04 [WARNING] Аналитик функций ГО: AI отклонил связь КАДМТРК-32 (КАДМТРК) → МТРК-219 (МТРК) [sim 0.574] — AI-вердикт: NOT_CORRECT
2025-10-13 12:19:04 [WARNING] Аналитик функций ГО: AI отклонил связь КАДКДМКИРК-55 (КАДКДМКИРК) → МКИРК-301 (МКИРК) [sim 0.581] — AI-вердикт: NOT_CORRECT
2025-10-13 12:19:04 [WARNING] Аналитик функций ГО: AI отклонил связь КАДМТРК-7 (КАДМТРК) → МТРК-341 (МТРК) [sim 0.894] — AI-вердикт: NOT_CORRECT
2025-10-13 12:19:04 [WARNING] Аналитик функций ГО: AI отклонил связь КАПМВД-15-7 (КАПМВД) → МВД-212 (МВД) [sim 0.697] — AI-вердикт: NOT_CORRECT
2025-10-13 12:19:04 [WARNING] Аналитик функций ГО: AI отклонил связь КАДКДМКИРК-6 (КАДКДМКИРК) → МКИРК-61 (МКИРК) [sim 0.847] — AI-вердикт: NOT_CORRECT
2025-10-13 12:19:04 [WARNING] Аналитик функций ГО: AI отклонил связь КАДМТРК-5 (КАДМТРК) → МТРК-216 (МТРК) [sim 0.702] — AI-вердикт: NOT_CORRECT
2025-10-13 12:19:04 [WARNING] Аналитик функций ГО: AI отклонил связь КАДМТРК-13 (КАДМТРК) → МТРК-328 (МТРК) [sim 0.780] — AI-вердикт: NOT_CORRECT
2025-10-13 12:19:04 [WARNING] Аналитик функций ГО: AI отклонил связь КАДКДМКИРК-17 (КАДКДМКИРК) → МКИРК-331 (МКИРК) [sim 0.907] — AI-вердикт: NOT_CORRECT
2025-10-13 12:19:04 [WARNING] Аналитик функций ГО: AI отклонил связь КАПМВД-12 (КАПМВД) → МВД-209 (МВД) [sim 0.876] — AI-вердикт: NOT_CORRECT
2025-10-13 12:19:04 [WARNING] Аналитик функций ГО: AI отклонил связь КАДМТРК-29 (КАДМТРК) → МТРК-494 (МТРК) [sim 0.709] — AI-вердикт: NOT_CORRECT
2025-10-13 12:19:04 [WARNING] Аналитик функций ГО: AI отклонил связь КАПМВД-15-8 (КАПМВД) → МВД-212 (МВД) [sim 0.818] — AI-вердикт: NOT_CORRECT
2025-10-13 12:19:04 [WARNING] Аналитик функций ГО: AI отклонил связь КАДКДМКИРК-53 (КАДКДМКИРК) → МКИРК-432 (МКИРК) [sim 0.680] — AI-вердикт: NOT_CORRECT
2025-10-13 12:19:04 [WARNING] Аналитик функций ГО: AI отклонил связь КАПМВД-15-5 (КАПМВД) → МВД-212 (МВД) [sim 0.800] — AI-вердикт: NOT_CORRECT
2025-10-13 12:19:04 [WARNING] Аналитик функций ГО: AI отклонил связь КАПМВД-15-2 (КАПМВД) → МВД-212 (МВД) [sim 0.695] — AI-вердикт: NOT_CORRECT
2025-10-13 12:19:04 [WARNING] Аналитик функций ГО: AI отклонил связь КАПМВД-26 (КАПМВД) → МВД-59 (МВД) [sim 0.736] — AI-вердикт: NOT_CORRECT
2025-10-13 12:19:04 [WARNING] Аналитик функций ГО: AI отклонил связь КАПМВД-50 (КАПМВД) → МВД-187 (МВД) [sim 0.757] — AI-вердикт: NOT_CORRECT
2025-10-13 12:19:04 [WARNING] Аналитик функций ГО: AI отклонил связь КАПМВД-51 (КАПМВД) → МВД-312 (МВД) [sim 0.574] — AI-вердикт: NOT_CORRECT
2025-10-13 12:19:04 [WARNING] Аналитик функций ГО: AI отклонил связь КАТТКМТРК-123 (КАТТКМТРК) → МТРК-146 (МТРК) [sim 0.950] — AI-вердикт: NOT_CORRECT
2025-10-13 12:19:04 [WARNING] Аналитик функций ГО: AI отклонил связь КАПМВД-15-1 (КАПМВД) → МВД-212 (МВД) [sim 0.683] — AI-вердикт: NOT_CORRECT
2025-10-13 12:19:04 [WARNING] Аналитик функций ГО: AI отклонил связь КАПМВД-19 (КАПМВД) → МВД-224 (МВД) [sim 0.874] — AI-вердикт: NOT_CORRECT
2025-10-13 12:19:04 [WARNING] Аналитик функций ГО: AI отклонил связь КАДМТРК-12 (КАДМТРК) → МТРК-220 (МТРК) [sim 0.670] — AI-вердикт: NOT_CORRECT
2025-10-13 12:19:04 [WARNING] Аналитик функций ГО: AI отклонил связь КАПМВД-46 (КАПМВД) → МВД-39 (МВД) [sim 0.573] — AI-вердикт: NOT_CORRECT
2025-10-13 12:19:04 [WARNING] Аналитик функций ГО: AI отклонил связь КАТТКМТРК-1 (КАТТКМТРК) → МТРК-58 (МТРК) [sim 0.814] — AI-вердикт: NOT_CORRECT
2025-10-13 12:19:04 [WARNING] Аналитик функций ГО: AI отклонил связь КАПМВД-7 (КАПМВД) → МВД-32 (МВД) [sim 0.580] — AI-вердикт: NOT_CORRECT
2025-10-13 12:19:04 [WARNING] Аналитик функций ГО: AI отклонил связь КАТТКМТРК-117 (КАТТКМТРК) → МТРК-289 (МТРК) [sim 0.633] — AI-вердикт: NOT_CORRECT
2025-10-13 12:19:04 [WARNING] Аналитик функций ГО: AI отклонил связь КАПМВД-11 (КАПМВД) → МВД-208 (МВД) [sim 0.964] — AI-вердикт: NOT_CORRECT
2025-10-13 12:19:04 [WARNING] Аналитик функций ГО: AI отклонил связь КАПМВД-42 (КАПМВД) → МВД-256 (МВД) [sim 0.880] — AI-вердикт: NOT_CORRECT
2025-10-13 12:19:04 [WARNING] Аналитик функций ГО: AI отклонил связь КАПМВД-36 (КАПМВД) → МВД-201 (МВД) [sim 0.696] — AI-вердикт: NOT_CORRECT
2025-10-13 12:19:04 [WARNING] Аналитик функций ГО: AI отклонил связь КАТТКМТРК-121 (КАТТКМТРК) → МТРК-37 (МТРК) [sim 0.588] — AI-вердикт: NOT_CORRECT
2025-10-13 12:19:04 [WARNING] Аналитик функций ГО: AI отклонил связь КАДКДМКИРК-7 (КАДКДМКИРК) → МКИРК-316 (МКИРК) [sim 0.894] — AI-вердикт: NOT_CORRECT
2025-10-13 12:19:04 [WARNING] Аналитик функций ГО: AI отклонил связь КАТТКМТРК-150 (КАТТКМТРК) → МТРК-308 (МТРК) [sim 0.890] — AI-вердикт: NOT_CORRECT
2025-10-13 12:19:04 [WARNING] Аналитик функций ГО: AI отклонил связь КАТТКМТРК-125 (КАТТКМТРК) → МТРК-476 (МТРК) [sim 0.846] — AI-вердикт: NOT_CORRECT
2025-10-13 12:19:04 [WARNING] Аналитик функций ГО: AI отклонил связь КАТТКМТРК-143 (КАТТКМТРК) → МТРК-195 (МТРК) [sim 0.972] — AI-вердикт: NOT_CORRECT
2025-10-13 12:19:04 [WARNING] Аналитик функций ГО: AI отклонил связь КАТТКМТРК-148 (КАТТКМТРК) → МТРК-308 (МТРК) [sim 0.683] — AI-вердикт: NOT_CORRECT
2025-10-13 12:19:04 [WARNING] Аналитик функций ГО: AI отклонил связь КАПМВД-48 (КАПМВД) → МВД-108 (МВД) [sim 0.673] — AI-вердикт: NOT_CORRECT
2025-10-13 12:19:04 [WARNING] Аналитик функций ГО: AI отклонил связь КАТТКМТРК-120 (КАТТКМТРК) → МТРК-5 (МТРК) [sim 0.776] — AI-вердикт: NOT_CORRECT
2025-10-13 12:19:04 [WARNING] Аналитик функций ГО: AI отклонил связь КАТТКМТРК-160 (КАТТКМТРК) → МТРК-148 (МТРК) [sim 0.762] — AI-вердикт: NOT_CORRECT
2025-10-13 12:19:04 [WARNING] Аналитик функций ГО: AI отклонил связь КАТТКМТРК-155 (КАТТКМТРК) → МТРК-152 (МТРК) [sim 0.623] — AI-вердикт: NOT_CORRECT
2025-10-13 12:19:04 [WARNING] Аналитик функций ГО: AI отклонил связь КАТТКМТРК-162 (КАТТКМТРК) → МТРК-507 (МТРК) [sim 0.907] — AI-вердикт: NOT_CORRECT
2025-10-13 12:19:04 [WARNING] Аналитик функций ГО: AI отклонил связь КАТТКМТРК-159 (КАТТКМТРК) → МТРК-289 (МТРК) [sim 0.701] — AI-вердикт: NOT_CORRECT
2025-10-13 12:19:04 [WARNING] Аналитик функций ГО: AI отклонил связь КАТТКМТРК-124 (КАТТКМТРК) → МТРК-83 (МТРК) [sim 0.962] — AI-вердикт: NOT_CORRECT
2025-10-13 12:19:04 [WARNING] Аналитик функций ГО: AI отклонил связь КАТТКМТРК-122 (КАТТКМТРК) → МТРК-146 (МТРК) [sim 0.778] — AI-вердикт: NOT_CORRECT
2025-10-13 12:19:04 [WARNING] Аналитик функций ГО: AI отклонил связь КАТТКМТРК-158 (КАТТКМТРК) → МТРК-191 (МТРК) [sim 0.765] — AI-вердикт: NOT_CORRECT
2025-10-13 12:19:04 [WARNING] Аналитик функций ГО: AI отклонил связь КАТТКМТРК-3 (КАТТКМТРК) → МТРК-174 (МТРК) [sim 0.678] — AI-вердикт: NOT_CORRECT
2025-10-13 12:19:04 [WARNING] Аналитик функций ГО: AI отклонил связь КАТТКМТРК-151 (КАТТКМТРК) → МТРК-285 (МТРК) [sim 0.865] — AI-вердикт: NOT_CORRECT
2025-10-13 12:19:04 [WARNING] Аналитик функций ГО: AI отклонил связь КАПМВД-43 (КАПМВД) → МВД-257 (МВД) [sim 0.952] — AI-вердикт: NOT_CORRECT
2025-10-13 12:19:04 [WARNING] Аналитик функций ГО: AI отклонил связь КАТТКМТРК-4 (КАТТКМТРК) → МТРК-102 (МТРК) [sim 0.702] — AI-вердикт: NOT_CORRECT
2025-10-13 12:19:04 [WARNING] Аналитик функций ГО: AI отклонил связь КАТТКМТРК-153 (КАТТКМТРК) → МТРК-141 (МТРК) [sim 0.855] — AI-вердикт: NOT_CORRECT
2025-10-13 12:19:04 [WARNING] Аналитик функций ГО: AI отклонил связь КАТТКМТРК-104 (КАТТКМТРК) → МТРК-362 (МТРК) [sim 0.811] — AI-вердикт: NOT_CORRECT
2025-10-13 12:19:04 [WARNING] Аналитик функций ГО: AI отклонил связь КАТТКМТРК-162-1 (КАТТКМТРК) → МТРК-507 (МТРК) [sim 0.907] — AI-вердикт: NOT_CORRECT
2025-10-13 12:19:04 [WARNING] Аналитик функций ГО: AI отклонил связь КАТТКМТРК-30 (КАТТКМТРК) → МТРК-89 (МТРК) [sim 0.666] — AI-вердикт: NOT_CORRECT
2025-10-13 12:19:04 [WARNING] Аналитик функций ГО: AI отклонил связь КАТТКМТРК-154 (КАТТКМТРК) → МТРК-145 (МТРК) [sim 0.737] — AI-вердикт: NOT_CORRECT
2025-10-13 12:19:04 [WARNING] Аналитик функций ГО: AI отклонил связь КАТТКМТРК-152 (КАТТКМТРК) → МТРК-288 (МТРК) [sim 0.773] — AI-вердикт: NOT_CORRECT
2025-10-13 12:19:04 [WARNING] Аналитик функций ГО: AI отклонил связь КАЭНКМРМЭРК-105 (КАЭНКМРМЭРК) → МЭРК-246 (МЭРК) [sim 0.957] — AI-вердикт: NOT_CORRECT
2025-10-13 12:19:04 [WARNING] Аналитик функций ГО: AI отклонил связь КАЭНКМРМЭРК-1 (КАЭНКМРМЭРК) → МЭРК-258 (МЭРК) [sim 0.805] — AI-вердикт: NOT_CORRECT
2025-10-13 12:19:04 [WARNING] Аналитик функций ГО: AI отклонил связь КАЭНКМРМЭРК-126 (КАЭНКМРМЭРК) → МЭРК-3 (МЭРК) [sim 0.583] — AI-вердикт: NOT_CORRECT
2025-10-13 12:19:04 [WARNING] Аналитик функций ГО: AI отклонил связь КАДКДМКИРК-20 (КАДКДМКИРК) → МКИРК-460 (МКИРК) [sim 0.839] — AI-вердикт: NOT_CORRECT
2025-10-13 12:19:04 [WARNING] Аналитик функций ГО: AI отклонил связь КАЭНКМРМЭРК-115 (КАЭНКМРМЭРК) → МЭРК-250 (МЭРК) [sim 0.940] — AI-вердикт: NOT_CORRECT
2025-10-13 12:19:04 [WARNING] Аналитик функций ГО: AI отклонил связь КАТТКМТРК-98 (КАТТКМТРК) → МТРК-191 (МТРК) [sim 0.727] — AI-вердикт: NOT_CORRECT
2025-10-13 12:19:04 [WARNING] Аналитик функций ГО: AI отклонил связь КАЭНКМРМЭРК-24 (КАЭНКМРМЭРК) → МЭРК-490 (МЭРК) [sim 0.637] — AI-вердикт: NOT_CORRECT
2025-10-13 12:19:04 [WARNING] Аналитик функций ГО: AI отклонил связь КАЭНКМРМЭРК-13 (КАЭНКМРМЭРК) → МЭРК-399 (МЭРК) [sim 0.671] — AI-вердикт: NOT_CORRECT
2025-10-13 12:19:04 [WARNING] Аналитик функций ГО: AI отклонил связь КАЭНКМРМЭРК-127 (КАЭНКМРМЭРК) → МЭРК-338 (МЭРК) [sim 0.636] — AI-вердикт: NOT_CORRECT
2025-10-13 12:19:04 [WARNING] Аналитик функций ГО: AI отклонил связь КАЭНКМРМЭРК-39 (КАЭНКМРМЭРК) → МЭРК-416 (МЭРК) [sim 0.923] — AI-вердикт: NOT_CORRECT
2025-10-13 12:19:04 [WARNING] Аналитик функций ГО: AI отклонил связь КАЭНКМРМЭРК-38-3 (КАЭНКМРМЭРК) → МЭРК-409-3 (МЭРК) [sim 0.863] — AI-вердикт: NOT_CORRECT
2025-10-13 12:19:04 [WARNING] Аналитик функций ГО: AI отклонил связь КАЭНКМРМЭРК-38-1 (КАЭНКМРМЭРК) → МЭРК-409-2 (МЭРК) [sim 0.803] — AI-вердикт: NOT_CORRECT
2025-10-13 12:19:04 [WARNING] Аналитик функций ГО: AI отклонил связь КАЭНКМРМЭРК-128 (КАЭНКМРМЭРК) → МЭРК-610 (МЭРК) [sim 0.701] — AI-вердикт: NOT_CORRECT
2025-10-13 12:19:04 [WARNING] Аналитик функций ГО: AI отклонил связь КАЭНКМРМЭРК-61 (КАЭНКМРМЭРК) → МЭРК-202 (МЭРК) [sim 0.883] — AI-вердикт: NOT_CORRECT
2025-10-13 12:19:04 [WARNING] Аналитик функций ГО: AI отклонил связь КАЭНКМРМЭРК-125 (КАЭНКМРМЭРК) → МЭРК-610 (МЭРК) [sim 0.870] — AI-вердикт: NOT_CORRECT
2025-10-13 12:19:04 [WARNING] Аналитик функций ГО: AI отклонил связь КАТТКМТРК-96 (КАТТКМТРК) → МТРК-319 (МТРК) [sim 0.831] — AI-вердикт: NOT_CORRECT
2025-10-13 12:19:04 [WARNING] Аналитик функций ГО: AI отклонил связь КАЭНКМРМЭРК-8 (КАЭНКМРМЭРК) → МЭРК-45 (МЭРК) [sim 0.575] — AI-вердикт: NOT_CORRECT
2025-10-13 12:19:04 [WARNING] Аналитик функций ГО: AI отклонил связь КАЭНКМРМЭРК-80 (КАЭНКМРМЭРК) → МЭРК-391 (МЭРК) [sim 0.757] — AI-вердикт: NOT_CORRECT
2025-10-13 12:19:04 [WARNING] Аналитик функций ГО: AI отклонил связь КАЭНКМРМЭРК-4 (КАЭНКМРМЭРК) → МЭРК-3 (МЭРК) [sim 0.620] — AI-вердикт: NOT_CORRECT
2025-10-13 12:19:04 [WARNING] Аналитик функций ГО: AI отклонил связь КАЭНКМРМЭРК-65 (КАЭНКМРМЭРК) → МЭРК-17 (МЭРК) [sim 0.869] — AI-вердикт: NOT_CORRECT
2025-10-13 12:19:04 [WARNING] Аналитик функций ГО: AI отклонил связь КВГАМФРК-3-1 (КВГАМФРК) → МФРК-614-1 (МФРК) [sim 0.829] — AI-вердикт: NOT_CORRECT
2025-10-13 12:19:04 [WARNING] Аналитик функций ГО: AI отклонил связь КВГАМФРК-13 (КВГАМФРК) → МФРК-85 (МФРК) [sim 0.767] — AI-вердикт: NOT_CORRECT
2025-10-13 12:19:04 [WARNING] Аналитик функций ГО: AI отклонил связь КВГАМФРК-16 (КВГАМФРК) → МФРК-532 (МФРК) [sim 0.715] — AI-вердикт: NOT_CORRECT
2025-10-13 12:19:04 [WARNING] Аналитик функций ГО: AI отклонил связь КВГАМФРК-27 (КВГАМФРК) → МФРК-446 (МФРК) [sim 0.792] — AI-вердикт: NOT_CORRECT
2025-10-13 12:19:04 [WARNING] Аналитик функций ГО: AI отклонил связь КВГАМФРК-36 (КВГАМФРК) → МФРК-643 (МФРК) [sim 0.960] — AI-вердикт: NOT_CORRECT
2025-10-13 12:19:04 [WARNING] Аналитик функций ГО: AI отклонил связь КВГАМФРК-23 (КВГАМФРК) → МФРК-620 (МФРК) [sim 0.852] — AI-вердикт: NOT_CORRECT
2025-10-13 12:19:04 [WARNING] Аналитик функций ГО: AI отклонил связь КВКНМСХРК-1 (КВКНМСХРК) → МСХРК-8-6 (МСХРК) [sim 0.965] — AI-вердикт: NOT_CORRECT
2025-10-13 12:19:04 [WARNING] Аналитик функций ГО: AI отклонил связь КАЭНКМРМЭРК-38-4 (КАЭНКМРМЭРК) → МЭРК-409-5 (МЭРК) [sim 0.796] — AI-вердикт: NOT_CORRECT
2025-10-13 12:19:04 [WARNING] Аналитик функций ГО: AI отклонил связь КВГАМФРК-30 (КВГАМФРК) → МФРК-644 (МФРК) [sim 0.858] — AI-вердикт: NOT_CORRECT
2025-10-13 12:19:04 [WARNING] Аналитик функций ГО: AI отклонил связь КВГАМФРК-33 (КВГАМФРК) → МФРК-614-5 (МФРК) [sim 0.698] — AI-вердикт: NOT_CORRECT
2025-10-13 12:19:04 [WARNING] Аналитик функций ГО: AI отклонил связь КВГАМФРК-32 (КВГАМФРК) → МФРК-657 (МФРК) [sim 0.776] — AI-вердикт: NOT_CORRECT
2025-10-13 12:19:04 [WARNING] Аналитик функций ГО: AI отклонил связь КВГАМФРК-17 (КВГАМФРК) → МФРК-630-6 (МФРК) [sim 0.716] — AI-вердикт: NOT_CORRECT
2025-10-13 12:19:04 [WARNING] Аналитик функций ГО: AI отклонил связь КВГАМФРК-18 (КВГАМФРК) → МФРК-615 (МФРК) [sim 0.692] — AI-вердикт: NOT_CORRECT
2025-10-13 12:19:04 [WARNING] Аналитик функций ГО: AI отклонил связь КВГАМФРК-8-2 (КВГАМФРК) → МФРК-630-3 (МФРК) [sim 0.910] — AI-вердикт: NOT_CORRECT
2025-10-13 12:19:04 [WARNING] Аналитик функций ГО: AI отклонил связь КВГАМФРК-41 (КВГАМФРК) → МФРК-15 (МФРК) [sim 0.700] — AI-вердикт: NOT_CORRECT
2025-10-13 12:19:04 [WARNING] Аналитик функций ГО: AI отклонил связь КВГАМФРК-5 (КВГАМФРК) → МФРК-392 (МФРК) [sim 0.751] — AI-вердикт: NOT_CORRECT
2025-10-13 12:19:04 [WARNING] Аналитик функций ГО: AI отклонил связь КВГАМФРК-1 (КВГАМФРК) → МФРК-618 (МФРК) [sim 0.919] — AI-вердикт: NOT_CORRECT
2025-10-13 12:19:04 [WARNING] Аналитик функций ГО: AI отклонил связь КВГАМФРК-3-4 (КВГАМФРК) → МФРК-614-5 (МФРК) [sim 0.984] — AI-вердикт: NOT_CORRECT
2025-10-13 12:19:04 [WARNING] Аналитик функций ГО: AI отклонил связь КВГАМФРК-7 (КВГАМФРК) → МФРК-84 (МФРК) [sim 0.847] — AI-вердикт: NOT_CORRECT
2025-10-13 12:19:04 [WARNING] Аналитик функций ГО: AI отклонил связь КВКНМСХРК-22 (КВКНМСХРК) → МСХРК-142 (МСХРК) [sim 0.976] — AI-вердикт: NOT_CORRECT
2025-10-13 12:19:04 [WARNING] Аналитик функций ГО: AI отклонил связь КВКНМСХРК-53 (КВКНМСХРК) → МСХРК-173 (МСХРК) [sim 0.971] — AI-вердикт: NOT_CORRECT
2025-10-13 12:19:04 [WARNING] Аналитик функций ГО: AI отклонил связь КВКНМСХРК-54 (КВКНМСХРК) → МСХРК-174 (МСХРК) [sim 0.976] — AI-вердикт: NOT_CORRECT
2025-10-13 12:19:04 [WARNING] Аналитик функций ГО: AI отклонил связь КВГАМФРК-29 (КВГАМФРК) → МФРК-634 (МФРК) [sim 0.766] — AI-вердикт: NOT_CORRECT
2025-10-13 12:19:04 [WARNING] Аналитик функций ГО: AI отклонил связь КВКНМСХРК-70 (КВКНМСХРК) → МСХРК-190 (МСХРК) [sim 0.949] — AI-вердикт: NOT_CORRECT
2025-10-13 12:19:04 [WARNING] Аналитик функций ГО: AI отклонил связь КВКНМСХРК-97-2 (КВКНМСХРК) → МСХРК-409-2 (МСХРК) [sim 0.977] — AI-вердикт: NOT_CORRECT
2025-10-13 12:19:04 [WARNING] Аналитик функций ГО: AI отклонил связь КВКНМСХРК-84 (КВКНМСХРК) → МСХРК-203 (МСХРК) [sim 0.983] — AI-вердикт: NOT_CORRECT
2025-10-13 12:19:04 [WARNING] Аналитик функций ГО: AI отклонил связь КВПОМНВОРК-102 (КВПОМНВОРК) → МНВОРК-76 (МНВОРК) [sim 0.624] — AI-вердикт: NOT_CORRECT
2025-10-13 12:19:04 [WARNING] Аналитик функций ГО: AI отклонил связь КВПОМНВОРК-22 (КВПОМНВОРК) → МНВОРК-76 (МНВОРК) [sim 0.658] — AI-вердикт: NOT_CORRECT
2025-10-13 12:19:04 [WARNING] Аналитик функций ГО: AI отклонил связь КВКНМСХРК-43 (КВКНМСХРК) → МСХРК-163 (МСХРК) [sim 0.975] — AI-вердикт: NOT_CORRECT
2025-10-13 12:19:04 [WARNING] Аналитик функций ГО: AI отклонил связь КВКНМСХРК-30 (КВКНМСХРК) → МСХРК-150 (МСХРК) [sim 0.984] — AI-вердикт: NOT_CORRECT
2025-10-13 12:19:04 [WARNING] Аналитик функций ГО: AI отклонил связь КВПОМНВОРК-101 (КВПОМНВОРК) → МНВОРК-82 (МНВОРК) [sim 0.665] — AI-вердикт: NOT_CORRECT
2025-10-13 12:19:04 [WARNING] Аналитик функций ГО: AI отклонил связь КВПОМНВОРК-24 (КВПОМНВОРК) → МНВОРК-263 (МНВОРК) [sim 0.608] — AI-вердикт: NOT_CORRECT
2025-10-13 12:19:04 [WARNING] Аналитик функций ГО: AI отклонил связь КВПОМНВОРК-104 (КВПОМНВОРК) → МНВОРК-22 (МНВОРК) [sim 0.505] — AI-вердикт: NOT_CORRECT
2025-10-13 12:19:04 [WARNING] Аналитик функций ГО: AI отклонил связь КВПОМНВОРК-21 (КВПОМНВОРК) → МНВОРК-132 (МНВОРК) [sim 0.580] — AI-вердикт: NOT_CORRECT
2025-10-13 12:19:04 [WARNING] Аналитик функций ГО: AI отклонил связь КВПОМНВОРК-16 (КВПОМНВОРК) → МНВОРК-180 (МНВОРК) [sim 0.669] — AI-вердикт: NOT_CORRECT
2025-10-13 12:19:04 [WARNING] Аналитик функций ГО: AI отклонил связь КВКНМСХРК-97-1 (КВКНМСХРК) → МСХРК-409-1 (МСХРК) [sim 0.956] — AI-вердикт: NOT_CORRECT
2025-10-13 12:19:04 [WARNING] Аналитик функций ГО: AI отклонил связь КВПОМНВОРК-30 (КВПОМНВОРК) → МНВОРК-78 (МНВОРК) [sim 0.580] — AI-вердикт: NOT_CORRECT
2025-10-13 12:19:04 [WARNING] Аналитик функций ГО: AI отклонил связь КВПОМНВОРК-42 (КВПОМНВОРК) → МНВОРК-62 (МНВОРК) [sim 0.643] — AI-вердикт: NOT_CORRECT
2025-10-13 12:19:04 [WARNING] Аналитик функций ГО: AI отклонил связь КВПОМНВОРК-12 (КВПОМНВОРК) → МНВОРК-283 (МНВОРК) [sim 0.690] — AI-вердикт: NOT_CORRECT
2025-10-13 12:19:04 [WARNING] Аналитик функций ГО: AI отклонил связь КВПОМНВОРК-17 (КВПОМНВОРК) → МНВОРК-42 (МНВОРК) [sim 0.728] — AI-вердикт: NOT_CORRECT
2025-10-13 12:19:04 [WARNING] Аналитик функций ГО: AI отклонил связь КВПОМНВОРК-49 (КВПОМНВОРК) → МНВОРК-130 (МНВОРК) [sim 0.677] — AI-вердикт: NOT_CORRECT
2025-10-13 12:19:04 [WARNING] Аналитик функций ГО: AI отклонил связь КВПОМНВОРК-33 (КВПОМНВОРК) → МНВОРК-35 (МНВОРК) [sim 0.503] — AI-вердикт: NOT_CORRECT
2025-10-13 12:19:04 [WARNING] Аналитик функций ГО: AI отклонил связь КВПОМНВОРК-34 (КВПОМНВОРК) → МНВОРК-142 (МНВОРК) [sim 0.652] — AI-вердикт: NOT_CORRECT
2025-10-13 12:19:04 [WARNING] Аналитик функций ГО: AI отклонил связь КВПОМНВОРК-53 (КВПОМНВОРК) → МНВОРК-117 (МНВОРК) [sim 0.659] — AI-вердикт: NOT_CORRECT
2025-10-13 12:19:04 [WARNING] Аналитик функций ГО: AI отклонил связь КВГАМФРК-42 (КВГАМФРК) → МФРК-624 (МФРК) [sim 0.790] — AI-вердикт: NOT_CORRECT
2025-10-13 12:19:04 [WARNING] Аналитик функций ГО: AI отклонил связь КВПОМНВОРК-35 (КВПОМНВОРК) → МНВОРК-263 (МНВОРК) [sim 0.673] — AI-вердикт: NOT_CORRECT
2025-10-13 12:19:04 [WARNING] Аналитик функций ГО: AI отклонил связь КВПОМНВОРК-11 (КВПОМНВОРК) → МНВОРК-63 (МНВОРК) [sim 0.945] — AI-вердикт: NOT_CORRECT
2025-10-13 12:19:04 [WARNING] Аналитик функций ГО: AI отклонил связь КВПОМНВОРК-25 (КВПОМНВОРК) → МНВОРК-130 (МНВОРК) [sim 0.527] — AI-вердикт: NOT_CORRECT
2025-10-13 12:19:04 [WARNING] Аналитик функций ГО: AI отклонил связь КВПОМНВОРК-29 (КВПОМНВОРК) → МНВОРК-280 (МНВОРК) [sim 0.631] — AI-вердикт: NOT_CORRECT
2025-10-13 12:19:04 [WARNING] Аналитик функций ГО: AI отклонил связь КВПОМНВОРК-32 (КВПОМНВОРК) → МНВОРК-76 (МНВОРК) [sim 0.607] — AI-вердикт: NOT_CORRECT
2025-10-13 12:19:04 [WARNING] Аналитик функций ГО: AI отклонил связь КВПОМНВОРК-48 (КВПОМНВОРК) → МНВОРК-135 (МНВОРК) [sim 0.699] — AI-вердикт: NOT_CORRECT
2025-10-13 12:19:04 [WARNING] Аналитик функций ГО: AI отклонил связь КВПОМНВОРК-20 (КВПОМНВОРК) → МНВОРК-139 (МНВОРК) [sim 0.759] — AI-вердикт: NOT_CORRECT
2025-10-13 12:19:04 [WARNING] Аналитик функций ГО: AI отклонил связь КВГАМФРК-25 (КВГАМФРК) → МФРК-777-1 (МФРК) [sim 0.699] — AI-вердикт: NOT_CORRECT
2025-10-13 12:19:04 [WARNING] Аналитик функций ГО: AI отклонил связь КВПОМНВОРК-54 (КВПОМНВОРК) → МНВОРК-120 (МНВОРК) [sim 0.759] — AI-вердикт: NOT_CORRECT
2025-10-13 12:19:04 [WARNING] Аналитик функций ГО: AI отклонил связь КВПОМНВОРК-27 (КВПОМНВОРК) → МНВОРК-263 (МНВОРК) [sim 0.526] — AI-вердикт: NOT_CORRECT
2025-10-13 12:19:04 [WARNING] Аналитик функций ГО: AI отклонил связь КВПОМНВОРК-106 (КВПОМНВОРК) → МНВОРК-253 (МНВОРК) [sim 0.795] — AI-вердикт: NOT_CORRECT
2025-10-13 12:19:04 [WARNING] Аналитик функций ГО: AI отклонил связь КВКНМСХРК-28 (КВКНМСХРК) → МСХРК-148 (МСХРК) [sim 0.976] — AI-вердикт: NOT_CORRECT
2025-10-13 12:19:04 [WARNING] Аналитик функций ГО: AI отклонил связь КВПОМНВОРК-26 (КВПОМНВОРК) → МНВОРК-263 (МНВОРК) [sim 0.587] — AI-вердикт: NOT_CORRECT
2025-10-13 12:19:04 [WARNING] Аналитик функций ГО: AI отклонил связь КВКНМСХРК-74 (КВКНМСХРК) → МСХРК-556 (МСХРК) [sim 0.651] — AI-вердикт: NOT_CORRECT
2025-10-13 12:19:04 [WARNING] Аналитик функций ГО: AI отклонил связь КВПОМНВОРК-23 (КВПОМНВОРК) → МНВОРК-284 (МНВОРК) [sim 0.647] — AI-вердикт: NOT_CORRECT
2025-10-13 12:19:04 [WARNING] Аналитик функций ГО: AI отклонил связь КВПОМНВОРК-47 (КВПОМНВОРК) → МНВОРК-130 (МНВОРК) [sim 0.761] — AI-вердикт: NOT_CORRECT
2025-10-13 12:19:04 [WARNING] Аналитик функций ГО: AI отклонил связь КВПОМНВОРК-41 (КВПОМНВОРК) → МНВОРК-205 (МНВОРК) [sim 0.581] — AI-вердикт: NOT_CORRECT
2025-10-13 12:19:04 [WARNING] Аналитик функций ГО: AI отклонил связь КВПОМНВОРК-50 (КВПОМНВОРК) → МНВОРК-130 (МНВОРК) [sim 0.748] — AI-вердикт: NOT_CORRECT
2025-10-13 12:19:04 [WARNING] Аналитик функций ГО: AI отклонил связь КВПОМНВОРК-43 (КВПОМНВОРК) → МНВОРК-122 (МНВОРК) [sim 0.649] — AI-вердикт: NOT_CORRECT
2025-10-13 12:19:04 [WARNING] Аналитик функций ГО: AI отклонил связь КВПОМНВОРК-39 (КВПОМНВОРК) → МНВОРК-21 (МНВОРК) [sim 0.550] — AI-вердикт: NOT_CORRECT
2025-10-13 12:19:04 [WARNING] Аналитик функций ГО: AI отклонил связь КВПОМНВОРК-65 (КВПОМНВОРК) → МНВОРК-144 (МНВОРК) [sim 0.705] — AI-вердикт: NOT_CORRECT
2025-10-13 12:19:04 [WARNING] Аналитик функций ГО: AI отклонил связь КВПОМНВОРК-66 (КВПОМНВОРК) → МНВОРК-5 (МНВОРК) [sim 0.946] — AI-вердикт: NOT_CORRECT
2025-10-13 12:19:04 [WARNING] Аналитик функций ГО: AI отклонил связь КВПОМНВОРК-77 (КВПОМНВОРК) → МНВОРК-11 (МНВОРК) [sim 0.608] — AI-вердикт: NOT_CORRECT
2025-10-13 12:19:04 [WARNING] Аналитик функций ГО: AI отклонил связь КВПОМНВОРК-36 (КВПОМНВОРК) → МНВОРК-76 (МНВОРК) [sim 0.571] — AI-вердикт: NOT_CORRECT
2025-10-13 12:19:04 [WARNING] Аналитик функций ГО: AI отклонил связь КВПОМНВОРК-74 (КВПОМНВОРК) → МНВОРК-24 (МНВОРК) [sim 0.860] — AI-вердикт: NOT_CORRECT
2025-10-13 12:19:04 [WARNING] Аналитик функций ГО: AI отклонил связь КВПОМНВОРК-38 (КВПОМНВОРК) → МНВОРК-76 (МНВОРК) [sim 0.538] — AI-вердикт: NOT_CORRECT
2025-10-13 12:19:04 [WARNING] Аналитик функций ГО: AI отклонил связь КВПОМНВОРК-85 (КВПОМНВОРК) → МНВОРК-120 (МНВОРК) [sim 0.646] — AI-вердикт: NOT_CORRECT
2025-10-13 12:19:04 [WARNING] Аналитик функций ГО: AI отклонил связь КВПОМНВОРК-57 (КВПОМНВОРК) → МНВОРК-12 (МНВОРК) [sim 0.914] — AI-вердикт: NOT_CORRECT
2025-10-13 12:19:04 [WARNING] Аналитик функций ГО: AI отклонил связь КВПОМНВОРК-90 (КВПОМНВОРК) → МНВОРК-117 (МНВОРК) [sim 0.696] — AI-вердикт: NOT_CORRECT
2025-10-13 12:19:04 [WARNING] Аналитик функций ГО: AI отклонил связь КВПОМНВОРК-97 (КВПОМНВОРК) → МНВОРК-289 (МНВОРК) [sim 0.615] — AI-вердикт: NOT_CORRECT
2025-10-13 12:19:04 [WARNING] Аналитик функций ГО: AI отклонил связь КВПОМНВОРК-73 (КВПОМНВОРК) → МНВОРК-139 (МНВОРК) [sim 0.698] — AI-вердикт: NOT_CORRECT
2025-10-13 12:19:04 [WARNING] Аналитик функций ГО: AI отклонил связь КВПОМНВОРК-91 (КВПОМНВОРК) → МНВОРК-120 (МНВОРК) [sim 0.674] — AI-вердикт: NOT_CORRECT
2025-10-13 12:19:04 [WARNING] Аналитик функций ГО: AI отклонил связь КВГАМФРК-9 (КВГАМФРК) → МФРК-631 (МФРК) [sim 0.810] — AI-вердикт: NOT_CORRECT
2025-10-13 12:19:04 [WARNING] Аналитик функций ГО: AI отклонил связь КВПОМНВОРК-93 (КВПОМНВОРК) → МНВОРК-121 (МНВОРК) [sim 0.844] — AI-вердикт: NOT_CORRECT
2025-10-13 12:19:04 [WARNING] Аналитик функций ГО: AI отклонил связь КВПОМНВОРК-55 (КВПОМНВОРК) → МНВОРК-120 (МНВОРК) [sim 0.637] — AI-вердикт: NOT_CORRECT
2025-10-13 12:19:04 [WARNING] Аналитик функций ГО: AI отклонил связь КВПОМНВОРК-45 (КВПОМНВОРК) → МНВОРК-137 (МНВОРК) [sim 0.813] — AI-вердикт: NOT_CORRECT
2025-10-13 12:19:04 [WARNING] Аналитик функций ГО: AI отклонил связь КАТТКМТРК-5 (КАТТКМТРК) → МТРК-235 (МТРК) [sim 0.653] — AI-вердикт: NOT_CORRECT
2025-10-13 12:19:04 [WARNING] Аналитик функций ГО: AI отклонил связь КВПОМНВОРК-75 (КВПОМНВОРК) → МНВОРК-130 (МНВОРК) [sim 0.679] — AI-вердикт: NOT_CORRECT
2025-10-13 12:19:04 [WARNING] Аналитик функций ГО: AI отклонил связь КВПОМНВОРК-28 (КВПОМНВОРК) → МНВОРК-181 (МНВОРК) [sim 0.594] — AI-вердикт: NOT_CORRECT
2025-10-13 12:19:04 [WARNING] Аналитик функций ГО: AI отклонил связь КВПОМНВОРК-87 (КВПОМНВОРК) → МНВОРК-24 (МНВОРК) [sim 0.643] — AI-вердикт: NOT_CORRECT
2025-10-13 12:19:04 [WARNING] Аналитик функций ГО: AI отклонил связь КВГАМФРК-3-3 (КВГАМФРК) → МФРК-614-3 (МФРК) [sim 0.900] — AI-вердикт: NOT_CORRECT
2025-10-13 12:19:04 [WARNING] Аналитик функций ГО: AI отклонил связь КВПОМНВОРК-88 (КВПОМНВОРК) → МНВОРК-117 (МНВОРК) [sim 0.654] — AI-вердикт: NOT_CORRECT
2025-10-13 12:19:04 [WARNING] Аналитик функций ГО: AI отклонил связь КВПОМНВОРК-92 (КВПОМНВОРК) → МНВОРК-90 (МНВОРК) [sim 0.677] — AI-вердикт: NOT_CORRECT
2025-10-13 12:19:04 [WARNING] Аналитик функций ГО: AI отклонил связь КВПОМНВОРК-86 (КВПОМНВОРК) → МНВОРК-130 (МНВОРК) [sim 0.659] — AI-вердикт: NOT_CORRECT
2025-10-13 12:19:04 [WARNING] Аналитик функций ГО: AI отклонил связь КВПОМНВОРК-18 (КВПОМНВОРК) → МНВОРК-130 (МНВОРК) [sim 0.603] — AI-вердикт: NOT_CORRECT
2025-10-13 12:19:04 [WARNING] Аналитик функций ГО: AI отклонил связь КВХМВРИРК-6 (КВХМВРИРК) → МВРИРК-34 (МВРИРК) [sim 0.750] — AI-вердикт: NOT_CORRECT
2025-10-13 12:19:04 [WARNING] Аналитик функций ГО: AI отклонил связь КГАМТРК-16 (КГАМТРК) → МТРК-17 (МТРК) [sim 0.908] — AI-вердикт: NOT_CORRECT
2025-10-13 12:19:04 [WARNING] Аналитик функций ГО: AI отклонил связь КГАМТРК-30 (КГАМТРК) → МТРК-368 (МТРК) [sim 0.821] — AI-вердикт: NOT_CORRECT
2025-10-13 12:19:04 [WARNING] Аналитик функций ГО: AI отклонил связь КВПОМНВОРК-99 (КВПОМНВОРК) → МНВОРК-130 (МНВОРК) [sim 0.690] — AI-вердикт: NOT_CORRECT
2025-10-13 12:19:04 [WARNING] Аналитик функций ГО: AI отклонил связь КВПОМНВОРК-94 (КВПОМНВОРК) → МНВОРК-130 (МНВОРК) [sim 0.632] — AI-вердикт: NOT_CORRECT
2025-10-13 12:19:04 [WARNING] Аналитик функций ГО: AI отклонил связь КГАМТРК-17 (КГАМТРК) → МТРК-39 (МТРК) [sim 0.835] — AI-вердикт: NOT_CORRECT
2025-10-13 12:19:04 [WARNING] Аналитик функций ГО: AI отклонил связь КГАМТРК-39 (КГАМТРК) → МТРК-33 (МТРК) [sim 0.644] — AI-вердикт: NOT_CORRECT
2025-10-13 12:19:04 [WARNING] Аналитик функций ГО: AI отклонил связь КГАМТРК-21 (КГАМТРК) → МТРК-425 (МТРК) [sim 0.684] — AI-вердикт: NOT_CORRECT
2025-10-13 12:19:04 [WARNING] Аналитик функций ГО: AI отклонил связь КВПОМНВОРК-76 (КВПОМНВОРК) → МНВОРК-267 (МНВОРК) [sim 0.582] — AI-вердикт: NOT_CORRECT
2025-10-13 12:19:04 [WARNING] Аналитик функций ГО: AI отклонил связь КГАМТРК-23 (КГАМТРК) → МТРК-464 (МТРК) [sim 0.750] — AI-вердикт: NOT_CORRECT
2025-10-13 12:19:04 [WARNING] Аналитик функций ГО: AI отклонил связь КГАМТРК-38 (КГАМТРК) → МТРК-26 (МТРК) [sim 0.560] — AI-вердикт: NOT_CORRECT
2025-10-13 12:19:04 [WARNING] Аналитик функций ГО: AI отклонил связь КГАМТРК-34 (КГАМТРК) → МТРК-361 (МТРК) [sim 0.696] — AI-вердикт: NOT_CORRECT
2025-10-13 12:19:04 [WARNING] Аналитик функций ГО: AI отклонил связь КВПОМНВОРК-69 (КВПОМНВОРК) → МНВОРК-113 (МНВОРК) [sim 0.660] — AI-вердикт: NOT_CORRECT
2025-10-13 12:19:04 [WARNING] Аналитик функций ГО: AI отклонил связь КГАМТРК-48 (КГАМТРК) → МТРК-357 (МТРК) [sim 0.649] — AI-вердикт: NOT_CORRECT
2025-10-13 12:19:04 [WARNING] Аналитик функций ГО: AI отклонил связь КГАМТРК-14 (КГАМТРК) → МТРК-13 (МТРК) [sim 0.739] — AI-вердикт: NOT_CORRECT
2025-10-13 12:19:04 [WARNING] Аналитик функций ГО: AI отклонил связь КГАМТРК-19 (КГАМТРК) → МТРК-369 (МТРК) [sim 0.652] — AI-вердикт: NOT_CORRECT
2025-10-13 12:19:04 [WARNING] Аналитик функций ГО: AI отклонил связь КГАМТРК-12 (КГАМТРК) → МТРК-12 (МТРК) [sim 0.968] — AI-вердикт: NOT_CORRECT
2025-10-13 12:19:04 [WARNING] Аналитик функций ГО: AI отклонил связь КГАМТРК-51 (КГАМТРК) → МТРК-65 (МТРК) [sim 0.713] — AI-вердикт: NOT_CORRECT
2025-10-13 12:19:04 [WARNING] Аналитик функций ГО: AI отклонил связь КГАМТРК-26 (КГАМТРК) → МТРК-346 (МТРК) [sim 0.750] — AI-вердикт: NOT_CORRECT
2025-10-13 12:19:04 [WARNING] Аналитик функций ГО: AI отклонил связь КВПОМНВОРК-98 (КВПОМНВОРК) → МНВОРК-130 (МНВОРК) [sim 0.724] — AI-вердикт: NOT_CORRECT
2025-10-13 12:19:04 [WARNING] Аналитик функций ГО: AI отклонил связь КГАМТРК-61 (КГАМТРК) → МТРК-506 (МТРК) [sim 0.646] — AI-вердикт: NOT_CORRECT
2025-10-13 12:19:04 [WARNING] Аналитик функций ГО: AI отклонил связь КГАМТРК-42 (КГАМТРК) → МТРК-356 (МТРК) [sim 0.743] — AI-вердикт: NOT_CORRECT
2025-10-13 12:19:04 [WARNING] Аналитик функций ГО: AI отклонил связь КГАМТРК-45 (КГАМТРК) → МТРК-357 (МТРК) [sim 0.716] — AI-вердикт: NOT_CORRECT
2025-10-13 12:19:04 [WARNING] Аналитик функций ГО: AI отклонил связь КГАМТРК-46 (КГАМТРК) → МТРК-359 (МТРК) [sim 0.813] — AI-вердикт: NOT_CORRECT
2025-10-13 12:19:04 [WARNING] Аналитик функций ГО: AI отклонил связь КГАМТРК-22 (КГАМТРК) → МТРК-475 (МТРК) [sim 0.725] — AI-вердикт: NOT_CORRECT
2025-10-13 12:19:04 [WARNING] Аналитик функций ГО: AI отклонил связь КГАМТРК-40 (КГАМТРК) → МТРК-355 (МТРК) [sim 0.676] — AI-вердикт: NOT_CORRECT
2025-10-13 12:19:04 [WARNING] Аналитик функций ГО: AI отклонил связь КГАМТРК-24 (КГАМТРК) → МТРК-424 (МТРК) [sim 0.716] — AI-вердикт: NOT_CORRECT
2025-10-13 12:19:04 [WARNING] Аналитик функций ГО: AI отклонил связь КГАМТРК-47 (КГАМТРК) → МТРК-357 (МТРК) [sim 0.837] — AI-вердикт: NOT_CORRECT
2025-10-13 12:19:04 [WARNING] Аналитик функций ГО: AI отклонил связь КГАМТРК-9 (КГАМТРК) → МТРК-19 (МТРК) [sim 0.627] — AI-вердикт: NOT_CORRECT
2025-10-13 12:19:04 [WARNING] Аналитик функций ГО: AI отклонил связь КГАМТРК-55 (КГАМТРК) → МТРК-357 (МТРК) [sim 0.672] — AI-вердикт: NOT_CORRECT
2025-10-13 12:19:04 [WARNING] Аналитик функций ГО: AI отклонил связь КГАМТРК-59 (КГАМТРК) → МТРК-506 (МТРК) [sim 0.617] — AI-вердикт: NOT_CORRECT
2025-10-13 12:19:04 [WARNING] Аналитик функций ГО: AI отклонил связь КГАМТРК-41 (КГАМТРК) → МТРК-356 (МТРК) [sim 0.638] — AI-вердикт: NOT_CORRECT
2025-10-13 12:19:04 [WARNING] Аналитик функций ГО: AI отклонил связь КГАМТРК-31 (КГАМТРК) → МТРК-464 (МТРК) [sim 0.824] — AI-вердикт: NOT_CORRECT
2025-10-13 12:19:04 [WARNING] Аналитик функций ГО: AI отклонил связь КГАМТРК-62 (КГАМТРК) → МТРК-33 (МТРК) [sim 0.588] — AI-вердикт: NOT_CORRECT
2025-10-13 12:19:04 [WARNING] Аналитик функций ГО: AI отклонил связь КГАМТРК-44 (КГАМТРК) → МТРК-356 (МТРК) [sim 0.717] — AI-вердикт: NOT_CORRECT
2025-10-13 12:19:04 [WARNING] Аналитик функций ГО: AI отклонил связь КГАМТРК-60 (КГАМТРК) → МТРК-506 (МТРК) [sim 0.738] — AI-вердикт: NOT_CORRECT
2025-10-13 12:19:04 [WARNING] Аналитик функций ГО: AI отклонил связь КГДМФРК-109 (КГДМФРК) → МФРК-171 (МФРК) [sim 0.713] — AI-вердикт: NOT_CORRECT
2025-10-13 12:19:04 [WARNING] Аналитик функций ГО: AI отклонил связь КГАМТРК-58 (КГАМТРК) → МТРК-506 (МТРК) [sim 0.638] — AI-вердикт: NOT_CORRECT
2025-10-13 12:19:04 [WARNING] Аналитик функций ГО: AI отклонил связь КГАМТРК-20 (КГАМТРК) → МТРК-457 (МТРК) [sim 0.771] — AI-вердикт: NOT_CORRECT
2025-10-13 12:19:04 [WARNING] Аналитик функций ГО: AI отклонил связь КГАМТРК-76-1 (КГАМТРК) → МТРК-464 (МТРК) [sim 0.735] — AI-вердикт: NOT_CORRECT
2025-10-13 12:19:04 [WARNING] Аналитик функций ГО: AI отклонил связь КГАМТРК-66 (КГАМТРК) → МТРК-464 (МТРК) [sim 0.636] — AI-вердикт: NOT_CORRECT
2025-10-13 12:19:04 [WARNING] Аналитик функций ГО: AI отклонил связь КГАМТРК-49 (КГАМТРК) → МТРК-363 (МТРК) [sim 0.725] — AI-вердикт: NOT_CORRECT
2025-10-13 12:19:04 [WARNING] Аналитик функций ГО: AI отклонил связь КГАМТРК-43 (КГАМТРК) → МТРК-363 (МТРК) [sim 0.746] — AI-вердикт: NOT_CORRECT
2025-10-13 12:19:04 [WARNING] Аналитик функций ГО: AI отклонил связь КГАМТРК-57 (КГАМТРК) → МТРК-67 (МТРК) [sim 0.642] — AI-вердикт: NOT_CORRECT
2025-10-13 12:19:04 [WARNING] Аналитик функций ГО: AI отклонил связь КГАМТРК-50 (КГАМТРК) → МТРК-59 (МТРК) [sim 0.715] — AI-вердикт: NOT_CORRECT
2025-10-13 12:19:04 [WARNING] Аналитик функций ГО: AI отклонил связь КГАМТРК-52 (КГАМТРК) → МТРК-356 (МТРК) [sim 0.617] — AI-вердикт: NOT_CORRECT
2025-10-13 12:19:04 [WARNING] Аналитик функций ГО: AI отклонил связь КГАМТРК-29 (КГАМТРК) → МТРК-466 (МТРК) [sim 0.668] — AI-вердикт: NOT_CORRECT
2025-10-13 12:19:04 [WARNING] Аналитик функций ГО: AI отклонил связь КГДМФРК-171 (КГДМФРК) → МФРК-318 (МФРК) [sim 0.972] — AI-вердикт: NOT_CORRECT
2025-10-13 12:19:04 [WARNING] Аналитик функций ГО: AI отклонил связь КГАМТРК-1 (КГАМТРК) → МТРК-2 (МТРК) [sim 0.618] — AI-вердикт: NOT_CORRECT
2025-10-13 12:19:04 [WARNING] Аналитик функций ГО: AI отклонил связь КГАМТРК-63 (КГАМТРК) → МТРК-24 (МТРК) [sim 0.608] — AI-вердикт: NOT_CORRECT
2025-10-13 12:19:04 [WARNING] Аналитик функций ГО: AI отклонил связь КГАМТРК-67 (КГАМТРК) → МТРК-464 (МТРК) [sim 0.648] — AI-вердикт: NOT_CORRECT
2025-10-13 12:19:04 [WARNING] Аналитик функций ГО: AI отклонил связь КГДМФРК-102 (КГДМФРК) → МФРК-286 (МФРК) [sim 0.740] — AI-вердикт: NOT_CORRECT
2025-10-13 12:19:04 [WARNING] Аналитик функций ГО: AI отклонил связь КВГАМФРК-3-2 (КВГАМФРК) → МФРК-614-2 (МФРК) [sim 0.979] — AI-вердикт: NOT_CORRECT
2025-10-13 12:19:04 [WARNING] Аналитик функций ГО: AI отклонил связь КГДМФРК-129 (КГДМФРК) → МФРК-228 (МФРК) [sim 0.919] — AI-вердикт: NOT_CORRECT
2025-10-13 12:19:04 [WARNING] Аналитик функций ГО: AI отклонил связь КГАМТРК-32 (КГАМТРК) → МТРК-361 (МТРК) [sim 0.676] — AI-вердикт: NOT_CORRECT
2025-10-13 12:19:04 [WARNING] Аналитик функций ГО: AI отклонил связь КГАМТРК-76 (КГАМТРК) → МТРК-464 (МТРК) [sim 0.735] — AI-вердикт: NOT_CORRECT
2025-10-13 12:19:04 [WARNING] Аналитик функций ГО: AI отклонил связь КГДМФРК-196 (КГДМФРК) → МФРК-330 (МФРК) [sim 0.832] — AI-вердикт: NOT_CORRECT
2025-10-13 12:19:04 [WARNING] Аналитик функций ГО: AI отклонил связь КГДМФРК-15 (КГДМФРК) → МФРК-355 (МФРК) [sim 0.960] — AI-вердикт: NOT_CORRECT
2025-10-13 12:19:04 [WARNING] Аналитик функций ГО: AI отклонил связь КГДМФРК-226 (КГДМФРК) → МФРК-526 (МФРК) [sim 0.637] — AI-вердикт: NOT_CORRECT
2025-10-13 12:19:04 [WARNING] Аналитик функций ГО: AI отклонил связь КГДМФРК-224 (КГДМФРК) → МФРК-418 (МФРК) [sim 0.598] — AI-вердикт: NOT_CORRECT
2025-10-13 12:19:04 [WARNING] Аналитик функций ГО: AI отклонил связь КГДМФРК-230 (КГДМФРК) → МФРК-543 (МФРК) [sim 0.762] — AI-вердикт: NOT_CORRECT
2025-10-13 12:19:04 [WARNING] Аналитик функций ГО: AI отклонил связь КГДМФРК-25 (КГДМФРК) → МФРК-354 (МФРК) [sim 0.989] — AI-вердикт: NOT_CORRECT
2025-10-13 12:19:04 [WARNING] Аналитик функций ГО: AI отклонил связь КГДМФРК-295 (КГДМФРК) → МФРК-559 (МФРК) [sim 0.681] — AI-вердикт: NOT_CORRECT
2025-10-13 12:19:04 [WARNING] Аналитик функций ГО: AI отклонил связь КГДМФРК-283 (КГДМФРК) → МФРК-156 (МФРК) [sim 0.614] — AI-вердикт: NOT_CORRECT
2025-10-13 12:19:04 [WARNING] Аналитик функций ГО: AI отклонил связь КГДМФРК-291 (КГДМФРК) → МФРК-1023 (МФРК) [sim 0.610] — AI-вердикт: NOT_CORRECT
2025-10-13 12:19:04 [WARNING] Аналитик функций ГО: AI отклонил связь КГДМФРК-304 (КГДМФРК) → МФРК-238 (МФРК) [sim 0.833] — AI-вердикт: NOT_CORRECT
2025-10-13 12:19:04 [WARNING] Аналитик функций ГО: AI отклонил связь КГДМФРК-285 (КГДМФРК) → МФРК-788 (МФРК) [sim 0.682] — AI-вердикт: NOT_CORRECT
2025-10-13 12:19:04 [WARNING] Аналитик функций ГО: AI отклонил связь КГДМФРК-231 (КГДМФРК) → МФРК-543 (МФРК) [sim 0.756] — AI-вердикт: NOT_CORRECT
2025-10-13 12:19:04 [WARNING] Аналитик функций ГО: AI отклонил связь КГДМФРК-296 (КГДМФРК) → МФРК-156 (МФРК) [sim 0.845] — AI-вердикт: NOT_CORRECT
2025-10-13 12:19:04 [WARNING] Аналитик функций ГО: AI отклонил связь КГДМФРК-284 (КГДМФРК) → МФРК-156 (МФРК) [sim 0.829] — AI-вердикт: NOT_CORRECT
2025-10-13 12:19:04 [WARNING] Аналитик функций ГО: AI отклонил связь КГДМФРК-297 (КГДМФРК) → МФРК-594 (МФРК) [sim 0.801] — AI-вердикт: NOT_CORRECT
2025-10-13 12:19:04 [WARNING] Аналитик функций ГО: AI отклонил связь КГДМФРК-287 (КГДМФРК) → МФРК-633-1 (МФРК) [sim 0.587] — AI-вердикт: NOT_CORRECT
2025-10-13 12:19:04 [WARNING] Аналитик функций ГО: AI отклонил связь КГДМФРК-19 (КГДМФРК) → МФРК-254 (МФРК) [sim 0.548] — AI-вердикт: NOT_CORRECT
2025-10-13 12:19:04 [WARNING] Аналитик функций ГО: AI отклонил связь КГДМФРК-293 (КГДМФРК) → МФРК-587 (МФРК) [sim 0.679] — AI-вердикт: NOT_CORRECT
2025-10-13 12:19:04 [WARNING] Аналитик функций ГО: AI отклонил связь КГДМФРК-292 (КГДМФРК) → МФРК-587 (МФРК) [sim 0.713] — AI-вердикт: NOT_CORRECT
2025-10-13 12:19:04 [WARNING] Аналитик функций ГО: AI отклонил связь КГДМФРК-354 (КГДМФРК) → МФРК-679 (МФРК) [sim 0.848] — AI-вердикт: NOT_CORRECT
2025-10-13 12:19:04 [WARNING] Аналитик функций ГО: AI отклонил связь КГДМФРК-335 (КГДМФРК) → МФРК-671 (МФРК) [sim 0.797] — AI-вердикт: NOT_CORRECT
2025-10-13 12:19:04 [WARNING] Аналитик функций ГО: AI отклонил связь КГДМФРК-347 (КГДМФРК) → МФРК-121 (МФРК) [sim 0.936] — AI-вердикт: NOT_CORRECT
2025-10-13 12:19:04 [WARNING] Аналитик функций ГО: AI отклонил связь КГДМФРК-385-5 (КГДМФРК) → МФРК-696-5 (МФРК) [sim 0.974] — AI-вердикт: NOT_CORRECT
2025-10-13 12:19:04 [WARNING] Аналитик функций ГО: AI отклонил связь КГДМФРК-385-8 (КГДМФРК) → МФРК-696-5 (МФРК) [sim 0.899] — AI-вердикт: NOT_CORRECT
2025-10-13 12:19:04 [WARNING] Аналитик функций ГО: AI отклонил связь КГДМФРК-385-7 (КГДМФРК) → МФРК-696-3 (МФРК) [sim 0.935] — AI-вердикт: NOT_CORRECT
2025-10-13 12:19:04 [WARNING] Аналитик функций ГО: AI отклонил связь КГДМФРК-385-10 (КГДМФРК) → МФРК-696-3 (МФРК) [sim 0.897] — AI-вердикт: NOT_CORRECT
2025-10-13 12:19:04 [WARNING] Аналитик функций ГО: AI отклонил связь КГДМФРК-407 (КГДМФРК) → МФРК-385 (МФРК) [sim 0.888] — AI-вердикт: NOT_CORRECT
2025-10-13 12:19:04 [WARNING] Аналитик функций ГО: AI отклонил связь КГДМФРК-294 (КГДМФРК) → МФРК-788 (МФРК) [sim 0.680] — AI-вердикт: NOT_CORRECT
2025-10-13 12:19:04 [WARNING] Аналитик функций ГО: AI отклонил связь КГДМФРК-409 (КГДМФРК) → МФРК-696-5 (МФРК) [sim 0.658] — AI-вердикт: NOT_CORRECT
2025-10-13 12:19:04 [WARNING] Аналитик функций ГО: AI отклонил связь КГДМФРК-288 (КГДМФРК) → МФРК-102 (МФРК) [sim 0.548] — AI-вердикт: NOT_CORRECT
2025-10-13 12:19:04 [WARNING] Аналитик функций ГО: AI отклонил связь КГДМФРК-365 (КГДМФРК) → МФРК-111 (МФРК) [sim 0.704] — AI-вердикт: NOT_CORRECT
2025-10-13 12:19:04 [WARNING] Аналитик функций ГО: AI отклонил связь КГДМФРК-388 (КГДМФРК) → МФРК-122 (МФРК) [sim 0.889] — AI-вердикт: NOT_CORRECT
2025-10-13 12:19:04 [WARNING] Аналитик функций ГО: AI отклонил связь КГДМФРК-225 (КГДМФРК) → МФРК-331 (МФРК) [sim 0.667] — AI-вердикт: NOT_CORRECT
2025-10-13 12:19:04 [WARNING] Аналитик функций ГО: AI отклонил связь КГДМФРК-429 (КГДМФРК) → МФРК-880 (МФРК) [sim 0.984] — AI-вердикт: NOT_CORRECT
2025-10-13 12:19:04 [WARNING] Аналитик функций ГО: AI отклонил связь КГДМФРК-385-9 (КГДМФРК) → МФРК-696-3 (МФРК) [sim 0.939] — AI-вердикт: NOT_CORRECT
2025-10-13 12:19:04 [WARNING] Аналитик функций ГО: AI отклонил связь КГДМФРК-401 (КГДМФРК) → МФРК-725 (МФРК) [sim 0.689] — AI-вердикт: NOT_CORRECT
2025-10-13 12:19:04 [WARNING] Аналитик функций ГО: AI отклонил связь КГДМФРК-402 (КГДМФРК) → МФРК-823 (МФРК) [sim 0.834] — AI-вердикт: NOT_CORRECT
2025-10-13 12:19:04 [WARNING] Аналитик функций ГО: AI отклонил связь КГДМФРК-428 (КГДМФРК) → МФРК-879 (МФРК) [sim 0.947] — AI-вердикт: NOT_CORRECT
2025-10-13 12:19:04 [WARNING] Аналитик функций ГО: AI отклонил связь КГДМФРК-54 (КГДМФРК) → МФРК-360 (МФРК) [sim 0.970] — AI-вердикт: NOT_CORRECT
2025-10-13 12:19:04 [WARNING] Аналитик функций ГО: AI отклонил связь КГДМФРК-50 (КГДМФРК) → МФРК-570 (МФРК) [sim 0.657] — AI-вердикт: NOT_CORRECT
2025-10-13 12:19:04 [WARNING] Аналитик функций ГО: AI отклонил связь КГДМФРК-338 (КГДМФРК) → МФРК-678 (МФРК) [sim 0.940] — AI-вердикт: NOT_CORRECT
2025-10-13 12:19:04 [WARNING] Аналитик функций ГО: AI отклонил связь КГДМФРК-52 (КГДМФРК) → МФРК-216 (МФРК) [sim 0.688] — AI-вердикт: NOT_CORRECT
2025-10-13 12:19:04 [WARNING] Аналитик функций ГО: AI отклонил связь КГДМФРК-406 (КГДМФРК) → МФРК-779 (МФРК) [sim 0.840] — AI-вердикт: NOT_CORRECT
2025-10-13 12:19:04 [WARNING] Аналитик функций ГО: AI отклонил связь КГДМФРК-385-1 (КГДМФРК) → МФРК-696-1 (МФРК) [sim 0.974] — AI-вердикт: NOT_CORRECT
2025-10-13 12:19:04 [WARNING] Аналитик функций ГО: AI отклонил связь КГДМФРК-87 (КГДМФРК) → МФРК-571 (МФРК) [sim 0.794] — AI-вердикт: NOT_CORRECT
2025-10-13 12:19:04 [WARNING] Аналитик функций ГО: AI отклонил связь КГДМФРК-405 (КГДМФРК) → МФРК-556 (МФРК) [sim 0.842] — AI-вердикт: NOT_CORRECT
2025-10-13 12:19:04 [WARNING] Аналитик функций ГО: AI отклонил связь КГДМФРК-57 (КГДМФРК) → МФРК-348 (МФРК) [sim 0.989] — AI-вердикт: NOT_CORRECT
2025-10-13 12:19:04 [WARNING] Аналитик функций ГО: AI отклонил связь КГДМФРК-91 (КГДМФРК) → МФРК-549 (МФРК) [sim 0.855] — AI-вердикт: NOT_CORRECT
2025-10-13 12:19:04 [WARNING] Аналитик функций ГО: AI отклонил связь КГДМФРК-63 (КГДМФРК) → МФРК-339 (МФРК) [sim 0.992] — AI-вердикт: NOT_CORRECT
2025-10-13 12:19:04 [WARNING] Аналитик функций ГО: AI отклонил связь КГДМФРК-67 (КГДМФРК) → МФРК-340 (МФРК) [sim 0.750] — AI-вердикт: NOT_CORRECT
2025-10-13 12:19:04 [WARNING] Аналитик функций ГО: AI отклонил связь КГИАКМСХРК-65 (КГИАКМСХРК) → МСХРК-2-1 (МСХРК) [sim 0.951] — AI-вердикт: NOT_CORRECT
2025-10-13 12:19:04 [WARNING] Аналитик функций ГО: AI отклонил связь КГИАКМСХРК-93 (КГИАКМСХРК) → МСХРК-691-1 (МСХРК) [sim 0.941] — AI-вердикт: NOT_CORRECT
2025-10-13 12:19:04 [WARNING] Аналитик функций ГО: AI отклонил связь КГДМФРК-97 (КГДМФРК) → МФРК-276 (МФРК) [sim 0.596] — AI-вердикт: NOT_CORRECT
2025-10-13 12:19:04 [WARNING] Аналитик функций ГО: AI отклонил связь КГИПМФРК-32 (КГИПМФРК) → МФРК-721 (МФРК) [sim 0.944] — AI-вердикт: NOT_CORRECT
2025-10-13 12:19:04 [WARNING] Аналитик функций ГО: AI отклонил связь КГИПМФРК-31 (КГИПМФРК) → МФРК-960 (МФРК) [sim 0.724] — AI-вердикт: NOT_CORRECT
2025-10-13 12:19:04 [WARNING] Аналитик функций ГО: AI отклонил связь КГИПМФРК-24 (КГИПМФРК) → МФРК-441 (МФРК) [sim 0.588] — AI-вердикт: NOT_CORRECT
2025-10-13 12:19:04 [WARNING] Аналитик функций ГО: AI отклонил связь КГИТМТСЗНРК-21 (КГИТМТСЗНРК) → МТСЗНРК-67 (МТСЗНРК) [sim 0.610] — AI-вердикт: NOT_CORRECT
2025-10-13 12:19:04 [WARNING] Аналитик функций ГО: AI отклонил связь КГИТМТСЗНРК-18 (КГИТМТСЗНРК) → МТСЗНРК-75 (МТСЗНРК) [sim 0.575] — AI-вердикт: NOT_CORRECT
2025-10-13 12:19:04 [WARNING] Аналитик функций ГО: AI отклонил связь КГИТМТСЗНРК-13 (КГИТМТСЗНРК) → МТСЗНРК-14 (МТСЗНРК) [sim 0.790] — AI-вердикт: NOT_CORRECT
2025-10-13 12:19:04 [WARNING] Аналитик функций ГО: AI отклонил связь КГМПСРК-10 (КГМПСРК) → МПСРК-22 (МПСРК) [sim 0.627] — AI-вердикт: NOT_CORRECT
2025-10-13 12:19:04 [WARNING] Аналитик функций ГО: AI отклонил связь КГМПСРК-17 (КГМПСРК) → МПСРК-201 (МПСРК) [sim 0.635] — AI-вердикт: NOT_CORRECT
2025-10-13 12:19:04 [WARNING] Аналитик функций ГО: AI отклонил связь КГИТМТСЗНРК-7 (КГИТМТСЗНРК) → МТСЗНРК-63 (МТСЗНРК) [sim 0.784] — AI-вердикт: NOT_CORRECT
2025-10-13 12:19:04 [WARNING] Аналитик функций ГО: AI отклонил связь КГИПМФРК-30 (КГИПМФРК) → МФРК-720 (МФРК) [sim 0.868] — AI-вердикт: NOT_CORRECT
2025-10-13 12:19:04 [WARNING] Аналитик функций ГО: AI отклонил связь КГИТМТСЗНРК-1 (КГИТМТСЗНРК) → МТСЗНРК-285 (МТСЗНРК) [sim 0.574] — AI-вердикт: NOT_CORRECT
2025-10-13 12:19:04 [WARNING] Аналитик функций ГО: AI отклонил связь КГМПСРК-33 (КГМПСРК) → МПСРК-335 (МПСРК) [sim 0.809] — AI-вердикт: NOT_CORRECT
2025-10-13 12:19:04 [WARNING] Аналитик функций ГО: AI отклонил связь КГИТМТСЗНРК-2 (КГИТМТСЗНРК) → МТСЗНРК-8 (МТСЗНРК) [sim 0.825] — AI-вердикт: NOT_CORRECT
2025-10-13 12:19:04 [WARNING] Аналитик функций ГО: AI отклонил связь КГМПСРК-18 (КГМПСРК) → МПСРК-44 (МПСРК) [sim 0.973] — AI-вердикт: NOT_CORRECT
2025-10-13 12:19:04 [WARNING] Аналитик функций ГО: AI отклонил связь КГИТМТСЗНРК-17 (КГИТМТСЗНРК) → МТСЗНРК-13 (МТСЗНРК) [sim 0.654] — AI-вердикт: NOT_CORRECT
2025-10-13 12:19:04 [WARNING] Аналитик функций ГО: AI отклонил связь КГМПСРК-20 (КГМПСРК) → МПСРК-42 (МПСРК) [sim 0.835] — AI-вердикт: NOT_CORRECT
2025-10-13 12:19:04 [WARNING] Аналитик функций ГО: AI отклонил связь КГМПСРК-19 (КГМПСРК) → МПСРК-10 (МПСРК) [sim 0.908] — AI-вердикт: NOT_CORRECT
2025-10-13 12:19:04 [WARNING] Аналитик функций ГО: AI отклонил связь КГМПСРК-34 (КГМПСРК) → МПСРК-332 (МПСРК) [sim 0.768] — AI-вердикт: NOT_CORRECT
2025-10-13 12:19:04 [WARNING] Аналитик функций ГО: AI отклонил связь КГМПСРК-35 (КГМПСРК) → МПСРК-345 (МПСРК) [sim 0.884] — AI-вердикт: NOT_CORRECT
2025-10-13 12:19:04 [WARNING] Аналитик функций ГО: AI отклонил связь КГИТМТСЗНРК-4 (КГИТМТСЗНРК) → МТСЗНРК-15 (МТСЗНРК) [sim 0.889] — AI-вердикт: NOT_CORRECT
2025-10-13 12:19:04 [WARNING] Аналитик функций ГО: AI отклонил связь КГИТМТСЗНРК-3 (КГИТМТСЗНРК) → МТСЗНРК-111 (МТСЗНРК) [sim 0.588] — AI-вердикт: NOT_CORRECT
2025-10-13 12:19:04 [WARNING] Аналитик функций ГО: AI отклонил связь КГИТМТСЗНРК-16 (КГИТМТСЗНРК) → МТСЗНРК-85 (МТСЗНРК) [sim 0.567] — AI-вердикт: NOT_CORRECT
2025-10-13 12:19:04 [WARNING] Аналитик функций ГО: AI отклонил связь КГИТМТСЗНРК-23 (КГИТМТСЗНРК) → МТСЗНРК-324 (МТСЗНРК) [sim 0.897] — AI-вердикт: NOT_CORRECT
2025-10-13 12:19:04 [WARNING] Аналитик функций ГО: AI отклонил связь КГМПСРК-37 (КГМПСРК) → МПСРК-330 (МПСРК) [sim 0.892] — AI-вердикт: NOT_CORRECT
2025-10-13 12:19:04 [WARNING] Аналитик функций ГО: AI отклонил связь КГИПМФРК-3 (КГИПМФРК) → МФРК-723 (МФРК) [sim 0.887] — AI-вердикт: NOT_CORRECT
2025-10-13 12:19:04 [WARNING] Аналитик функций ГО: AI отклонил связь КГИТМТСЗНРК-12 (КГИТМТСЗНРК) → МТСЗНРК-253 (МТСЗНРК) [sim 0.593] — AI-вердикт: NOT_CORRECT
2025-10-13 12:19:04 [WARNING] Аналитик функций ГО: AI отклонил связь КГИПМФРК-64 (КГИПМФРК) → МФРК-771 (МФРК) [sim 0.923] — AI-вердикт: NOT_CORRECT
2025-10-13 12:19:04 [WARNING] Аналитик функций ГО: AI отклонил связь КГМПСРК-14 (КГМПСРК) → МПСРК-6 (МПСРК) [sim 0.968] — AI-вердикт: NOT_CORRECT
2025-10-13 12:19:04 [WARNING] Аналитик функций ГО: AI отклонил связь КГМПСРК-49 (КГМПСРК) → МПСРК-350 (МПСРК) [sim 0.844] — AI-вердикт: NOT_CORRECT
2025-10-13 12:19:04 [WARNING] Аналитик функций ГО: AI отклонил связь КГИТМТСЗНРК-5 (КГИТМТСЗНРК) → МТСЗНРК-13 (МТСЗНРК) [sim 0.695] — AI-вердикт: NOT_CORRECT
2025-10-13 12:19:04 [WARNING] Аналитик функций ГО: AI отклонил связь КГМПСРК-13 (КГМПСРК) → МПСРК-27 (МПСРК) [sim 0.695] — AI-вердикт: NOT_CORRECT
2025-10-13 12:19:04 [WARNING] Аналитик функций ГО: AI отклонил связь КГМПСРК-78 (КГМПСРК) → МПСРК-589 (МПСРК) [sim 0.981] — AI-вердикт: NOT_CORRECT
2025-10-13 12:19:04 [WARNING] Аналитик функций ГО: AI отклонил связь КГМПСРК-45 (КГМПСРК) → МПСРК-352 (МПСРК) [sim 0.966] — AI-вердикт: NOT_CORRECT
2025-10-13 12:19:04 [WARNING] Аналитик функций ГО: AI отклонил связь КГИПМФРК-62 (КГИПМФРК) → МФРК-780 (МФРК) [sim 0.813] — AI-вердикт: NOT_CORRECT
2025-10-13 12:19:04 [WARNING] Аналитик функций ГО: AI отклонил связь КГОВЧМЧСРК-11 (КГОВЧМЧСРК) → МЧСРК-63 (МЧСРК) [sim 0.919] — AI-вердикт: NOT_CORRECT
2025-10-13 12:19:04 [WARNING] Аналитик функций ГО: AI отклонил связь КГМПСРК-63 (КГМПСРК) → МПСРК-203 (МПСРК) [sim 0.739] — AI-вердикт: NOT_CORRECT
2025-10-13 12:19:04 [WARNING] Аналитик функций ГО: AI отклонил связь КГМПСРК-1 (КГМПСРК) → МПСРК-2 (МПСРК) [sim 0.601] — AI-вердикт: NOT_CORRECT
2025-10-13 12:19:04 [WARNING] Аналитик функций ГО: AI отклонил связь КГОВЧМЧСРК-20 (КГОВЧМЧСРК) → МЧСРК-23 (МЧСРК) [sim 0.916] — AI-вердикт: NOT_CORRECT
2025-10-13 12:19:04 [WARNING] Аналитик функций ГО: AI отклонил связь КГОВЧМЧСРК-12 (КГОВЧМЧСРК) → МЧСРК-64 (МЧСРК) [sim 0.953] — AI-вердикт: NOT_CORRECT
2025-10-13 12:19:04 [WARNING] Аналитик функций ГО: AI отклонил связь КГИТМТСЗНРК-9 (КГИТМТСЗНРК) → МТСЗНРК-13 (МТСЗНРК) [sim 0.628] — AI-вердикт: NOT_CORRECT
2025-10-13 12:19:04 [WARNING] Аналитик функций ГО: AI отклонил связь КГМПСРК-8 (КГМПСРК) → МПСРК-331 (МПСРК) [sim 0.846] — AI-вердикт: NOT_CORRECT
2025-10-13 12:19:04 [WARNING] Аналитик функций ГО: AI отклонил связь КГМРМЧСРК-3 (КГМРМЧСРК) → МЧСРК-15 (МЧСРК) [sim 0.609] — AI-вердикт: NOT_CORRECT
2025-10-13 12:19:04 [WARNING] Аналитик функций ГО: AI отклонил связь КГОВЧМЧСРК-16 (КГОВЧМЧСРК) → МЧСРК-37 (МЧСРК) [sim 0.951] — AI-вердикт: NOT_CORRECT
2025-10-13 12:19:04 [WARNING] Аналитик функций ГО: AI отклонил связь КГИТМТСЗНРК-20 (КГИТМТСЗНРК) → МТСЗНРК-247 (МТСЗНРК) [sim 0.680] — AI-вердикт: NOT_CORRECT
2025-10-13 12:19:04 [WARNING] Аналитик функций ГО: AI отклонил связь КГОВЧМЧСРК-33 (КГОВЧМЧСРК) → МЧСРК-22 (МЧСРК) [sim 0.738] — AI-вердикт: NOT_CORRECT
2025-10-13 12:19:04 [WARNING] Аналитик функций ГО: AI отклонил связь КГОВЧМЧСРК-14 (КГОВЧМЧСРК) → МЧСРК-89 (МЧСРК) [sim 0.955] — AI-вердикт: NOT_CORRECT
2025-10-13 12:19:04 [WARNING] Аналитик функций ГО: AI отклонил связь КГИПМФРК-75 (КГИПМФРК) → МФРК-8 (МФРК) [sim 0.939] — AI-вердикт: NOT_CORRECT
2025-10-13 12:19:04 [WARNING] Аналитик функций ГО: AI отклонил связь КГОВЧМЧСРК-17 (КГОВЧМЧСРК) → МЧСРК-38 (МЧСРК) [sim 0.979] — AI-вердикт: NOT_CORRECT
2025-10-13 12:19:04 [WARNING] Аналитик функций ГО: AI отклонил связь КГОВЧМЧСРК-27 (КГОВЧМЧСРК) → МЧСРК-71 (МЧСРК) [sim 0.639] — AI-вердикт: NOT_CORRECT
2025-10-13 12:19:04 [WARNING] Аналитик функций ГО: AI отклонил связь КГОВЧМЧСРК-43 (КГОВЧМЧСРК) → МЧСРК-71 (МЧСРК) [sim 0.785] — AI-вердикт: NOT_CORRECT
2025-10-13 12:19:04 [WARNING] Аналитик функций ГО: AI отклонил связь КГОВЧМЧСРК-39 (КГОВЧМЧСРК) → МЧСРК-275 (МЧСРК) [sim 0.560] — AI-вердикт: NOT_CORRECT
2025-10-13 12:19:04 [WARNING] Аналитик функций ГО: AI отклонил связь КГОВЧМЧСРК-34 (КГОВЧМЧСРК) → МЧСРК-46 (МЧСРК) [sim 0.768] — AI-вердикт: NOT_CORRECT
2025-10-13 12:19:04 [WARNING] Аналитик функций ГО: AI отклонил связь КГОВЧМЧСРК-38 (КГОВЧМЧСРК) → МЧСРК-79 (МЧСРК) [sim 0.701] — AI-вердикт: NOT_CORRECT
2025-10-13 12:19:04 [WARNING] Аналитик функций ГО: AI отклонил связь КГОВЧМЧСРК-49 (КГОВЧМЧСРК) → МЧСРК-71 (МЧСРК) [sim 0.758] — AI-вердикт: NOT_CORRECT
2025-10-13 12:19:04 [WARNING] Аналитик функций ГО: AI отклонил связь КГМРМЧСРК-4 (КГМРМЧСРК) → МЧСРК-310 (МЧСРК) [sim 0.629] — AI-вердикт: NOT_CORRECT
2025-10-13 12:19:04 [WARNING] Аналитик функций ГО: AI отклонил связь КГИТМТСЗНРК-19 (КГИТМТСЗНРК) → МТСЗНРК-8 (МТСЗНРК) [sim 0.690] — AI-вердикт: NOT_CORRECT
2025-10-13 12:19:04 [WARNING] Аналитик функций ГО: AI отклонил связь КГОВЧМЧСРК-10 (КГОВЧМЧСРК) → МЧСРК-22 (МЧСРК) [sim 0.886] — AI-вердикт: NOT_CORRECT
2025-10-13 12:19:04 [WARNING] Аналитик функций ГО: AI отклонил связь КГОВЧМЧСРК-45 (КГОВЧМЧСРК) → МЧСРК-85 (МЧСРК) [sim 0.727] — AI-вердикт: NOT_CORRECT
2025-10-13 12:19:04 [WARNING] Аналитик функций ГО: AI отклонил связь КГОВЧМЧСРК-52 (КГОВЧМЧСРК) → МЧСРК-70 (МЧСРК) [sim 0.635] — AI-вердикт: NOT_CORRECT
2025-10-13 12:19:04 [WARNING] Аналитик функций ГО: AI отклонил связь КГОВЧМЧСРК-29 (КГОВЧМЧСРК) → МЧСРК-57 (МЧСРК) [sim 0.696] — AI-вердикт: NOT_CORRECT
2025-10-13 12:19:04 [WARNING] Аналитик функций ГО: AI отклонил связь КГОВЧМЧСРК-13 (КГОВЧМЧСРК) → МЧСРК-67 (МЧСРК) [sim 0.872] — AI-вердикт: NOT_CORRECT
2025-10-13 12:19:04 [WARNING] Аналитик функций ГО: AI отклонил связь КГОВЧМЧСРК-51 (КГОВЧМЧСРК) → МЧСРК-69 (МЧСРК) [sim 0.750] — AI-вердикт: NOT_CORRECT
2025-10-13 12:19:04 [WARNING] Аналитик функций ГО: AI отклонил связь КГОВЧМЧСРК-25 (КГОВЧМЧСРК) → МЧСРК-258 (МЧСРК) [sim 0.896] — AI-вердикт: NOT_CORRECT
2025-10-13 12:19:04 [WARNING] Аналитик функций ГО: AI отклонил связь КГОВЧМЧСРК-35 (КГОВЧМЧСРК) → МЧСРК-71 (МЧСРК) [sim 0.681] — AI-вердикт: NOT_CORRECT
2025-10-13 12:19:04 [WARNING] Аналитик функций ГО: AI отклонил связь КГОВЧМЧСРК-30 (КГОВЧМЧСРК) → МЧСРК-76 (МЧСРК) [sim 0.621] — AI-вердикт: NOT_CORRECT
2025-10-13 12:19:04 [WARNING] Аналитик функций ГО: AI отклонил связь КГОВЧМЧСРК-7 (КГОВЧМЧСРК) → МЧСРК-35 (МЧСРК) [sim 0.957] — AI-вердикт: NOT_CORRECT
2025-10-13 12:19:04 [WARNING] Аналитик функций ГО: AI отклонил связь КГОЗМПСРК-12 (КГОЗМПСРК) → МПСРК-555 (МПСРК) [sim 0.714] — AI-вердикт: NOT_CORRECT
2025-10-13 12:19:04 [WARNING] Аналитик функций ГО: AI отклонил связь КГОВЧМЧСРК-24 (КГОВЧМЧСРК) → МЧСРК-17 (МЧСРК) [sim 0.869] — AI-вердикт: NOT_CORRECT
2025-10-13 12:19:04 [WARNING] Аналитик функций ГО: AI отклонил связь КГОВЧМЧСРК-28 (КГОВЧМЧСРК) → МЧСРК-256 (МЧСРК) [sim 0.791] — AI-вердикт: NOT_CORRECT
2025-10-13 12:19:04 [WARNING] Аналитик функций ГО: AI отклонил связь КГОВЧМЧСРК-8 (КГОВЧМЧСРК) → МЧСРК-57 (МЧСРК) [sim 0.968] — AI-вердикт: NOT_CORRECT
2025-10-13 12:19:04 [WARNING] Аналитик функций ГО: AI отклонил связь КГОЗМПСРК-6 (КГОЗМПСРК) → МПСРК-536 (МПСРК) [sim 0.788] — AI-вердикт: NOT_CORRECT
2025-10-13 12:19:04 [WARNING] Аналитик функций ГО: AI отклонил связь КГОВЧМЧСРК-26 (КГОВЧМЧСРК) → МЧСРК-16 (МЧСРК) [sim 0.618] — AI-вердикт: NOT_CORRECT
2025-10-13 12:19:04 [WARNING] Аналитик функций ГО: AI отклонил связь КГМРМЧСРК-24 (КГМРМЧСРК) → МЧСРК-355 (МЧСРК) [sim 0.920] — AI-вердикт: NOT_CORRECT
2025-10-13 12:19:04 [WARNING] Аналитик функций ГО: AI отклонил связь КГОЗМПСРК-15 (КГОЗМПСРК) → МПСРК-537 (МПСРК) [sim 0.669] — AI-вердикт: NOT_CORRECT
2025-10-13 12:19:04 [WARNING] Аналитик функций ГО: AI отклонил связь КГОВЧМЧСРК-36 (КГОВЧМЧСРК) → МЧСРК-71 (МЧСРК) [sim 0.706] — AI-вердикт: NOT_CORRECT
2025-10-13 12:19:04 [WARNING] Аналитик функций ГО: AI отклонил связь КГУМЦРИАПРК-2 (КГУМЦРИАПРК) → МЦРИАПРК-178 (МЦРИАПРК) [sim 0.974] — AI-вердикт: NOT_CORRECT
2025-10-13 12:19:04 [WARNING] Аналитик функций ГО: AI отклонил связь КГОВЧМЧСРК-50 (КГОВЧМЧСРК) → МЧСРК-69 (МЧСРК) [sim 0.787] — AI-вердикт: NOT_CORRECT
2025-10-13 12:19:04 [WARNING] Аналитик функций ГО: AI отклонил связь КГОЗМПСРК-7 (КГОЗМПСРК) → МПСРК-536 (МПСРК) [sim 0.988] — AI-вердикт: NOT_CORRECT
2025-10-13 12:19:04 [WARNING] Аналитик функций ГО: AI отклонил связь КГОВЧМЧСРК-60 (КГОВЧМЧСРК) → МЧСРК-339 (МЧСРК) [sim 0.552] — AI-вердикт: NOT_CORRECT
2025-10-13 12:19:04 [WARNING] Аналитик функций ГО: AI отклонил связь КГОЗМПСРК-10 (КГОЗМПСРК) → МПСРК-555 (МПСРК) [sim 0.811] — AI-вердикт: NOT_CORRECT
2025-10-13 12:19:04 [WARNING] Аналитик функций ГО: AI отклонил связь КГОЗМПСРК-8 (КГОЗМПСРК) → МПСРК-555 (МПСРК) [sim 0.811] — AI-вердикт: NOT_CORRECT
2025-10-13 12:19:04 [WARNING] Аналитик функций ГО: AI отклонил связь КГОЗМПСРК-11 (КГОЗМПСРК) → МПСРК-555 (МПСРК) [sim 0.808] — AI-вердикт: NOT_CORRECT
2025-10-13 12:19:04 [WARNING] Аналитик функций ГО: AI отклонил связь КГОЗМПСРК-5 (КГОЗМПСРК) → МПСРК-537 (МПСРК) [sim 0.824] — AI-вердикт: NOT_CORRECT
2025-10-13 12:19:04 [WARNING] Аналитик функций ГО: AI отклонил связь КГУМЦРИАПРК-26 (КГУМЦРИАПРК) → МЦРИАПРК-248 (МЦРИАПРК) [sim 0.931] — AI-вердикт: NOT_CORRECT
2025-10-13 12:19:04 [WARNING] Аналитик функций ГО: AI отклонил связь КГУМЦРИАПРК-21 (КГУМЦРИАПРК) → МЦРИАПРК-239 (МЦРИАПРК) [sim 0.819] — AI-вердикт: NOT_CORRECT
2025-10-13 12:19:04 [WARNING] Аналитик функций ГО: AI отклонил связь КГУМЦРИАПРК-32 (КГУМЦРИАПРК) → МЦРИАПРК-263 (МЦРИАПРК) [sim 0.790] — AI-вердикт: NOT_CORRECT
2025-10-13 12:19:04 [WARNING] Аналитик функций ГО: AI отклонил связь КГУМЦРИАПРК-51 (КГУМЦРИАПРК) → МЦРИАПРК-111 (МЦРИАПРК) [sim 0.969] — AI-вердикт: NOT_CORRECT
2025-10-13 12:19:04 [WARNING] Аналитик функций ГО: AI отклонил связь КГОВЧМЧСРК-6 (КГОВЧМЧСРК) → МЧСРК-34 (МЧСРК) [sim 0.972] — AI-вердикт: NOT_CORRECT
2025-10-13 12:19:04 [WARNING] Аналитик функций ГО: AI отклонил связь КГУМЦРИАПРК-24 (КГУМЦРИАПРК) → МЦРИАПРК-523 (МЦРИАПРК) [sim 0.945] — AI-вердикт: NOT_CORRECT
2025-10-13 12:19:04 [WARNING] Аналитик функций ГО: AI отклонил связь КГОВЧМЧСРК-48 (КГОВЧМЧСРК) → МЧСРК-16 (МЧСРК) [sim 0.693] — AI-вердикт: NOT_CORRECT
2025-10-13 12:19:04 [WARNING] Аналитик функций ГО: AI отклонил связь КГУМЦРИАПРК-3 (КГУМЦРИАПРК) → МЦРИАПРК-399 (МЦРИАПРК) [sim 0.979] — AI-вердикт: NOT_CORRECT
2025-10-13 12:19:04 [WARNING] Аналитик функций ГО: AI отклонил связь КГУМЦРИАПРК-53 (КГУМЦРИАПРК) → МЦРИАПРК-168 (МЦРИАПРК) [sim 0.952] — AI-вердикт: NOT_CORRECT
2025-10-13 12:19:04 [WARNING] Аналитик функций ГО: AI отклонил связь КГУМЦРИАПРК-1 (КГУМЦРИАПРК) → МЦРИАПРК-210 (МЦРИАПРК) [sim 0.816] — AI-вердикт: NOT_CORRECT
2025-10-13 12:19:04 [WARNING] Аналитик функций ГО: AI отклонил связь КГОЗМПСРК-14 (КГОЗМПСРК) → МПСРК-536 (МПСРК) [sim 0.778] — AI-вердикт: NOT_CORRECT
2025-10-13 12:19:04 [WARNING] Аналитик функций ГО: AI отклонил связь КГУМЦРИАПРК-54 (КГУМЦРИАПРК) → МЦРИАПРК-251 (МЦРИАПРК) [sim 0.969] — AI-вердикт: NOT_CORRECT
2025-10-13 12:19:04 [WARNING] Аналитик функций ГО: AI отклонил связь КГУМЦРИАПРК-42 (КГУМЦРИАПРК) → МЦРИАПРК-261 (МЦРИАПРК) [sim 0.922] — AI-вердикт: NOT_CORRECT
2025-10-13 12:19:04 [WARNING] Аналитик функций ГО: AI отклонил связь КГОВЧМЧСРК-9 (КГОВЧМЧСРК) → МЧСРК-61 (МЧСРК) [sim 0.964] — AI-вердикт: NOT_CORRECT
2025-10-13 12:19:04 [WARNING] Аналитик функций ГО: AI отклонил связь КГОВЧМЧСРК-15 (КГОВЧМЧСРК) → МЧСРК-36 (МЧСРК) [sim 0.969] — AI-вердикт: NOT_CORRECT
2025-10-13 12:19:04 [WARNING] Аналитик функций ГО: AI отклонил связь КГУМЦРИАПРК-29 (КГУМЦРИАПРК) → МЦРИАПРК-242 (МЦРИАПРК) [sim 0.939] — AI-вердикт: NOT_CORRECT
2025-10-13 12:19:04 [WARNING] Аналитик функций ГО: AI отклонил связь КГУМЦРИАПРК-5 (КГУМЦРИАПРК) → МЦРИАПРК-223 (МЦРИАПРК) [sim 0.965] — AI-вердикт: NOT_CORRECT
2025-10-13 12:19:04 [WARNING] Аналитик функций ГО: AI отклонил связь КГОЗМПСРК-13 (КГОЗМПСРК) → МПСРК-536 (МПСРК) [sim 0.820] — AI-вердикт: NOT_CORRECT
2025-10-13 12:19:04 [WARNING] Аналитик функций ГО: AI отклонил связь КГУМЦРИАПРК-35 (КГУМЦРИАПРК) → МЦРИАПРК-252 (МЦРИАПРК) [sim 0.934] — AI-вердикт: NOT_CORRECT
2025-10-13 12:19:04 [WARNING] Аналитик функций ГО: AI отклонил связь КГОЗМПСРК-1 (КГОЗМПСРК) → МПСРК-2 (МПСРК) [sim 0.636] — AI-вердикт: NOT_CORRECT
2025-10-13 12:19:04 [WARNING] Аналитик функций ГО: AI отклонил связь КГМРМЧСРК-25 (КГМРМЧСРК) → МЧСРК-288 (МЧСРК) [sim 0.772] — AI-вердикт: NOT_CORRECT
2025-10-13 12:19:04 [WARNING] Аналитик функций ГО: AI отклонил связь КГОЗМПСРК-16 (КГОЗМПСРК) → МПСРК-589 (МПСРК) [sim 0.871] — AI-вердикт: NOT_CORRECT
2025-10-13 12:19:04 [WARNING] Аналитик функций ГО: AI отклонил связь КГУМЦРИАПРК-40 (КГУМЦРИАПРК) → МЦРИАПРК-526 (МЦРИАПРК) [sim 0.693] — AI-вердикт: NOT_CORRECT
2025-10-13 12:19:04 [WARNING] Аналитик функций ГО: AI отклонил связь КГУМЦРИАПРК-8 (КГУМЦРИАПРК) → МЦРИАПРК-235 (МЦРИАПРК) [sim 0.954] — AI-вердикт: NOT_CORRECT
2025-10-13 12:19:04 [WARNING] Аналитик функций ГО: AI отклонил связь КГУМЦРИАПРК-50 (КГУМЦРИАПРК) → МЦРИАПРК-225 (МЦРИАПРК) [sim 0.679] — AI-вердикт: NOT_CORRECT
2025-10-13 12:19:04 [WARNING] Аналитик функций ГО: AI отклонил связь КГОВЧМЧСРК-47 (КГОВЧМЧСРК) → МЧСРК-29 (МЧСРК) [sim 0.732] — AI-вердикт: NOT_CORRECT
2025-10-13 12:19:04 [WARNING] Аналитик функций ГО: AI отклонил связь КГУМЦРИАПРК-7 (КГУМЦРИАПРК) → МЦРИАПРК-225 (МЦРИАПРК) [sim 0.948] — AI-вердикт: NOT_CORRECT
2025-10-13 12:19:04 [WARNING] Аналитик функций ГО: AI отклонил связь КГУМЦРИАПРК-30 (КГУМЦРИАПРК) → МЦРИАПРК-243 (МЦРИАПРК) [sim 0.931] — AI-вердикт: NOT_CORRECT
2025-10-13 12:19:04 [WARNING] Аналитик функций ГО: AI отклонил связь КДСЖХМПСРК-16 (КДСЖХМПСРК) → МПСРК-509 (МПСРК) [sim 0.864] — AI-вердикт: NOT_CORRECT
2025-10-13 12:19:04 [WARNING] Аналитик функций ГО: AI отклонил связь КГУМЦРИАПРК-20 (КГУМЦРИАПРК) → МЦРИАПРК-209 (МЦРИАПРК) [sim 0.704] — AI-вердикт: NOT_CORRECT
2025-10-13 12:19:04 [WARNING] Аналитик функций ГО: AI отклонил связь КГОВЧМЧСРК-40 (КГОВЧМЧСРК) → МЧСРК-13 (МЧСРК) [sim 0.753] — AI-вердикт: NOT_CORRECT
2025-10-13 12:19:04 [WARNING] Аналитик функций ГО: AI отклонил связь КДСЖХМПСРК-10 (КДСЖХМПСРК) → МПСРК-413 (МПСРК) [sim 0.749] — AI-вердикт: NOT_CORRECT
2025-10-13 12:19:04 [WARNING] Аналитик функций ГО: AI отклонил связь КГУМЦРИАПРК-4 (КГУМЦРИАПРК) → МЦРИАПРК-221 (МЦРИАПРК) [sim 0.984] — AI-вердикт: NOT_CORRECT
2025-10-13 12:19:04 [WARNING] Аналитик функций ГО: AI отклонил связь КДСЖХМПСРК-14 (КДСЖХМПСРК) → МПСРК-507 (МПСРК) [sim 0.868] — AI-вердикт: NOT_CORRECT
2025-10-13 12:19:04 [WARNING] Аналитик функций ГО: AI отклонил связь КДСЖХМПСРК-13 (КДСЖХМПСРК) → МПСРК-409 (МПСРК) [sim 0.777] — AI-вердикт: NOT_CORRECT
2025-10-13 12:19:04 [WARNING] Аналитик функций ГО: AI отклонил связь КДСЖХМПСРК-12 (КДСЖХМПСРК) → МПСРК-507 (МПСРК) [sim 0.883] — AI-вердикт: NOT_CORRECT
2025-10-13 12:19:04 [WARNING] Аналитик функций ГО: AI отклонил связь КДСЖХМПСРК-106 (КДСЖХМПСРК) → МПСРК-458 (МПСРК) [sim 0.662] — AI-вердикт: NOT_CORRECT
2025-10-13 12:19:04 [WARNING] Аналитик функций ГО: AI отклонил связь КДСЖХМПСРК-1 (КДСЖХМПСРК) → МПСРК-455 (МПСРК) [sim 0.807] — AI-вердикт: NOT_CORRECT
2025-10-13 12:19:04 [WARNING] Аналитик функций ГО: AI отклонил связь КДСЖХМПСРК-17 (КДСЖХМПСРК) → МПСРК-479 (МПСРК) [sim 0.885] — AI-вердикт: NOT_CORRECT
2025-10-13 12:19:04 [WARNING] Аналитик функций ГО: AI отклонил связь КГУМЦРИАПРК-47 (КГУМЦРИАПРК) → МЦРИАПРК-263 (МЦРИАПРК) [sim 0.984] — AI-вердикт: NOT_CORRECT
2025-10-13 12:19:04 [WARNING] Аналитик функций ГО: AI отклонил связь КДСЖХМПСРК-104 (КДСЖХМПСРК) → МПСРК-527 (МПСРК) [sim 0.836] — AI-вердикт: NOT_CORRECT
2025-10-13 12:19:04 [WARNING] Аналитик функций ГО: AI отклонил связь КГУМЦРИАПРК-27 (КГУМЦРИАПРК) → МЦРИАПРК-259 (МЦРИАПРК) [sim 0.830] — AI-вердикт: NOT_CORRECT
2025-10-13 12:19:04 [WARNING] Аналитик функций ГО: AI отклонил связь КДСЖХМПСРК-24 (КДСЖХМПСРК) → МПСРК-348 (МПСРК) [sim 0.700] — AI-вердикт: NOT_CORRECT
2025-10-13 12:19:04 [WARNING] Аналитик функций ГО: AI отклонил связь КДСЖХМПСРК-42 (КДСЖХМПСРК) → МПСРК-582 (МПСРК) [sim 0.614] — AI-вердикт: NOT_CORRECT
2025-10-13 12:19:04 [WARNING] Аналитик функций ГО: AI отклонил связь КГУМЦРИАПРК-28 (КГУМЦРИАПРК) → МЦРИАПРК-238 (МЦРИАПРК) [sim 0.863] — AI-вердикт: NOT_CORRECT
2025-10-13 12:19:04 [WARNING] Аналитик функций ГО: AI отклонил связь КГОВЧМЧСРК-2 (КГОВЧМЧСРК) → МЧСРК-233 (МЧСРК) [sim 0.617] — AI-вердикт: NOT_CORRECT
2025-10-13 12:19:04 [WARNING] Аналитик функций ГО: AI отклонил связь КДСЖХМПСРК-35 (КДСЖХМПСРК) → МПСРК-295 (МПСРК) [sim 0.766] — AI-вердикт: NOT_CORRECT
2025-10-13 12:19:04 [WARNING] Аналитик функций ГО: AI отклонил связь КДСЖХМПСРК-64 (КДСЖХМПСРК) → МПСРК-473 (МПСРК) [sim 0.751] — AI-вердикт: NOT_CORRECT
2025-10-13 12:19:04 [WARNING] Аналитик функций ГО: AI отклонил связь КДСЖХМПСРК-27 (КДСЖХМПСРК) → МПСРК-408 (МПСРК) [sim 0.665] — AI-вердикт: NOT_CORRECT
2025-10-13 12:19:04 [WARNING] Аналитик функций ГО: AI отклонил связь КДСЖХМПСРК-31 (КДСЖХМПСРК) → МПСРК-498 (МПСРК) [sim 0.840] — AI-вердикт: NOT_CORRECT
2025-10-13 12:19:04 [WARNING] Аналитик функций ГО: AI отклонил связь КДСЖХМПСРК-3 (КДСЖХМПСРК) → МПСРК-397 (МПСРК) [sim 0.617] — AI-вердикт: NOT_CORRECT
2025-10-13 12:19:04 [WARNING] Аналитик функций ГО: AI отклонил связь КГУМЦРИАПРК-34 (КГУМЦРИАПРК) → МЦРИАПРК-512 (МЦРИАПРК) [sim 0.893] — AI-вердикт: NOT_CORRECT
2025-10-13 12:19:04 [WARNING] Аналитик функций ГО: AI отклонил связь КДСЖХМПСРК-2 (КДСЖХМПСРК) → МПСРК-455 (МПСРК) [sim 0.746] — AI-вердикт: NOT_CORRECT
2025-10-13 12:19:04 [WARNING] Аналитик функций ГО: AI отклонил связь КДСЖХМПСРК-28 (КДСЖХМПСРК) → МПСРК-498 (МПСРК) [sim 0.574] — AI-вердикт: NOT_CORRECT
2025-10-13 12:19:04 [WARNING] Аналитик функций ГО: AI отклонил связь КДСЖХМПСРК-19 (КДСЖХМПСРК) → МПСРК-506 (МПСРК) [sim 0.672] — AI-вердикт: NOT_CORRECT
2025-10-13 12:19:04 [WARNING] Аналитик функций ГО: AI отклонил связь КДСЖХМПСРК-11 (КДСЖХМПСРК) → МПСРК-410 (МПСРК) [sim 0.632] — AI-вердикт: NOT_CORRECT
2025-10-13 12:19:04 [WARNING] Аналитик функций ГО: AI отклонил связь КДСЖХМПСРК-56 (КДСЖХМПСРК) → МПСРК-448 (МПСРК) [sim 0.631] — AI-вердикт: NOT_CORRECT
2025-10-13 12:19:04 [WARNING] Аналитик функций ГО: AI отклонил связь КДСЖХМПСРК-21 (КДСЖХМПСРК) → МПСРК-448 (МПСРК) [sim 0.616] — AI-вердикт: NOT_CORRECT
2025-10-13 12:19:04 [WARNING] Аналитик функций ГО: AI отклонил связь КДСЖХМПСРК-22 (КДСЖХМПСРК) → МПСРК-578 (МПСРК) [sim 0.572] — AI-вердикт: NOT_CORRECT
2025-10-13 12:19:04 [WARNING] Аналитик функций ГО: AI отклонил связь КГУМЦРИАПРК-60 (КГУМЦРИАПРК) → МЦРИАПРК-555 (МЦРИАПРК) [sim 0.868] — AI-вердикт: NOT_CORRECT
2025-10-13 12:19:04 [WARNING] Аналитик функций ГО: AI отклонил связь КГУМЦРИАПРК-6 (КГУМЦРИАПРК) → МЦРИАПРК-224 (МЦРИАПРК) [sim 0.948] — AI-вердикт: NOT_CORRECT
2025-10-13 12:19:04 [WARNING] Аналитик функций ГО: AI отклонил связь КДСЖХМПСРК-29 (КДСЖХМПСРК) → МПСРК-450 (МПСРК) [sim 0.546] — AI-вердикт: NOT_CORRECT
2025-10-13 12:19:04 [WARNING] Аналитик функций ГО: AI отклонил связь КДСЖХМПСРК-63 (КДСЖХМПСРК) → МПСРК-478 (МПСРК) [sim 0.960] — AI-вердикт: NOT_CORRECT
2025-10-13 12:19:04 [WARNING] Аналитик функций ГО: AI отклонил связь КДСЖХМПСРК-60 (КДСЖХМПСРК) → МПСРК-473 (МПСРК) [sim 0.758] — AI-вердикт: NOT_CORRECT
2025-10-13 12:19:04 [WARNING] Аналитик функций ГО: AI отклонил связь КДСЖХМПСРК-49 (КДСЖХМПСРК) → МПСРК-16 (МПСРК) [sim 0.643] — AI-вердикт: NOT_CORRECT
2025-10-13 12:19:04 [WARNING] Аналитик функций ГО: AI отклонил связь КДСЖХМПСРК-15 (КДСЖХМПСРК) → МПСРК-504 (МПСРК) [sim 0.826] — AI-вердикт: NOT_CORRECT
2025-10-13 12:19:04 [WARNING] Аналитик функций ГО: AI отклонил связь КДСЖХМПСРК-48 (КДСЖХМПСРК) → МПСРК-129 (МПСРК) [sim 0.659] — AI-вердикт: NOT_CORRECT
2025-10-13 12:19:04 [WARNING] Аналитик функций ГО: AI отклонил связь КДСЖХМПСРК-44 (КДСЖХМПСРК) → МПСРК-417 (МПСРК) [sim 0.610] — AI-вердикт: NOT_CORRECT
2025-10-13 12:19:04 [WARNING] Аналитик функций ГО: AI отклонил связь КГУМЦРИАПРК-19 (КГУМЦРИАПРК) → МЦРИАПРК-482 (МЦРИАПРК) [sim 0.979] — AI-вердикт: NOT_CORRECT
2025-10-13 12:19:04 [WARNING] Аналитик функций ГО: AI отклонил связь КДСЖХМПСРК-53 (КДСЖХМПСРК) → МПСРК-506 (МПСРК) [sim 0.621] — AI-вердикт: NOT_CORRECT
2025-10-13 12:19:04 [WARNING] Аналитик функций ГО: AI отклонил связь КДСЖХМПСРК-5 (КДСЖХМПСРК) → МПСРК-508 (МПСРК) [sim 0.914] — AI-вердикт: NOT_CORRECT
2025-10-13 12:19:04 [WARNING] Аналитик функций ГО: AI отклонил связь КГУМЦРИАПРК-49 (КГУМЦРИАПРК) → МЦРИАПРК-92 (МЦРИАПРК) [sim 0.875] — AI-вердикт: NOT_CORRECT
2025-10-13 12:19:04 [WARNING] Аналитик функций ГО: AI отклонил связь КДСЖХМПСРК-67 (КДСЖХМПСРК) → МПСРК-473 (МПСРК) [sim 0.732] — AI-вердикт: NOT_CORRECT
2025-10-13 12:19:04 [WARNING] Аналитик функций ГО: AI отклонил связь КДСЖХМПСРК-37 (КДСЖХМПСРК) → МПСРК-415 (МПСРК) [sim 0.686] — AI-вердикт: NOT_CORRECT
2025-10-13 12:19:04 [WARNING] Аналитик функций ГО: AI отклонил связь КДСЖХМПСРК-34 (КДСЖХМПСРК) → МПСРК-450 (МПСРК) [sim 0.545] — AI-вердикт: NOT_CORRECT
2025-10-13 12:19:04 [WARNING] Аналитик функций ГО: AI отклонил связь КДСЖХМПСРК-58 (КДСЖХМПСРК) → МПСРК-429 (МПСРК) [sim 0.862] — AI-вердикт: NOT_CORRECT
2025-10-13 12:19:04 [WARNING] Аналитик функций ГО: AI отклонил связь КДСЖХМПСРК-82 (КДСЖХМПСРК) → МПСРК-62 (МПСРК) [sim 0.785] — AI-вердикт: NOT_CORRECT
2025-10-13 12:19:04 [WARNING] Аналитик функций ГО: AI отклонил связь КДСЖХМПСРК-54 (КДСЖХМПСРК) → МПСРК-435 (МПСРК) [sim 0.686] — AI-вердикт: NOT_CORRECT
2025-10-13 12:19:04 [WARNING] Аналитик функций ГО: AI отклонил связь КДСЖХМПСРК-61 (КДСЖХМПСРК) → МПСРК-523 (МПСРК) [sim 0.622] — AI-вердикт: NOT_CORRECT
2025-10-13 12:19:04 [WARNING] Аналитик функций ГО: AI отклонил связь КДСЖХМПСРК-103 (КДСЖХМПСРК) → МПСРК-527 (МПСРК) [sim 0.922] — AI-вердикт: NOT_CORRECT
2025-10-13 12:19:04 [WARNING] Аналитик функций ГО: AI отклонил связь КДСЖХМПСРК-36 (КДСЖХМПСРК) → МПСРК-418 (МПСРК) [sim 0.685] — AI-вердикт: NOT_CORRECT
2025-10-13 12:19:04 [WARNING] Аналитик функций ГО: AI отклонил связь КДСЖХМПСРК-30 (КДСЖХМПСРК) → МПСРК-496 (МПСРК) [sim 0.770] — AI-вердикт: NOT_CORRECT
2025-10-13 12:19:04 [WARNING] Аналитик функций ГО: AI отклонил связь КДСЖХМПСРК-9 (КДСЖХМПСРК) → МПСРК-454 (МПСРК) [sim 0.797] — AI-вердикт: NOT_CORRECT
2025-10-13 12:19:04 [WARNING] Аналитик функций ГО: AI отклонил связь КДСЖХМПСРК-40 (КДСЖХМПСРК) → МПСРК-322 (МПСРК) [sim 0.509] — AI-вердикт: NOT_CORRECT
2025-10-13 12:19:04 [WARNING] Аналитик функций ГО: AI отклонил связь КДСЖХМПСРК-78 (КДСЖХМПСРК) → МПСРК-517 (МПСРК) [sim 0.870] — AI-вердикт: NOT_CORRECT
2025-10-13 12:19:04 [WARNING] Аналитик функций ГО: AI отклонил связь КДСЖХМПСРК-41 (КДСЖХМПСРК) → МПСРК-449 (МПСРК) [sim 0.635] — AI-вердикт: NOT_CORRECT
2025-10-13 12:19:04 [WARNING] Аналитик функций ГО: AI отклонил связь КДСЖХМПСРК-32 (КДСЖХМПСРК) → МПСРК-108 (МПСРК) [sim 0.630] — AI-вердикт: NOT_CORRECT
2025-10-13 12:19:04 [WARNING] Аналитик функций ГО: AI отклонил связь КДСЖХМПСРК-98 (КДСЖХМПСРК) → МПСРК-435 (МПСРК) [sim 0.751] — AI-вердикт: NOT_CORRECT
2025-10-13 12:19:04 [WARNING] Аналитик функций ГО: AI отклонил связь КДСЖХМПСРК-7 (КДСЖХМПСРК) → МПСРК-455 (МПСРК) [sim 0.719] — AI-вердикт: NOT_CORRECT
2025-10-13 12:19:04 [WARNING] Аналитик функций ГО: AI отклонил связь КДСЖХМПСРК-45 (КДСЖХМПСРК) → МПСРК-480 (МПСРК) [sim 0.869] — AI-вердикт: NOT_CORRECT
2025-10-13 12:19:04 [WARNING] Аналитик функций ГО: AI отклонил связь КДСЖХМПСРК-8 (КДСЖХМПСРК) → МПСРК-480 (МПСРК) [sim 0.672] — AI-вердикт: NOT_CORRECT
2025-10-13 12:19:04 [WARNING] Аналитик функций ГО: AI отклонил связь КГОВЧМЧСРК-37 (КГОВЧМЧСРК) → МЧСРК-64 (МЧСРК) [sim 0.578] — AI-вердикт: NOT_CORRECT
2025-10-13 12:19:04 [WARNING] Аналитик функций ГО: AI отклонил связь КДСЖХМПСРК-62 (КДСЖХМПСРК) → МПСРК-139 (МПСРК) [sim 0.881] — AI-вердикт: NOT_CORRECT
2025-10-13 12:19:04 [WARNING] Аналитик функций ГО: AI отклонил связь КДСЖХМПСРК-88 (КДСЖХМПСРК) → МПСРК-433 (МПСРК) [sim 0.701] — AI-вердикт: NOT_CORRECT
2025-10-13 12:19:04 [WARNING] Аналитик функций ГО: AI отклонил связь КДСФКМТСРК-1 (КДСФКМТСРК) → МТСРК-79 (МТСРК) [sim 0.783] — AI-вердикт: NOT_CORRECT
2025-10-13 12:19:04 [WARNING] Аналитик функций ГО: AI отклонил связь КДСЖХМПСРК-86 (КДСЖХМПСРК) → МПСРК-478 (МПСРК) [sim 0.960] — AI-вердикт: NOT_CORRECT
2025-10-13 12:19:04 [WARNING] Аналитик функций ГО: AI отклонил связь КДСЖХМПСРК-47 (КДСЖХМПСРК) → МПСРК-502 (МПСРК) [sim 0.719] — AI-вердикт: NOT_CORRECT
2025-10-13 12:19:04 [WARNING] Аналитик функций ГО: AI отклонил связь КДСЖХМПСРК-66 (КДСЖХМПСРК) → МПСРК-10 (МПСРК) [sim 0.702] — AI-вердикт: NOT_CORRECT
2025-10-13 12:19:04 [WARNING] Аналитик функций ГО: AI отклонил связь КДСЖХМПСРК-81 (КДСЖХМПСРК) → МПСРК-473 (МПСРК) [sim 0.614] — AI-вердикт: NOT_CORRECT
2025-10-13 12:19:04 [WARNING] Аналитик функций ГО: AI отклонил связь КДСЖХМПСРК-83 (КДСЖХМПСРК) → МПСРК-398 (МПСРК) [sim 0.634] — AI-вердикт: NOT_CORRECT
2025-10-13 12:19:04 [WARNING] Аналитик функций ГО: AI отклонил связь КДСФКМТСРК-11 (КДСФКМТСРК) → МТСРК-70 (МТСРК) [sim 0.763] — AI-вердикт: NOT_CORRECT
2025-10-13 12:19:04 [WARNING] Аналитик функций ГО: AI отклонил связь КДСЖХМПСРК-23 (КДСЖХМПСРК) → МПСРК-226 (МПСРК) [sim 0.724] — AI-вердикт: NOT_CORRECT
2025-10-13 12:19:04 [WARNING] Аналитик функций ГО: AI отклонил связь КДСЖХМПСРК-106-1 (КДСЖХМПСРК) → МПСРК-589 (МПСРК) [sim 0.687] — AI-вердикт: NOT_CORRECT
2025-10-13 12:19:04 [WARNING] Аналитик функций ГО: AI отклонил связь КДСЖХМПСРК-84 (КДСЖХМПСРК) → МПСРК-518 (МПСРК) [sim 0.630] — AI-вердикт: NOT_CORRECT
2025-10-13 12:19:04 [WARNING] Аналитик функций ГО: AI отклонил связь КДСЖХМПСРК-4 (КДСЖХМПСРК) → МПСРК-508 (МПСРК) [sim 0.728] — AI-вердикт: NOT_CORRECT
2025-10-13 12:19:04 [WARNING] Аналитик функций ГО: AI отклонил связь КДСФКМТСРК-110 (КДСФКМТСРК) → МТСРК-65 (МТСРК) [sim 0.578] — AI-вердикт: NOT_CORRECT
2025-10-13 12:19:04 [WARNING] Аналитик функций ГО: AI отклонил связь КДСФКМТСРК-116 (КДСФКМТСРК) → МТСРК-89 (МТСРК) [sim 0.652] — AI-вердикт: NOT_CORRECT
2025-10-13 12:19:04 [WARNING] Аналитик функций ГО: AI отклонил связь КДСЖХМПСРК-52 (КДСЖХМПСРК) → МПСРК-15 (МПСРК) [sim 0.767] — AI-вердикт: NOT_CORRECT
2025-10-13 12:19:04 [WARNING] Аналитик функций ГО: AI отклонил связь КДСФКМТСРК-104 (КДСФКМТСРК) → МТСРК-114 (МТСРК) [sim 0.956] — AI-вердикт: NOT_CORRECT
2025-10-13 12:19:04 [WARNING] Аналитик функций ГО: AI отклонил связь КДСФКМТСРК-29 (КДСФКМТСРК) → МТСРК-68 (МТСРК) [sim 0.956] — AI-вердикт: NOT_CORRECT
2025-10-13 12:19:04 [WARNING] Аналитик функций ГО: AI отклонил связь КДСФКМТСРК-38 (КДСФКМТСРК) → МТСРК-89 (МТСРК) [sim 0.635] — AI-вердикт: NOT_CORRECT
2025-10-13 12:19:04 [WARNING] Аналитик функций ГО: AI отклонил связь КДСФКМТСРК-20 (КДСФКМТСРК) → МТСРК-83 (МТСРК) [sim 0.561] — AI-вердикт: NOT_CORRECT
2025-10-13 12:19:04 [WARNING] Аналитик функций ГО: AI отклонил связь КДСФКМТСРК-30 (КДСФКМТСРК) → МТСРК-69 (МТСРК) [sim 0.963] — AI-вердикт: NOT_CORRECT
2025-10-13 12:19:04 [WARNING] Аналитик функций ГО: AI отклонил связь КДСФКМТСРК-46 (КДСФКМТСРК) → МТСРК-36 (МТСРК) [sim 0.683] — AI-вердикт: NOT_CORRECT
2025-10-13 12:19:04 [WARNING] Аналитик функций ГО: AI отклонил связь КДСФКМТСРК-15 (КДСФКМТСРК) → МТСРК-89 (МТСРК) [sim 0.648] — AI-вердикт: NOT_CORRECT
2025-10-13 12:19:04 [WARNING] Аналитик функций ГО: AI отклонил связь КДСФКМТСРК-24 (КДСФКМТСРК) → МТСРК-50 (МТСРК) [sim 0.989] — AI-вердикт: NOT_CORRECT
2025-10-13 12:19:04 [WARNING] Аналитик функций ГО: AI отклонил связь КДСФКМТСРК-12 (КДСФКМТСРК) → МТСРК-34 (МТСРК) [sim 0.709] — AI-вердикт: NOT_CORRECT
2025-10-13 12:19:04 [WARNING] Аналитик функций ГО: AI отклонил связь КДСФКМТСРК-31 (КДСФКМТСРК) → МТСРК-84 (МТСРК) [sim 0.974] — AI-вердикт: NOT_CORRECT
2025-10-13 12:19:04 [WARNING] Аналитик функций ГО: AI отклонил связь КДСФКМТСРК-43 (КДСФКМТСРК) → МТСРК-48 (МТСРК) [sim 0.695] — AI-вердикт: NOT_CORRECT
2025-10-13 12:19:04 [WARNING] Аналитик функций ГО: AI отклонил связь КДСЖХМПСРК-85 (КДСЖХМПСРК) → МПСРК-523 (МПСРК) [sim 0.620] — AI-вердикт: NOT_CORRECT
2025-10-13 12:19:04 [WARNING] Аналитик функций ГО: AI отклонил связь КДСФКМТСРК-37 (КДСФКМТСРК) → МТСРК-47 (МТСРК) [sim 0.694] — AI-вердикт: NOT_CORRECT
2025-10-13 12:19:04 [WARNING] Аналитик функций ГО: AI отклонил связь КДСФКМТСРК-16 (КДСФКМТСРК) → МТСРК-29 (МТСРК) [sim 0.673] — AI-вердикт: NOT_CORRECT
2025-10-13 12:19:04 [WARNING] Аналитик функций ГО: AI отклонил связь КДСФКМТСРК-47 (КДСФКМТСРК) → МТСРК-73 (МТСРК) [sim 0.581] — AI-вердикт: NOT_CORRECT
2025-10-13 12:19:04 [WARNING] Аналитик функций ГО: AI отклонил связь КДСФКМТСРК-25 (КДСФКМТСРК) → МТСРК-54 (МТСРК) [sim 0.853] — AI-вердикт: NOT_CORRECT
2025-10-13 12:19:04 [WARNING] Аналитик функций ГО: AI отклонил связь КДСЖХМПСРК-87 (КДСЖХМПСРК) → МПСРК-139 (МПСРК) [sim 0.881] — AI-вердикт: NOT_CORRECT
2025-10-13 12:19:04 [WARNING] Аналитик функций ГО: AI отклонил связь КДСЖХМПСРК-59 (КДСЖХМПСРК) → МПСРК-472 (МПСРК) [sim 0.662] — AI-вердикт: NOT_CORRECT
2025-10-13 12:19:04 [WARNING] Аналитик функций ГО: AI отклонил связь КДСФКМТСРК-4 (КДСФКМТСРК) → МТСРК-211 (МТСРК) [sim 0.556] — AI-вердикт: NOT_CORRECT
2025-10-13 12:19:04 [WARNING] Аналитик функций ГО: AI отклонил связь КДСФКМТСРК-2 (КДСФКМТСРК) → МТСРК-185 (МТСРК) [sim 0.656] — AI-вердикт: NOT_CORRECT
2025-10-13 12:19:04 [WARNING] Аналитик функций ГО: AI отклонил связь КДСФКМТСРК-3 (КДСФКМТСРК) → МТСРК-211 (МТСРК) [sim 0.516] — AI-вердикт: NOT_CORRECT
2025-10-13 12:19:04 [WARNING] Аналитик функций ГО: AI отклонил связь КДСФКМТСРК-70 (КДСФКМТСРК) → МТСРК-47 (МТСРК) [sim 0.919] — AI-вердикт: NOT_CORRECT
2025-10-13 12:19:04 [WARNING] Аналитик функций ГО: AI отклонил связь КДСФКМТСРК-71 (КДСФКМТСРК) → МТСРК-48 (МТСРК) [sim 0.949] — AI-вердикт: NOT_CORRECT
2025-10-13 12:19:04 [WARNING] Аналитик функций ГО: AI отклонил связь КДСФКМТСРК-59 (КДСФКМТСРК) → МТСРК-89 (МТСРК) [sim 0.712] — AI-вердикт: NOT_CORRECT
2025-10-13 12:19:04 [WARNING] Аналитик функций ГО: AI отклонил связь КДСФКМТСРК-36 (КДСФКМТСРК) → МТСРК-60 (МТСРК) [sim 0.686] — AI-вердикт: NOT_CORRECT
2025-10-13 12:19:04 [WARNING] Аналитик функций ГО: AI отклонил связь КДСФКМТСРК-48 (КДСФКМТСРК) → МТСРК-71 (МТСРК) [sim 0.851] — AI-вердикт: NOT_CORRECT
2025-10-13 12:19:04 [WARNING] Аналитик функций ГО: AI отклонил связь КДСФКМТСРК-8 (КДСФКМТСРК) → МТСРК-89 (МТСРК) [sim 0.746] — AI-вердикт: NOT_CORRECT
2025-10-13 12:19:04 [WARNING] Аналитик функций ГО: AI отклонил связь КДСФКМТСРК-57 (КДСФКМТСРК) → МТСРК-52 (МТСРК) [sim 0.815] — AI-вердикт: NOT_CORRECT
2025-10-13 12:19:04 [WARNING] Аналитик функций ГО: AI отклонил связь КДСФКМТСРК-22 (КДСФКМТСРК) → МТСРК-46 (МТСРК) [sim 0.929] — AI-вердикт: NOT_CORRECT
2025-10-13 12:19:04 [WARNING] Аналитик функций ГО: AI отклонил связь КДСФКМТСРК-35 (КДСФКМТСРК) → МТСРК-115 (МТСРК) [sim 0.966] — AI-вердикт: NOT_CORRECT
2025-10-13 12:19:04 [WARNING] Аналитик функций ГО: AI отклонил связь КДСФКМТСРК-44 (КДСФКМТСРК) → МТСРК-35 (МТСРК) [sim 0.591] — AI-вердикт: NOT_CORRECT
2025-10-13 12:19:04 [WARNING] Аналитик функций ГО: AI отклонил связь КДСФКМТСРК-34 (КДСФКМТСРК) → МТСРК-113 (МТСРК) [sim 0.822] — AI-вердикт: NOT_CORRECT
2025-10-13 12:19:04 [WARNING] Аналитик функций ГО: AI отклонил связь КДСФКМТСРК-39 (КДСФКМТСРК) → МТСРК-36 (МТСРК) [sim 0.832] — AI-вердикт: NOT_CORRECT
2025-10-13 12:19:04 [WARNING] Аналитик функций ГО: AI отклонил связь КДСФКМТСРК-28 (КДСФКМТСРК) → МТСРК-66 (МТСРК) [sim 0.975] — AI-вердикт: NOT_CORRECT
2025-10-13 12:19:04 [WARNING] Аналитик функций ГО: AI отклонил связь КДСФКМТСРК-23 (КДСФКМТСРК) → МТСРК-49 (МТСРК) [sim 0.972] — AI-вердикт: NOT_CORRECT
2025-10-13 12:19:04 [WARNING] Аналитик функций ГО: AI отклонил связь КДСФКМТСРК-41 (КДСФКМТСРК) → МТСРК-62 (МТСРК) [sim 0.804] — AI-вердикт: NOT_CORRECT
2025-10-13 12:19:04 [WARNING] Аналитик функций ГО: AI отклонил связь КДСФКМТСРК-82 (КДСФКМТСРК) → МТСРК-57 (МТСРК) [sim 0.925] — AI-вердикт: NOT_CORRECT
2025-10-13 12:19:04 [WARNING] Аналитик функций ГО: AI отклонил связь КДСФКМТСРК-54 (КДСФКМТСРК) → МТСРК-51 (МТСРК) [sim 0.950] — AI-вердикт: NOT_CORRECT
2025-10-13 12:19:04 [WARNING] Аналитик функций ГО: AI отклонил связь КДСФКМТСРК-55 (КДСФКМТСРК) → МТСРК-51 (МТСРК) [sim 0.689] — AI-вердикт: NOT_CORRECT
2025-10-13 12:19:04 [WARNING] Аналитик функций ГО: AI отклонил связь КДСФКМТСРК-96 (КДСФКМТСРК) → МТСРК-71 (МТСРК) [sim 0.780] — AI-вердикт: NOT_CORRECT
2025-10-13 12:19:04 [WARNING] Аналитик функций ГО: AI отклонил связь КДСФКМТСРК-26 (КДСФКМТСРК) → МТСРК-62 (МТСРК) [sim 0.974] — AI-вердикт: NOT_CORRECT
2025-10-13 12:19:04 [WARNING] Аналитик функций ГО: AI отклонил связь КДСФКМТСРК-88 (КДСФКМТСРК) → МТСРК-61 (МТСРК) [sim 0.970] — AI-вердикт: NOT_CORRECT
2025-10-13 12:19:04 [WARNING] Аналитик функций ГО: AI отклонил связь КДСФКМТСРК-76 (КДСФКМТСРК) → МТСРК-53 (МТСРК) [sim 0.892] — AI-вердикт: NOT_CORRECT
2025-10-13 12:19:04 [WARNING] Аналитик функций ГО: AI отклонил связь КДСФКМТСРК-81 (КДСФКМТСРК) → МТСРК-56 (МТСРК) [sim 0.922] — AI-вердикт: NOT_CORRECT
2025-10-13 12:19:04 [WARNING] Аналитик функций ГО: AI отклонил связь КДСЖХМПСРК-93 (КДСЖХМПСРК) → МПСРК-530 (МПСРК) [sim 0.785] — AI-вердикт: NOT_CORRECT
2025-10-13 12:19:04 [WARNING] Аналитик функций ГО: AI отклонил связь КДСФКМТСРК-56 (КДСФКМТСРК) → МТСРК-101 (МТСРК) [sim 0.823] — AI-вердикт: NOT_CORRECT
2025-10-13 12:19:04 [WARNING] Аналитик функций ГО: AI отклонил связь КДСФКМТСРК-42 (КДСФКМТСРК) → МТСРК-35 (МТСРК) [sim 0.740] — AI-вердикт: NOT_CORRECT
2025-10-13 12:19:04 [WARNING] Аналитик функций ГО: AI отклонил связь КЖВТМТРК-143 (КЖВТМТРК) → МТРК-195 (МТРК) [sim 0.972] — AI-вердикт: NOT_CORRECT
2025-10-13 12:19:04 [WARNING] Аналитик функций ГО: AI отклонил связь КЖВТМТРК-125 (КЖВТМТРК) → МТРК-476 (МТРК) [sim 0.846] — AI-вердикт: NOT_CORRECT
2025-10-13 12:19:04 [WARNING] Аналитик функций ГО: AI отклонил связь КДСФКМТСРК-94 (КДСФКМТСРК) → МТСРК-86 (МТСРК) [sim 0.896] — AI-вердикт: NOT_CORRECT
2025-10-13 12:19:04 [WARNING] Аналитик функций ГО: AI отклонил связь КЖВТМТРК-123 (КЖВТМТРК) → МТРК-146 (МТРК) [sim 0.950] — AI-вердикт: NOT_CORRECT
2025-10-13 12:19:04 [WARNING] Аналитик функций ГО: AI отклонил связь КДСФКМТСРК-40 (КДСФКМТСРК) → МТСРК-41 (МТСРК) [sim 0.739] — AI-вердикт: NOT_CORRECT
2025-10-13 12:19:04 [WARNING] Аналитик функций ГО: AI отклонил связь КЖВТМТРК-121 (КЖВТМТРК) → МТРК-37 (МТРК) [sim 0.588] — AI-вердикт: NOT_CORRECT
2025-10-13 12:19:04 [WARNING] Аналитик функций ГО: AI отклонил связь КЖВТМТРК-150 (КЖВТМТРК) → МТРК-308 (МТРК) [sim 0.890] — AI-вердикт: NOT_CORRECT
2025-10-13 12:19:04 [WARNING] Аналитик функций ГО: AI отклонил связь КДСФКМТСРК-45 (КДСФКМТСРК) → МТСРК-63 (МТСРК) [sim 0.960] — AI-вердикт: NOT_CORRECT
2025-10-13 12:19:04 [WARNING] Аналитик функций ГО: AI отклонил связь КЖВТМТРК-120 (КЖВТМТРК) → МТРК-5 (МТРК) [sim 0.776] — AI-вердикт: NOT_CORRECT
2025-10-13 12:19:04 [WARNING] Аналитик функций ГО: AI отклонил связь КЖВТМТРК-1 (КЖВТМТРК) → МТРК-58 (МТРК) [sim 0.814] — AI-вердикт: NOT_CORRECT
2025-10-13 12:19:04 [WARNING] Аналитик функций ГО: AI отклонил связь КДСФКМТСРК-67 (КДСФКМТСРК) → МТСРК-44 (МТСРК) [sim 0.886] — AI-вердикт: NOT_CORRECT
2025-10-13 12:19:04 [WARNING] Аналитик функций ГО: AI отклонил связь КЖВТМТРК-124 (КЖВТМТРК) → МТРК-83 (МТРК) [sim 0.962] — AI-вердикт: NOT_CORRECT
2025-10-13 12:19:04 [WARNING] Аналитик функций ГО: AI отклонил связь КЖВТМТРК-148 (КЖВТМТРК) → МТРК-308 (МТРК) [sim 0.683] — AI-вердикт: NOT_CORRECT
2025-10-13 12:19:04 [WARNING] Аналитик функций ГО: AI отклонил связь КЖВТМТРК-117 (КЖВТМТРК) → МТРК-289 (МТРК) [sim 0.633] — AI-вердикт: NOT_CORRECT
2025-10-13 12:19:04 [WARNING] Аналитик функций ГО: AI отклонил связь КЖВТМТРК-151 (КЖВТМТРК) → МТРК-285 (МТРК) [sim 0.865] — AI-вердикт: NOT_CORRECT
2025-10-13 12:19:04 [WARNING] Аналитик функций ГО: AI отклонил связь КЖВТМТРК-160 (КЖВТМТРК) → МТРК-148 (МТРК) [sim 0.762] — AI-вердикт: NOT_CORRECT
2025-10-13 12:19:04 [WARNING] Аналитик функций ГО: AI отклонил связь КЖВТМТРК-162-1 (КЖВТМТРК) → МТРК-507 (МТРК) [sim 0.907] — AI-вердикт: NOT_CORRECT
2025-10-13 12:19:04 [WARNING] Аналитик функций ГО: AI отклонил связь КЖВТМТРК-122 (КЖВТМТРК) → МТРК-146 (МТРК) [sim 0.778] — AI-вердикт: NOT_CORRECT
2025-10-13 12:19:04 [WARNING] Аналитик функций ГО: AI отклонил связь КЖВТМТРК-162 (КЖВТМТРК) → МТРК-507 (МТРК) [sim 0.907] — AI-вердикт: NOT_CORRECT
2025-10-13 12:19:04 [WARNING] Аналитик функций ГО: AI отклонил связь КЖВТМТРК-154 (КЖВТМТРК) → МТРК-145 (МТРК) [sim 0.737] — AI-вердикт: NOT_CORRECT
2025-10-13 12:19:04 [WARNING] Аналитик функций ГО: AI отклонил связь КЖВТМТРК-158 (КЖВТМТРК) → МТРК-191 (МТРК) [sim 0.765] — AI-вердикт: NOT_CORRECT
2025-10-13 12:19:04 [WARNING] Аналитик функций ГО: AI отклонил связь КЖВТМТРК-155 (КЖВТМТРК) → МТРК-152 (МТРК) [sim 0.623] — AI-вердикт: NOT_CORRECT
2025-10-13 12:19:04 [WARNING] Аналитик функций ГО: AI отклонил связь КЖВТМТРК-104 (КЖВТМТРК) → МТРК-362 (МТРК) [sim 0.811] — AI-вердикт: NOT_CORRECT
2025-10-13 12:19:04 [WARNING] Аналитик функций ГО: AI отклонил связь КДСФКМТСРК-78 (КДСФКМТСРК) → МТСРК-55 (МТСРК) [sim 0.943] — AI-вердикт: NOT_CORRECT
2025-10-13 12:19:04 [WARNING] Аналитик функций ГО: AI отклонил связь КЖВТМТРК-152 (КЖВТМТРК) → МТРК-288 (МТРК) [sim 0.773] — AI-вердикт: NOT_CORRECT
2025-10-13 12:19:04 [WARNING] Аналитик функций ГО: AI отклонил связь КЖВТМТРК-3 (КЖВТМТРК) → МТРК-174 (МТРК) [sim 0.678] — AI-вердикт: NOT_CORRECT
2025-10-13 12:19:04 [WARNING] Аналитик функций ГО: AI отклонил связь КЖВТМТРК-153 (КЖВТМТРК) → МТРК-141 (МТРК) [sim 0.855] — AI-вердикт: NOT_CORRECT
2025-10-13 12:19:04 [WARNING] Аналитик функций ГО: AI отклонил связь КЖВТМТРК-159 (КЖВТМТРК) → МТРК-289 (МТРК) [sim 0.701] — AI-вердикт: NOT_CORRECT
2025-10-13 12:19:04 [WARNING] Аналитик функций ГО: AI отклонил связь КЖВТМТРК-4 (КЖВТМТРК) → МТРК-102 (МТРК) [sim 0.702] — AI-вердикт: NOT_CORRECT
2025-10-13 12:19:04 [WARNING] Аналитик функций ГО: AI отклонил связь КЖВТМТРК-30 (КЖВТМТРК) → МТРК-89 (МТРК) [sim 0.666] — AI-вердикт: NOT_CORRECT
2025-10-13 12:19:04 [WARNING] Аналитик функций ГО: AI отклонил связь КИБМЦРИАПРК-15 (КИБМЦРИАПРК) → МЦРИАПРК-333 (МЦРИАПРК) [sim 0.953] — AI-вердикт: NOT_CORRECT
2025-10-13 12:19:04 [WARNING] Аналитик функций ГО: AI отклонил связь КЖВТМТРК-98 (КЖВТМТРК) → МТРК-191 (МТРК) [sim 0.727] — AI-вердикт: NOT_CORRECT
2025-10-13 12:19:04 [WARNING] Аналитик функций ГО: AI отклонил связь КИБМЦРИАПРК-18 (КИБМЦРИАПРК) → МЦРИАПРК-441 (МЦРИАПРК) [sim 0.966] — AI-вердикт: NOT_CORRECT
2025-10-13 12:19:04 [WARNING] Аналитик функций ГО: AI отклонил связь КЗППМТИРК-11 (КЗППМТИРК) → МТИРК-274 (МТИРК) [sim 0.921] — AI-вердикт: NOT_CORRECT
2025-10-13 12:19:04 [WARNING] Аналитик функций ГО: AI отклонил связь КИБМЦРИАПРК-24 (КИБМЦРИАПРК) → МЦРИАПРК-197 (МЦРИАПРК) [sim 0.957] — AI-вердикт: NOT_CORRECT
2025-10-13 12:19:04 [WARNING] Аналитик функций ГО: AI отклонил связь КИБМЦРИАПРК-14 (КИБМЦРИАПРК) → МЦРИАПРК-61 (МЦРИАПРК) [sim 0.976] — AI-вердикт: NOT_CORRECT
2025-10-13 12:19:04 [WARNING] Аналитик функций ГО: AI отклонил связь КЗППМТИРК-9 (КЗППМТИРК) → МТИРК-281 (МТИРК) [sim 0.706] — AI-вердикт: NOT_CORRECT
2025-10-13 12:19:04 [WARNING] Аналитик функций ГО: AI отклонил связь КЗППМТИРК-1 (КЗППМТИРК) → МТИРК-273 (МТИРК) [sim 0.822] — AI-вердикт: NOT_CORRECT
2025-10-13 12:19:04 [WARNING] Аналитик функций ГО: AI отклонил связь КИБМЦРИАПРК-20 (КИБМЦРИАПРК) → МЦРИАПРК-199 (МЦРИАПРК) [sim 0.973] — AI-вердикт: NOT_CORRECT
2025-10-13 12:19:04 [WARNING] Аналитик функций ГО: AI отклонил связь КЖВТМТРК-96 (КЖВТМТРК) → МТРК-319 (МТРК) [sim 0.831] — AI-вердикт: NOT_CORRECT
2025-10-13 12:19:04 [WARNING] Аналитик функций ГО: AI отклонил связь КИБМЦРИАПРК-10 (КИБМЦРИАПРК) → МЦРИАПРК-54 (МЦРИАПРК) [sim 0.975] — AI-вердикт: NOT_CORRECT
2025-10-13 12:19:04 [WARNING] Аналитик функций ГО: AI отклонил связь КИБМЦРИАПРК-35 (КИБМЦРИАПРК) → МЦРИАПРК-402 (МЦРИАПРК) [sim 0.945] — AI-вердикт: NOT_CORRECT
2025-10-13 12:19:04 [WARNING] Аналитик функций ГО: AI отклонил связь КИБМЦРИАПРК-29 (КИБМЦРИАПРК) → МЦРИАПРК-207 (МЦРИАПРК) [sim 0.944] — AI-вердикт: NOT_CORRECT
2025-10-13 12:19:04 [WARNING] Аналитик функций ГО: AI отклонил связь КИБМЦРИАПРК-25 (КИБМЦРИАПРК) → МЦРИАПРК-400 (МЦРИАПРК) [sim 0.929] — AI-вердикт: NOT_CORRECT
2025-10-13 12:19:04 [WARNING] Аналитик функций ГО: AI отклонил связь КИБМЦРИАПРК-33 (КИБМЦРИАПРК) → МЦРИАПРК-399 (МЦРИАПРК) [sim 0.979] — AI-вердикт: NOT_CORRECT
2025-10-13 12:19:04 [WARNING] Аналитик функций ГО: AI отклонил связь КИБМЦРИАПРК-66 (КИБМЦРИАПРК) → МЦРИАПРК-19 (МЦРИАПРК) [sim 0.925] — AI-вердикт: NOT_CORRECT
2025-10-13 12:19:04 [WARNING] Аналитик функций ГО: AI отклонил связь КИБМЦРИАПРК-22 (КИБМЦРИАПРК) → МЦРИАПРК-406 (МЦРИАПРК) [sim 0.910] — AI-вердикт: NOT_CORRECT
2025-10-13 12:19:04 [WARNING] Аналитик функций ГО: AI отклонил связь КИБМЦРИАПРК-34 (КИБМЦРИАПРК) → МЦРИАПРК-401 (МЦРИАПРК) [sim 0.947] — AI-вердикт: NOT_CORRECT
2025-10-13 12:19:04 [WARNING] Аналитик функций ГО: AI отклонил связь КИБМЦРИАПРК-30 (КИБМЦРИАПРК) → МЦРИАПРК-165 (МЦРИАПРК) [sim 0.855] — AI-вердикт: NOT_CORRECT
2025-10-13 12:19:04 [WARNING] Аналитик функций ГО: AI отклонил связь КИБМЦРИАПРК-64 (КИБМЦРИАПРК) → МЦРИАПРК-74 (МЦРИАПРК) [sim 0.965] — AI-вердикт: NOT_CORRECT
2025-10-13 12:19:04 [WARNING] Аналитик функций ГО: AI отклонил связь КИБМЦРИАПРК-28 (КИБМЦРИАПРК) → МЦРИАПРК-206 (МЦРИАПРК) [sim 0.963] — AI-вердикт: NOT_CORRECT
2025-10-13 12:19:04 [WARNING] Аналитик функций ГО: AI отклонил связь КИБМЦРИАПРК-12 (КИБМЦРИАПРК) → МЦРИАПРК-58 (МЦРИАПРК) [sim 0.728] — AI-вердикт: NOT_CORRECT
2025-10-13 12:19:04 [WARNING] Аналитик функций ГО: AI отклонил связь КЖВТМТРК-5 (КЖВТМТРК) → МТРК-235 (МТРК) [sim 0.653] — AI-вердикт: NOT_CORRECT
2025-10-13 12:19:04 [WARNING] Аналитик функций ГО: AI отклонил связь КИБМЦРИАПРК-17 (КИБМЦРИАПРК) → МЦРИАПРК-5 (МЦРИАПРК) [sim 0.798] — AI-вердикт: NOT_CORRECT
2025-10-13 12:19:04 [WARNING] Аналитик функций ГО: AI отклонил связь КЗППМТИРК-17 (КЗППМТИРК) → МТИРК-282 (МТИРК) [sim 0.721] — AI-вердикт: NOT_CORRECT
2025-10-13 12:19:04 [WARNING] Аналитик функций ГО: AI отклонил связь КИБМЦРИАПРК-2 (КИБМЦРИАПРК) → МЦРИАПРК-483 (МЦРИАПРК) [sim 0.813] — AI-вердикт: NOT_CORRECT
2025-10-13 12:19:04 [WARNING] Аналитик функций ГО: AI отклонил связь КИБМЦРИАПРК-36 (КИБМЦРИАПРК) → МЦРИАПРК-407 (МЦРИАПРК) [sim 0.983] — AI-вердикт: NOT_CORRECT
2025-10-13 12:19:04 [WARNING] Аналитик функций ГО: AI отклонил связь КИБМЦРИАПРК-6 (КИБМЦРИАПРК) → МЦРИАПРК-442 (МЦРИАПРК) [sim 0.935] — AI-вердикт: NOT_CORRECT
2025-10-13 12:19:04 [WARNING] Аналитик функций ГО: AI отклонил связь КИБМЦРИАПРК-83 (КИБМЦРИАПРК) → МЦРИАПРК-173 (МЦРИАПРК) [sim 0.712] — AI-вердикт: NOT_CORRECT
2025-10-13 12:19:04 [WARNING] Аналитик функций ГО: AI отклонил связь КИБМЦРИАПРК-4 (КИБМЦРИАПРК) → МЦРИАПРК-8 (МЦРИАПРК) [sim 0.756] — AI-вердикт: NOT_CORRECT
2025-10-13 12:19:04 [WARNING] Аналитик функций ГО: AI отклонил связь КИИРИМЦРИАПРК-13 (КИИРИМЦРИАПРК) → МЦРИАПРК-318 (МЦРИАПРК) [sim 0.912] — AI-вердикт: NOT_CORRECT
2025-10-13 12:19:04 [WARNING] Аналитик функций ГО: AI отклонил связь КИБМЦРИАПРК-13 (КИБМЦРИАПРК) → МЦРИАПРК-59 (МЦРИАПРК) [sim 0.979] — AI-вердикт: NOT_CORRECT
2025-10-13 12:19:04 [WARNING] Аналитик функций ГО: AI отклонил связь КИИРИМЦРИАПРК-1 (КИИРИМЦРИАПРК) → МЦРИАПРК-393 (МЦРИАПРК) [sim 0.807] — AI-вердикт: NOT_CORRECT
2025-10-13 12:19:04 [WARNING] Аналитик функций ГО: AI отклонил связь КИБМЦРИАПРК-31 (КИБМЦРИАПРК) → МЦРИАПРК-54 (МЦРИАПРК) [sim 0.693] — AI-вердикт: NOT_CORRECT
2025-10-13 12:19:04 [WARNING] Аналитик функций ГО: AI отклонил связь КИИРИМЦРИАПРК-17 (КИИРИМЦРИАПРК) → МЦРИАПРК-316 (МЦРИАПРК) [sim 0.952] — AI-вердикт: NOT_CORRECT
2025-10-13 12:19:04 [WARNING] Аналитик функций ГО: AI отклонил связь КИБМЦРИАПРК-81 (КИБМЦРИАПРК) → МЦРИАПРК-349 (МЦРИАПРК) [sim 0.778] — AI-вердикт: NOT_CORRECT
2025-10-13 12:19:04 [WARNING] Аналитик функций ГО: AI отклонил связь КИИРИМЦРИАПРК-16 (КИИРИМЦРИАПРК) → МЦРИАПРК-317 (МЦРИАПРК) [sim 0.980] — AI-вердикт: NOT_CORRECT
2025-10-13 12:19:04 [WARNING] Аналитик функций ГО: AI отклонил связь КИИРИМЦРИАПРК-22 (КИИРИМЦРИАПРК) → МЦРИАПРК-7 (МЦРИАПРК) [sim 0.637] — AI-вердикт: NOT_CORRECT
2025-10-13 12:19:04 [WARNING] Аналитик функций ГО: AI отклонил связь КЖВТМТРК-149 (КЖВТМТРК) → МТРК-284 (МТРК) [sim 0.872] — AI-вердикт: NOT_CORRECT
2025-10-13 12:19:04 [WARNING] Аналитик функций ГО: AI отклонил связь КИБМЦРИАПРК-42 (КИБМЦРИАПРК) → МЦРИАПРК-167 (МЦРИАПРК) [sim 0.937] — AI-вердикт: NOT_CORRECT
2025-10-13 12:19:04 [WARNING] Аналитик функций ГО: AI отклонил связь КИБМЦРИАПРК-97-1 (КИБМЦРИАПРК) → МЦРИАПРК-25 (МЦРИАПРК) [sim 0.802] — AI-вердикт: NOT_CORRECT
2025-10-13 12:19:04 [WARNING] Аналитик функций ГО: AI отклонил связь КИБМЦРИАПРК-16 (КИБМЦРИАПРК) → МЦРИАПРК-63 (МЦРИАПРК) [sim 0.926] — AI-вердикт: NOT_CORRECT
2025-10-13 12:19:04 [WARNING] Аналитик функций ГО: AI отклонил связь КИБМЦРИАПРК-7 (КИБМЦРИАПРК) → МЦРИАПРК-445 (МЦРИАПРК) [sim 0.764] — AI-вердикт: NOT_CORRECT
2025-10-13 12:19:04 [WARNING] Аналитик функций ГО: AI отклонил связь КИИРИМЦРИАПРК-19 (КИИРИМЦРИАПРК) → МЦРИАПРК-315 (МЦРИАПРК) [sim 0.984] — AI-вердикт: NOT_CORRECT
2025-10-13 12:19:04 [WARNING] Аналитик функций ГО: AI отклонил связь КИИРИМЦРИАПРК-14 (КИИРИМЦРИАПРК) → МЦРИАПРК-325 (МЦРИАПРК) [sim 0.978] — AI-вердикт: NOT_CORRECT
2025-10-13 12:19:04 [WARNING] Аналитик функций ГО: AI отклонил связь КИИРИМЦРИАПРК-10 (КИИРИМЦРИАПРК) → МЦРИАПРК-308 (МЦРИАПРК) [sim 0.969] — AI-вердикт: NOT_CORRECT
2025-10-13 12:19:04 [WARNING] Аналитик функций ГО: AI отклонил связь КИИРИМЦРИАПРК-12 (КИИРИМЦРИАПРК) → МЦРИАПРК-315 (МЦРИАПРК) [sim 0.984] — AI-вердикт: NOT_CORRECT
2025-10-13 12:19:04 [WARNING] Аналитик функций ГО: AI отклонил связь КИИРИМЦРИАПРК-18 (КИИРИМЦРИАПРК) → МЦРИАПРК-328 (МЦРИАПРК) [sim 0.981] — AI-вердикт: NOT_CORRECT
2025-10-13 12:19:04 [WARNING] Аналитик функций ГО: AI отклонил связь КИБМЦРИАПРК-8 (КИБМЦРИАПРК) → МЦРИАПРК-52 (МЦРИАПРК) [sim 0.965] — AI-вердикт: NOT_CORRECT
2025-10-13 12:19:04 [WARNING] Аналитик функций ГО: AI отклонил связь КИБМЦРИАПРК-86 (КИБМЦРИАПРК) → МЦРИАПРК-201 (МЦРИАПРК) [sim 0.685] — AI-вердикт: NOT_CORRECT
2025-10-13 12:19:04 [WARNING] Аналитик функций ГО: AI отклонил связь КИИРИМЦРИАПРК-44 (КИИРИМЦРИАПРК) → МЦРИАПРК-311 (МЦРИАПРК) [sim 0.977] — AI-вердикт: NOT_CORRECT
2025-10-13 12:19:04 [WARNING] Аналитик функций ГО: AI отклонил связь КИБМЦРИАПРК-41 (КИБМЦРИАПРК) → МЦРИАПРК-186 (МЦРИАПРК) [sim 0.970] — AI-вердикт: NOT_CORRECT
2025-10-13 12:19:04 [WARNING] Аналитик функций ГО: AI отклонил связь КИБМЦРИАПРК-11 (КИБМЦРИАПРК) → МЦРИАПРК-58 (МЦРИАПРК) [sim 0.967] — AI-вердикт: NOT_CORRECT
2025-10-13 12:19:04 [WARNING] Аналитик функций ГО: AI отклонил связь КИИРИМЦРИАПРК-43 (КИИРИМЦРИАПРК) → МЦРИАПРК-323 (МЦРИАПРК) [sim 0.502] — AI-вердикт: NOT_CORRECT
2025-10-13 12:19:04 [WARNING] Аналитик функций ГО: AI отклонил связь КИИРИМЦРИАПРК-23 (КИИРИМЦРИАПРК) → МЦРИАПРК-397 (МЦРИАПРК) [sim 0.736] — AI-вердикт: NOT_CORRECT
2025-10-13 12:19:04 [WARNING] Аналитик функций ГО: AI отклонил связь КИИРИМЦРИАПРК-4 (КИИРИМЦРИАПРК) → МЦРИАПРК-324 (МЦРИАПРК) [sim 0.793] — AI-вердикт: NOT_CORRECT
2025-10-13 12:19:04 [WARNING] Аналитик функций ГО: AI отклонил связь КИИРИМЦРИАПРК-2 (КИИРИМЦРИАПРК) → МЦРИАПРК-394 (МЦРИАПРК) [sim 0.764] — AI-вердикт: NOT_CORRECT
2025-10-13 12:19:04 [WARNING] Аналитик функций ГО: AI отклонил связь КИИРИМЦРИАПРК-50 (КИИРИМЦРИАПРК) → МЦРИАПРК-383 (МЦРИАПРК) [sim 0.873] — AI-вердикт: NOT_CORRECT
2025-10-13 12:19:04 [WARNING] Аналитик функций ГО: AI отклонил связь КИИРИМЦРИАПРК-6 (КИИРИМЦРИАПРК) → МЦРИАПРК-525 (МЦРИАПРК) [sim 0.612] — AI-вердикт: NOT_CORRECT
2025-10-13 12:19:04 [WARNING] Аналитик функций ГО: AI отклонил связь КИБМЦРИАПРК-84 (КИБМЦРИАПРК) → МЦРИАПРК-53 (МЦРИАПРК) [sim 0.728] — AI-вердикт: NOT_CORRECT
2025-10-13 12:19:04 [WARNING] Аналитик функций ГО: AI отклонил связь КИБМЦРИАПРК-39 (КИБМЦРИАПРК) → МЦРИАПРК-184 (МЦРИАПРК) [sim 0.722] — AI-вердикт: NOT_CORRECT
2025-10-13 12:19:04 [WARNING] Аналитик функций ГО: AI отклонил связь КИБМЦРИАПРК-9 (КИБМЦРИАПРК) → МЦРИАПРК-53 (МЦРИАПРК) [sim 0.975] — AI-вердикт: NOT_CORRECT
2025-10-13 12:19:04 [WARNING] Аналитик функций ГО: AI отклонил связь КИБМЦРИАПРК-82 (КИБМЦРИАПРК) → МЦРИАПРК-52 (МЦРИАПРК) [sim 0.758] — AI-вердикт: NOT_CORRECT
2025-10-13 12:19:04 [WARNING] Аналитик функций ГО: AI отклонил связь КИИРИМЦРИАПРК-26 (КИИРИМЦРИАПРК) → МЦРИАПРК-354 (МЦРИАПРК) [sim 0.948] — AI-вердикт: NOT_CORRECT
2025-10-13 12:19:04 [WARNING] Аналитик функций ГО: AI отклонил связь КИИРИМЦРИАПРК-3 (КИИРИМЦРИАПРК) → МЦРИАПРК-17 (МЦРИАПРК) [sim 0.793] — AI-вердикт: NOT_CORRECT
2025-10-13 12:19:04 [WARNING] Аналитик функций ГО: AI отклонил связь КИИРИМЦРИАПРК-59 (КИИРИМЦРИАПРК) → МЦРИАПРК-392 (МЦРИАПРК) [sim 0.810] — AI-вердикт: NOT_CORRECT
2025-10-13 12:19:04 [WARNING] Аналитик функций ГО: AI отклонил связь КИИРИМЦРИАПРК-46 (КИИРИМЦРИАПРК) → МЦРИАПРК-328 (МЦРИАПРК) [sim 0.933] — AI-вердикт: NOT_CORRECT
2025-10-13 12:19:04 [WARNING] Аналитик функций ГО: AI отклонил связь КИИРИМЦРИАПРК-71 (КИИРИМЦРИАПРК) → МЦРИАПРК-346 (МЦРИАПРК) [sim 0.944] — AI-вердикт: NOT_CORRECT
2025-10-13 12:19:04 [WARNING] Аналитик функций ГО: AI отклонил связь КИИРИМЦРИАПРК-69 (КИИРИМЦРИАПРК) → МЦРИАПРК-349 (МЦРИАПРК) [sim 0.973] — AI-вердикт: NOT_CORRECT
2025-10-13 12:19:04 [WARNING] Аналитик функций ГО: AI отклонил связь КИИРИМЦРИАПРК-49 (КИИРИМЦРИАПРК) → МЦРИАПРК-384 (МЦРИАПРК) [sim 0.823] — AI-вердикт: NOT_CORRECT
2025-10-13 12:19:04 [WARNING] Аналитик функций ГО: AI отклонил связь КИИРИМЦРИАПРК-74 (КИИРИМЦРИАПРК) → МЦРИАПРК-329 (МЦРИАПРК) [sim 0.966] — AI-вердикт: NOT_CORRECT
2025-10-13 12:19:04 [WARNING] Аналитик функций ГО: AI отклонил связь КИИРИМЦРИАПРК-51 (КИИРИМЦРИАПРК) → МЦРИАПРК-390 (МЦРИАПРК) [sim 0.938] — AI-вердикт: NOT_CORRECT
2025-10-13 12:19:04 [WARNING] Аналитик функций ГО: AI отклонил связь КИИРИМЦРИАПРК-53 (КИИРИМЦРИАПРК) → МЦРИАПРК-385 (МЦРИАПРК) [sim 0.749] — AI-вердикт: NOT_CORRECT
2025-10-13 12:19:04 [WARNING] Аналитик функций ГО: AI отклонил связь КИИРИМЦРИАПРК-68 (КИИРИМЦРИАПРК) → МЦРИАПРК-350 (МЦРИАПРК) [sim 0.982] — AI-вердикт: NOT_CORRECT
2025-10-13 12:19:04 [WARNING] Аналитик функций ГО: AI отклонил связь КИИРИМЦРИАПРК-52 (КИИРИМЦРИАПРК) → МЦРИАПРК-382 (МЦРИАПРК) [sim 0.835] — AI-вердикт: NOT_CORRECT
2025-10-13 12:19:04 [WARNING] Аналитик функций ГО: AI отклонил связь КИИРИМЦРИАПРК-58 (КИИРИМЦРИАПРК) → МЦРИАПРК-386 (МЦРИАПРК) [sim 0.959] — AI-вердикт: NOT_CORRECT
2025-10-13 12:19:04 [WARNING] Аналитик функций ГО: AI отклонил связь КИИРИМЦРИАПРК-8 (КИИРИМЦРИАПРК) → МЦРИАПРК-309 (МЦРИАПРК) [sim 0.969] — AI-вердикт: NOT_CORRECT
2025-10-13 12:19:04 [WARNING] Аналитик функций ГО: AI отклонил связь КИИРИМЦРИАПРК-78 (КИИРИМЦРИАПРК) → МЦРИАПРК-129 (МЦРИАПРК) [sim 0.523] — AI-вердикт: NOT_CORRECT
2025-10-13 12:19:04 [WARNING] Аналитик функций ГО: AI отклонил связь КИИРИМЦРИАПРК-61 (КИИРИМЦРИАПРК) → МЦРИАПРК-391 (МЦРИАПРК) [sim 0.957] — AI-вердикт: NOT_CORRECT
2025-10-13 12:19:04 [WARNING] Аналитик функций ГО: AI отклонил связь КИБМЦРИАПРК-44 (КИБМЦРИАПРК) → МЦРИАПРК-217 (МЦРИАПРК) [sim 0.743] — AI-вердикт: NOT_CORRECT
2025-10-13 12:19:04 [WARNING] Аналитик функций ГО: AI отклонил связь КИБМЦРИАПРК-75 (КИБМЦРИАПРК) → МЦРИАПРК-66 (МЦРИАПРК) [sim 0.930] — AI-вердикт: NOT_CORRECT
2025-10-13 12:19:04 [WARNING] Аналитик функций ГО: AI отклонил связь КИИРИМЦРИАПРК-91-1 (КИИРИМЦРИАПРК) → МЦРИАПРК-7 (МЦРИАПРК) [sim 0.704] — AI-вердикт: NOT_CORRECT
2025-10-13 12:19:04 [WARNING] Аналитик функций ГО: AI отклонил связь КИМРМИДРК-11 (КИМРМИДРК) → МИДРК-216 (МИДРК) [sim 0.958] — AI-вердикт: NOT_CORRECT
2025-10-13 12:19:04 [WARNING] Аналитик функций ГО: AI отклонил связь КИИРИМЦРИАПРК-9 (КИИРИМЦРИАПРК) → МЦРИАПРК-310 (МЦРИАПРК) [sim 0.966] — AI-вердикт: NOT_CORRECT
2025-10-13 12:19:04 [WARNING] Аналитик функций ГО: AI отклонил связь КИБМЦРИАПРК-45 (КИБМЦРИАПРК) → МЦРИАПРК-177 (МЦРИАПРК) [sim 0.818] — AI-вердикт: NOT_CORRECT
2025-10-13 12:19:04 [WARNING] Аналитик функций ГО: AI отклонил связь КИИРИМЦРИАПРК-64 (КИИРИМЦРИАПРК) → МЦРИАПРК-57 (МЦРИАПРК) [sim 0.933] — AI-вердикт: NOT_CORRECT
2025-10-13 12:19:04 [WARNING] Аналитик функций ГО: AI отклонил связь КИМРМИДРК-15 (КИМРМИДРК) → МИДРК-220 (МИДРК) [sim 0.945] — AI-вердикт: NOT_CORRECT
2025-10-13 12:19:04 [WARNING] Аналитик функций ГО: AI отклонил связь КИИРИМЦРИАПРК-84 (КИИРИМЦРИАПРК) → МЦРИАПРК-71 (МЦРИАПРК) [sim 0.889] — AI-вердикт: NOT_CORRECT
2025-10-13 12:19:04 [WARNING] Аналитик функций ГО: AI отклонил связь КИИРИМЦРИАПРК-54 (КИИРИМЦРИАПРК) → МЦРИАПРК-384 (МЦРИАПРК) [sim 0.713] — AI-вердикт: NOT_CORRECT
2025-10-13 12:19:04 [WARNING] Аналитик функций ГО: AI отклонил связь КИИРИМЦРИАПРК-88 (КИИРИМЦРИАПРК) → МЦРИАПРК-348 (МЦРИАПРК) [sim 0.699] — AI-вердикт: NOT_CORRECT
2025-10-13 12:19:04 [WARNING] Аналитик функций ГО: AI отклонил связь КИИРИМЦРИАПРК-91 (КИИРИМЦРИАПРК) → МЦРИАПРК-7 (МЦРИАПРК) [sim 0.704] — AI-вердикт: NOT_CORRECT
2025-10-13 12:19:04 [WARNING] Аналитик функций ГО: AI отклонил связь КИИРИМЦРИАПРК-36 (КИИРИМЦРИАПРК) → МЦРИАПРК-358 (МЦРИАПРК) [sim 0.924] — AI-вердикт: NOT_CORRECT
2025-10-13 12:19:04 [WARNING] Аналитик функций ГО: AI отклонил связь КИМРМИДРК-16 (КИМРМИДРК) → МИДРК-114 (МИДРК) [sim 0.986] — AI-вердикт: NOT_CORRECT
2025-10-13 12:19:04 [WARNING] Аналитик функций ГО: AI отклонил связь КИИРИМЦРИАПРК-86 (КИИРИМЦРИАПРК) → МЦРИАПРК-74 (МЦРИАПРК) [sim 0.951] — AI-вердикт: NOT_CORRECT
2025-10-13 12:19:04 [WARNING] Аналитик функций ГО: AI отклонил связь КИМРМИДРК-17-1 (КИМРМИДРК) → МИДРК-223 (МИДРК) [sim 0.726] — AI-вердикт: NOT_CORRECT
2025-10-13 12:19:04 [WARNING] Аналитик функций ГО: AI отклонил связь КИТМТСРК-37 (КИТМТСРК) → МТСРК-124 (МТСРК) [sim 0.947] — AI-вердикт: NOT_CORRECT
2025-10-13 12:19:04 [WARNING] Аналитик функций ГО: AI отклонил связь КИТМТСРК-21 (КИТМТСРК) → МТСРК-119 (МТСРК) [sim 0.941] — AI-вердикт: NOT_CORRECT
2025-10-13 12:19:04 [WARNING] Аналитик функций ГО: AI отклонил связь КИТМТСРК-25 (КИТМТСРК) → МТСРК-131 (МТСРК) [sim 0.971] — AI-вердикт: NOT_CORRECT
2025-10-13 12:19:04 [WARNING] Аналитик функций ГО: AI отклонил связь КИТМТСРК-30 (КИТМТСРК) → МТСРК-134 (МТСРК) [sim 0.979] — AI-вердикт: NOT_CORRECT
2025-10-13 12:19:04 [WARNING] Аналитик функций ГО: AI отклонил связь КИТМТСРК-33 (КИТМТСРК) → МТСРК-121 (МТСРК) [sim 0.931] — AI-вердикт: NOT_CORRECT
2025-10-13 12:19:04 [WARNING] Аналитик функций ГО: AI отклонил связь КИТМТСРК-36 (КИТМТСРК) → МТСРК-128 (МТСРК) [sim 0.840] — AI-вердикт: NOT_CORRECT
2025-10-13 12:19:04 [WARNING] Аналитик функций ГО: AI отклонил связь КИТМТСРК-38 (КИТМТСРК) → МТСРК-125 (МТСРК) [sim 0.953] — AI-вердикт: NOT_CORRECT
2025-10-13 12:19:04 [WARNING] Аналитик функций ГО: AI отклонил связь КИТМТСРК-15 (КИТМТСРК) → МТСРК-79 (МТСРК) [sim 0.620] — AI-вердикт: NOT_CORRECT
2025-10-13 12:19:04 [WARNING] Аналитик функций ГО: AI отклонил связь КИМРМИДРК-4 (КИМРМИДРК) → МИДРК-111 (МИДРК) [sim 0.853] — AI-вердикт: NOT_CORRECT
2025-10-13 12:19:04 [WARNING] Аналитик функций ГО: AI отклонил связь КИТМТСРК-1 (КИТМТСРК) → МТСРК-23 (МТСРК) [sim 0.637] — AI-вердикт: NOT_CORRECT
2025-10-13 12:19:04 [WARNING] Аналитик функций ГО: AI отклонил связь КИТМТСРК-31 (КИТМТСРК) → МТСРК-130 (МТСРК) [sim 0.963] — AI-вердикт: NOT_CORRECT
2025-10-13 12:19:04 [WARNING] Аналитик функций ГО: AI отклонил связь КИТМТСРК-41 (КИТМТСРК) → МТСРК-136 (МТСРК) [sim 0.951] — AI-вердикт: NOT_CORRECT
2025-10-13 12:19:04 [WARNING] Аналитик функций ГО: AI отклонил связь КИТМТСРК-29 (КИТМТСРК) → МТСРК-133 (МТСРК) [sim 0.952] — AI-вердикт: NOT_CORRECT
2025-10-13 12:19:04 [WARNING] Аналитик функций ГО: AI отклонил связь КИТМТСРК-27 (КИТМТСРК) → МТСРК-127 (МТСРК) [sim 0.979] — AI-вердикт: NOT_CORRECT
2025-10-13 12:19:04 [WARNING] Аналитик функций ГО: AI отклонил связь КИМРМИДРК-2 (КИМРМИДРК) → МИДРК-112 (МИДРК) [sim 0.667] — AI-вердикт: NOT_CORRECT
2025-10-13 12:19:04 [WARNING] Аналитик функций ГО: AI отклонил связь КИТМТСРК-19 (КИТМТСРК) → МТСРК-29 (МТСРК) [sim 0.621] — AI-вердикт: NOT_CORRECT
2025-10-13 12:19:04 [WARNING] Аналитик функций ГО: AI отклонил связь КИТМТСРК-18 (КИТМТСРК) → МТСРК-22 (МТСРК) [sim 0.960] — AI-вердикт: NOT_CORRECT
2025-10-13 12:19:04 [WARNING] Аналитик функций ГО: AI отклонил связь КИИРИМЦРИАПРК-21 (КИИРИМЦРИАПРК) → МЦРИАПРК-336 (МЦРИАПРК) [sim 0.693] — AI-вердикт: NOT_CORRECT
2025-10-13 12:19:04 [WARNING] Аналитик функций ГО: AI отклонил связь ККМКИРК-101 (ККМКИРК) → МКИРК-343 (МКИРК) [sim 0.978] — AI-вердикт: NOT_CORRECT
2025-10-13 12:19:04 [WARNING] Аналитик функций ГО: AI отклонил связь КИТМТСРК-5 (КИТМТСРК) → МТСРК-152 (МТСРК) [sim 0.946] — AI-вердикт: NOT_CORRECT
2025-10-13 12:19:04 [WARNING] Аналитик функций ГО: AI отклонил связь ККМКИРК-100 (ККМКИРК) → МКИРК-415 (МКИРК) [sim 0.928] — AI-вердикт: NOT_CORRECT
2025-10-13 12:19:04 [WARNING] Аналитик функций ГО: AI отклонил связь КИИРИМЦРИАПРК-20 (КИИРИМЦРИАПРК) → МЦРИАПРК-336 (МЦРИАПРК) [sim 0.871] — AI-вердикт: NOT_CORRECT
2025-10-13 12:19:04 [WARNING] Аналитик функций ГО: AI отклонил связь ККМКИРК-116 (ККМКИРК) → МКИРК-236 (МКИРК) [sim 0.964] — AI-вердикт: NOT_CORRECT
2025-10-13 12:19:04 [WARNING] Аналитик функций ГО: AI отклонил связь ККМКИРК-103 (ККМКИРК) → МКИРК-442 (МКИРК) [sim 0.916] — AI-вердикт: NOT_CORRECT
2025-10-13 12:19:04 [WARNING] Аналитик функций ГО: AI отклонил связь КИТМТСРК-28 (КИТМТСРК) → МТСРК-129 (МТСРК) [sim 0.952] — AI-вердикт: NOT_CORRECT
2025-10-13 12:19:04 [WARNING] Аналитик функций ГО: AI отклонил связь ККМКИРК-128-2 (ККМКИРК) → МКИРК-443 (МКИРК) [sim 0.801] — AI-вердикт: NOT_CORRECT
2025-10-13 12:19:04 [WARNING] Аналитик функций ГО: AI отклонил связь КИТМТСРК-11 (КИТМТСРК) → МТСРК-143 (МТСРК) [sim 0.882] — AI-вердикт: NOT_CORRECT
2025-10-13 12:19:04 [WARNING] Аналитик функций ГО: AI отклонил связь КИТМТСРК-23 (КИТМТСРК) → МТСРК-123 (МТСРК) [sim 0.975] — AI-вердикт: NOT_CORRECT
2025-10-13 12:19:04 [WARNING] Аналитик функций ГО: AI отклонил связь ККМКИРК-111 (ККМКИРК) → МКИРК-410 (МКИРК) [sim 0.801] — AI-вердикт: NOT_CORRECT
2025-10-13 12:19:04 [WARNING] Аналитик функций ГО: AI отклонил связь ККМКИРК-1 (ККМКИРК) → МКИРК-315 (МКИРК) [sim 0.840] — AI-вердикт: NOT_CORRECT
2025-10-13 12:19:04 [WARNING] Аналитик функций ГО: AI отклонил связь КИИРИМЦРИАПРК-87 (КИИРИМЦРИАПРК) → МЦРИАПРК-75 (МЦРИАПРК) [sim 0.938] — AI-вердикт: NOT_CORRECT
2025-10-13 12:19:04 [WARNING] Аналитик функций ГО: AI отклонил связь ККМКИРК-129 (ККМКИРК) → МКИРК-335 (МКИРК) [sim 0.975] — AI-вердикт: NOT_CORRECT
2025-10-13 12:19:04 [WARNING] Аналитик функций ГО: AI отклонил связь ККМКИРК-124 (ККМКИРК) → МКИРК-301 (МКИРК) [sim 0.720] — AI-вердикт: NOT_CORRECT
2025-10-13 12:19:04 [WARNING] Аналитик функций ГО: AI отклонил связь ККМКИРК-135 (ККМКИРК) → МКИРК-334 (МКИРК) [sim 0.953] — AI-вердикт: NOT_CORRECT
2025-10-13 12:19:04 [WARNING] Аналитик функций ГО: AI отклонил связь ККМКИРК-131 (ККМКИРК) → МКИРК-17 (МКИРК) [sim 0.697] — AI-вердикт: NOT_CORRECT
2025-10-13 12:19:04 [WARNING] Аналитик функций ГО: AI отклонил связь ККМКИРК-128-1 (ККМКИРК) → МКИРК-443 (МКИРК) [sim 0.909] — AI-вердикт: NOT_CORRECT
2025-10-13 12:19:04 [WARNING] Аналитик функций ГО: AI отклонил связь КИБМЦРИАПРК-97 (КИБМЦРИАПРК) → МЦРИАПРК-25 (МЦРИАПРК) [sim 0.802] — AI-вердикт: NOT_CORRECT
2025-10-13 12:19:04 [WARNING] Аналитик функций ГО: AI отклонил связь КИТМТСРК-39 (КИТМТСРК) → МТСРК-126 (МТСРК) [sim 0.844] — AI-вердикт: NOT_CORRECT
2025-10-13 12:19:04 [WARNING] Аналитик функций ГО: AI отклонил связь ККМКИРК-106 (ККМКИРК) → МКИРК-364 (МКИРК) [sim 0.758] — AI-вердикт: NOT_CORRECT
2025-10-13 12:19:04 [WARNING] Аналитик функций ГО: AI отклонил связь ККМКИРК-140 (ККМКИРК) → МКИРК-340 (МКИРК) [sim 0.842] — AI-вердикт: NOT_CORRECT
2025-10-13 12:19:04 [WARNING] Аналитик функций ГО: AI отклонил связь ККМКИРК-18 (ККМКИРК) → МКИРК-389 (МКИРК) [sim 0.574] — AI-вердикт: NOT_CORRECT
2025-10-13 12:19:04 [WARNING] Аналитик функций ГО: AI отклонил связь ККМКИРК-139 (ККМКИРК) → МКИРК-314 (МКИРК) [sim 0.845] — AI-вердикт: NOT_CORRECT
2025-10-13 12:19:04 [WARNING] Аналитик функций ГО: AI отклонил связь ККМКИРК-128 (ККМКИРК) → МКИРК-443 (МКИРК) [sim 0.909] — AI-вердикт: NOT_CORRECT
2025-10-13 12:19:04 [WARNING] Аналитик функций ГО: AI отклонил связь КИМРМИДРК-12 (КИМРМИДРК) → МИДРК-110 (МИДРК) [sim 0.972] — AI-вердикт: NOT_CORRECT
2025-10-13 12:19:04 [WARNING] Аналитик функций ГО: AI отклонил связь ККМКИРК-107 (ККМКИРК) → МКИРК-390 (МКИРК) [sim 0.768] — AI-вердикт: NOT_CORRECT
2025-10-13 12:19:04 [WARNING] Аналитик функций ГО: AI отклонил связь ККМКИРК-141 (ККМКИРК) → МКИРК-377 (МКИРК) [sim 0.935] — AI-вердикт: NOT_CORRECT
2025-10-13 12:19:04 [WARNING] Аналитик функций ГО: AI отклонил связь ККМКИРК-39 (ККМКИРК) → МКИРК-453 (МКИРК) [sim 0.709] — AI-вердикт: NOT_CORRECT
2025-10-13 12:19:04 [WARNING] Аналитик функций ГО: AI отклонил связь ККМКИРК-19 (ККМКИРК) → МКИРК-339 (МКИРК) [sim 0.967] — AI-вердикт: NOT_CORRECT
2025-10-13 12:19:04 [WARNING] Аналитик функций ГО: AI отклонил связь ККМКИРК-65 (ККМКИРК) → МКИРК-476 (МКИРК) [sim 0.701] — AI-вердикт: NOT_CORRECT
2025-10-13 12:19:04 [WARNING] Аналитик функций ГО: AI отклонил связь ККМКИРК-110 (ККМКИРК) → МКИРК-338 (МКИРК) [sim 0.737] — AI-вердикт: NOT_CORRECT
2025-10-13 12:19:04 [WARNING] Аналитик функций ГО: AI отклонил связь ККМКИРК-6 (ККМКИРК) → МКИРК-187 (МКИРК) [sim 0.868] — AI-вердикт: NOT_CORRECT
2025-10-13 12:19:04 [WARNING] Аналитик функций ГО: AI отклонил связь ККМКИРК-22 (ККМКИРК) → МКИРК-437 (МКИРК) [sim 0.750] — AI-вердикт: NOT_CORRECT
2025-10-13 12:19:04 [WARNING] Аналитик функций ГО: AI отклонил связь ККМКИРК-113 (ККМКИРК) → МКИРК-315 (МКИРК) [sim 0.778] — AI-вердикт: NOT_CORRECT
2025-10-13 12:19:04 [WARNING] Аналитик функций ГО: AI отклонил связь ККМКИРК-145 (ККМКИРК) → МКИРК-535 (МКИРК) [sim 0.985] — AI-вердикт: NOT_CORRECT
2025-10-13 12:19:04 [WARNING] Аналитик функций ГО: AI отклонил связь ККМКИРК-34 (ККМКИРК) → МКИРК-388 (МКИРК) [sim 0.752] — AI-вердикт: NOT_CORRECT
2025-10-13 12:19:04 [WARNING] Аналитик функций ГО: AI отклонил связь КИТМТСРК-26 (КИТМТСРК) → МТСРК-132 (МТСРК) [sim 0.971] — AI-вердикт: NOT_CORRECT
2025-10-13 12:19:04 [WARNING] Аналитик функций ГО: AI отклонил связь ККМКИРК-3 (ККМКИРК) → МКИРК-254 (МКИРК) [sim 0.636] — AI-вердикт: NOT_CORRECT
2025-10-13 12:19:04 [WARNING] Аналитик функций ГО: AI отклонил связь ККМКИРК-55 (ККМКИРК) → МКИРК-413 (МКИРК) [sim 0.778] — AI-вердикт: NOT_CORRECT
2025-10-13 12:19:04 [WARNING] Аналитик функций ГО: AI отклонил связь ККМКИРК-49 (ККМКИРК) → МКИРК-331 (МКИРК) [sim 0.965] — AI-вердикт: NOT_CORRECT
2025-10-13 12:19:04 [WARNING] Аналитик функций ГО: AI отклонил связь ККМКИРК-98 (ККМКИРК) → МКИРК-365 (МКИРК) [sim 0.929] — AI-вердикт: NOT_CORRECT
2025-10-13 12:19:04 [WARNING] Аналитик функций ГО: AI отклонил связь ККМКИРК-58 (ККМКИРК) → МКИРК-428 (МКИРК) [sim 0.761] — AI-вердикт: NOT_CORRECT
2025-10-13 12:19:04 [WARNING] Аналитик функций ГО: AI отклонил связь ККМКИРК-80 (ККМКИРК) → МКИРК-415 (МКИРК) [sim 0.825] — AI-вердикт: NOT_CORRECT
2025-10-13 12:19:04 [WARNING] Аналитик функций ГО: AI отклонил связь ККМКИРК-5 (ККМКИРК) → МКИРК-185 (МКИРК) [sim 0.708] — AI-вердикт: NOT_CORRECT
2025-10-13 12:19:04 [WARNING] Аналитик функций ГО: AI отклонил связь ККМКИРК-87 (ККМКИРК) → МКИРК-428 (МКИРК) [sim 0.879] — AI-вердикт: NOT_CORRECT
2025-10-13 12:19:04 [WARNING] Аналитик функций ГО: AI отклонил связь ККМКИРК-64 (ККМКИРК) → МКИРК-403 (МКИРК) [sim 0.781] — AI-вердикт: NOT_CORRECT
2025-10-13 12:19:04 [WARNING] Аналитик функций ГО: AI отклонил связь ККМКИРК-7 (ККМКИРК) → МКИРК-65 (МКИРК) [sim 0.878] — AI-вердикт: NOT_CORRECT
2025-10-13 12:19:04 [WARNING] Аналитик функций ГО: AI отклонил связь ККМФРК-25 (ККМФРК) → МФРК-985 (МФРК) [sim 0.719] — AI-вердикт: NOT_CORRECT
2025-10-13 12:19:04 [WARNING] Аналитик функций ГО: AI отклонил связь ККМФРК-14 (ККМФРК) → МФРК-1009 (МФРК) [sim 0.791] — AI-вердикт: NOT_CORRECT
2025-10-13 12:19:04 [WARNING] Аналитик функций ГО: AI отклонил связь ККМФРК-23 (ККМФРК) → МФРК-158 (МФРК) [sim 0.800] — AI-вердикт: NOT_CORRECT
2025-10-13 12:19:04 [WARNING] Аналитик функций ГО: AI отклонил связь ККМФРК-37 (ККМФРК) → МФРК-1067 (МФРК) [sim 0.765] — AI-вердикт: NOT_CORRECT
2025-10-13 12:19:04 [WARNING] Аналитик функций ГО: AI отклонил связь ККМФРК-35 (ККМФРК) → МФРК-958 (МФРК) [sim 0.709] — AI-вердикт: NOT_CORRECT
2025-10-13 12:19:04 [WARNING] Аналитик функций ГО: AI отклонил связь ККМКИРК-2 (ККМКИРК) → МКИРК-315 (МКИРК) [sim 0.820] — AI-вердикт: NOT_CORRECT
2025-10-13 12:19:04 [WARNING] Аналитик функций ГО: AI отклонил связь ККМКИРК-88 (ККМКИРК) → МКИРК-429 (МКИРК) [sim 0.911] — AI-вердикт: NOT_CORRECT
2025-10-13 12:19:04 [WARNING] Аналитик функций ГО: AI отклонил связь ККМКИРК-25 (ККМКИРК) → МКИРК-385 (МКИРК) [sim 0.678] — AI-вердикт: NOT_CORRECT
2025-10-13 12:19:04 [WARNING] Аналитик функций ГО: AI отклонил связь ККМФРК-30 (ККМФРК) → МФРК-470 (МФРК) [sim 0.962] — AI-вердикт: NOT_CORRECT
2025-10-13 12:19:04 [WARNING] Аналитик функций ГО: AI отклонил связь ККМФРК-28 (ККМФРК) → МФРК-996 (МФРК) [sim 0.770] — AI-вердикт: NOT_CORRECT
2025-10-13 12:19:04 [WARNING] Аналитик функций ГО: AI отклонил связь ККМФРК-54 (ККМФРК) → МФРК-497 (МФРК) [sim 0.898] — AI-вердикт: NOT_CORRECT
2025-10-13 12:19:04 [WARNING] Аналитик функций ГО: AI отклонил связь ККМФРК-20 (ККМФРК) → МФРК-474 (МФРК) [sim 0.614] — AI-вердикт: NOT_CORRECT
2025-10-13 12:19:04 [WARNING] Аналитик функций ГО: AI отклонил связь ККМФРК-52 (ККМФРК) → МФРК-906 (МФРК) [sim 0.680] — AI-вердикт: NOT_CORRECT
2025-10-13 12:19:04 [WARNING] Аналитик функций ГО: AI отклонил связь ККМКИРК-66 (ККМКИРК) → МКИРК-425 (МКИРК) [sim 0.927] — AI-вердикт: NOT_CORRECT
2025-10-13 12:19:04 [WARNING] Аналитик функций ГО: AI отклонил связь ККМФРК-15 (ККМФРК) → МФРК-392 (МФРК) [sim 0.751] — AI-вердикт: NOT_CORRECT
2025-10-13 12:19:04 [WARNING] Аналитик функций ГО: AI отклонил связь ККМФРК-48 (ККМФРК) → МФРК-10 (МФРК) [sim 0.719] — AI-вердикт: NOT_CORRECT
2025-10-13 12:19:04 [WARNING] Аналитик функций ГО: AI отклонил связь ККМФРК-2 (ККМФРК) → МФРК-924 (МФРК) [sim 0.765] — AI-вердикт: NOT_CORRECT
2025-10-13 12:19:04 [WARNING] Аналитик функций ГО: AI отклонил связь ККМФРК-6 (ККМФРК) → МФРК-141 (МФРК) [sim 0.788] — AI-вердикт: NOT_CORRECT
2025-10-13 12:19:04 [WARNING] Аналитик функций ГО: AI отклонил связь ККМФРК-27 (ККМФРК) → МФРК-50 (МФРК) [sim 0.763] — AI-вердикт: NOT_CORRECT
2025-10-13 12:19:04 [WARNING] Аналитик функций ГО: AI отклонил связь ККМФРК-75 (ККМФРК) → МФРК-66 (МФРК) [sim 0.803] — AI-вердикт: NOT_CORRECT
2025-10-13 12:19:04 [WARNING] Аналитик функций ГО: AI отклонил связь ККМФРК-3 (ККМФРК) → МФРК-463 (МФРК) [sim 0.843] — AI-вердикт: NOT_CORRECT
2025-10-13 12:19:05 [WARNING] Аналитик функций ГО: AI отклонил связь ККМФРК-41 (ККМФРК) → МФРК-32 (МФРК) [sim 0.699] — AI-вердикт: NOT_CORRECT
2025-10-13 12:19:05 [WARNING] Аналитик функций ГО: AI отклонил связь ККМФРК-46 (ККМФРК) → МФРК-1009 (МФРК) [sim 0.944] — AI-вердикт: NOT_CORRECT
2025-10-13 12:19:05 [WARNING] Аналитик функций ГО: AI отклонил связь ККМФРК-61 (ККМФРК) → МФРК-482 (МФРК) [sim 0.807] — AI-вердикт: NOT_CORRECT
2025-10-13 12:19:05 [WARNING] Аналитик функций ГО: AI отклонил связь ККМФРК-7 (ККМФРК) → МФРК-451 (МФРК) [sim 0.695] — AI-вердикт: NOT_CORRECT
2025-10-13 12:19:05 [WARNING] Аналитик функций ГО: AI отклонил связь ККМКИРК-97 (ККМКИРК) → МКИРК-342 (МКИРК) [sim 0.874] — AI-вердикт: NOT_CORRECT
2025-10-13 12:19:05 [WARNING] Аналитик функций ГО: AI отклонил связь ККМФРК-55 (ККМФРК) → МФРК-498 (МФРК) [sim 0.932] — AI-вердикт: NOT_CORRECT
2025-10-13 12:19:05 [WARNING] Аналитик функций ГО: AI отклонил связь ККМФРК-73 (ККМФРК) → МФРК-441 (МФРК) [sim 0.730] — AI-вердикт: NOT_CORRECT
2025-10-13 12:19:05 [WARNING] Аналитик функций ГО: AI отклонил связь ККМФРК-31 (ККМФРК) → МФРК-470 (МФРК) [sim 0.871] — AI-вердикт: NOT_CORRECT
2025-10-13 12:19:05 [WARNING] Аналитик функций ГО: AI отклонил связь ККМФРК-50 (ККМФРК) → МФРК-983 (МФРК) [sim 0.729] — AI-вердикт: NOT_CORRECT
2025-10-13 12:19:05 [WARNING] Аналитик функций ГО: AI отклонил связь ККМФРК-67 (ККМФРК) → МФРК-1033 (МФРК) [sim 0.830] — AI-вердикт: NOT_CORRECT
2025-10-13 12:19:05 [WARNING] Аналитик функций ГО: AI отклонил связь ККМФРК-64 (ККМФРК) → МФРК-472 (МФРК) [sim 0.852] — AI-вердикт: NOT_CORRECT
2025-10-13 12:19:05 [WARNING] Аналитик функций ГО: AI отклонил связь ККМФРК-24 (ККМФРК) → МФРК-498 (МФРК) [sim 0.666] — AI-вердикт: NOT_CORRECT
2025-10-13 12:19:05 [WARNING] Аналитик функций ГО: AI отклонил связь КЛХЖММЭПРРК-101 (КЛХЖММЭПРРК) → МЭПРРК-197 (МЭПРРК) [sim 0.797] — AI-вердикт: NOT_CORRECT
2025-10-13 12:19:05 [WARNING] Аналитик функций ГО: AI отклонил связь ККМФРК-33 (ККМФРК) → МФРК-22 (МФРК) [sim 0.731] — AI-вердикт: NOT_CORRECT
2025-10-13 12:19:05 [WARNING] Аналитик функций ГО: AI отклонил связь ККМФРК-74 (ККМФРК) → МФРК-261 (МФРК) [sim 0.690] — AI-вердикт: NOT_CORRECT
2025-10-13 12:19:05 [WARNING] Аналитик функций ГО: AI отклонил связь ККМФРК-5 (ККМФРК) → МФРК-1000 (МФРК) [sim 0.701] — AI-вердикт: NOT_CORRECT
2025-10-13 12:19:05 [WARNING] Аналитик функций ГО: AI отклонил связь ККМФРК-21 (ККМФРК) → МФРК-900 (МФРК) [sim 0.800] — AI-вердикт: NOT_CORRECT
2025-10-13 12:19:05 [WARNING] Аналитик функций ГО: AI отклонил связь ККМФРК-9 (ККМФРК) → МФРК-489 (МФРК) [sim 0.785] — AI-вердикт: NOT_CORRECT
2025-10-13 12:19:05 [WARNING] Аналитик функций ГО: AI отклонил связь ККМФРК-79 (ККМФРК) → МФРК-783 (МФРК) [sim 0.868] — AI-вердикт: NOT_CORRECT
2025-10-13 12:19:05 [WARNING] Аналитик функций ГО: AI отклонил связь ККМФРК-10 (ККМФРК) → МФРК-970 (МФРК) [sim 0.564] — AI-вердикт: NOT_CORRECT
2025-10-13 12:19:05 [WARNING] Аналитик функций ГО: AI отклонил связь ККМФРК-60 (ККМФРК) → МФРК-57 (МФРК) [sim 0.773] — AI-вердикт: NOT_CORRECT
2025-10-13 12:19:05 [WARNING] Аналитик функций ГО: AI отклонил связь ККМФРК-42 (ККМФРК) → МФРК-985 (МФРК) [sim 0.691] — AI-вердикт: NOT_CORRECT
2025-10-13 12:19:05 [WARNING] Аналитик функций ГО: AI отклонил связь КЛХЖММЭПРРК-118 (КЛХЖММЭПРРК) → МЭПРРК-281 (МЭПРРК) [sim 0.891] — AI-вердикт: NOT_CORRECT
2025-10-13 12:19:05 [WARNING] Аналитик функций ГО: AI отклонил связь ККМФРК-43 (ККМФРК) → МФРК-484 (МФРК) [sim 0.961] — AI-вердикт: NOT_CORRECT
2025-10-13 12:19:05 [WARNING] Аналитик функций ГО: AI отклонил связь ККМФРК-59 (ККМФРК) → МФРК-977 (МФРК) [sim 0.744] — AI-вердикт: NOT_CORRECT
2025-10-13 12:19:05 [WARNING] Аналитик функций ГО: AI отклонил связь ККМФРК-81 (ККМФРК) → МФРК-64 (МФРК) [sim 0.733] — AI-вердикт: NOT_CORRECT
2025-10-13 12:19:05 [WARNING] Аналитик функций ГО: AI отклонил связь ККМФРК-85 (ККМФРК) → МФРК-8 (МФРК) [sim 0.732] — AI-вердикт: NOT_CORRECT
2025-10-13 12:19:05 [WARNING] Аналитик функций ГО: AI отклонил связь ККМКИРК-8 (ККМКИРК) → МКИРК-315 (МКИРК) [sim 0.699] — AI-вердикт: NOT_CORRECT
2025-10-13 12:19:05 [WARNING] Аналитик функций ГО: AI отклонил связь ККМФРК-65 (ККМФРК) → МФРК-586 (МФРК) [sim 0.678] — AI-вердикт: NOT_CORRECT
2025-10-13 12:19:05 [WARNING] Аналитик функций ГО: AI отклонил связь ККМФРК-56 (ККМФРК) → МФРК-495 (МФРК) [sim 0.925] — AI-вердикт: NOT_CORRECT
2025-10-13 12:19:05 [WARNING] Аналитик функций ГО: AI отклонил связь ККМФРК-87 (ККМФРК) → МФРК-961 (МФРК) [sim 0.735] — AI-вердикт: NOT_CORRECT
2025-10-13 12:19:05 [WARNING] Аналитик функций ГО: AI отклонил связь КЛХЖММЭПРРК-169 (КЛХЖММЭПРРК) → МЭПРРК-587 (МЭПРРК) [sim 0.804] — AI-вердикт: NOT_CORRECT
2025-10-13 12:19:05 [WARNING] Аналитик функций ГО: AI отклонил связь КЛХЖММЭПРРК-197 (КЛХЖММЭПРРК) → МЭПРРК-155 (МЭПРРК) [sim 0.917] — AI-вердикт: NOT_CORRECT
2025-10-13 12:19:05 [WARNING] Аналитик функций ГО: AI отклонил связь ККМФРК-19 (ККМФРК) → МФРК-488 (МФРК) [sim 0.639] — AI-вердикт: NOT_CORRECT
2025-10-13 12:19:05 [WARNING] Аналитик функций ГО: AI отклонил связь ККМФРК-62 (ККМФРК) → МФРК-525 (МФРК) [sim 0.648] — AI-вердикт: NOT_CORRECT
2025-10-13 12:19:05 [WARNING] Аналитик функций ГО: AI отклонил связь КЛХЖММЭПРРК-199 (КЛХЖММЭПРРК) → МЭПРРК-171 (МЭПРРК) [sim 0.967] — AI-вердикт: NOT_CORRECT
2025-10-13 12:19:05 [WARNING] Аналитик функций ГО: AI отклонил связь КЛХЖММЭПРРК-116 (КЛХЖММЭПРРК) → МЭПРРК-195 (МЭПРРК) [sim 0.951] — AI-вердикт: NOT_CORRECT
2025-10-13 12:19:05 [WARNING] Аналитик функций ГО: AI отклонил связь КЛХЖММЭПРРК-165 (КЛХЖММЭПРРК) → МЭПРРК-503 (МЭПРРК) [sim 0.978] — AI-вердикт: NOT_CORRECT
2025-10-13 12:19:05 [WARNING] Аналитик функций ГО: AI отклонил связь КЛХЖММЭПРРК-215 (КЛХЖММЭПРРК) → МЭПРРК-41 (МЭПРРК) [sim 0.619] — AI-вердикт: NOT_CORRECT
2025-10-13 12:19:05 [WARNING] Аналитик функций ГО: AI отклонил связь КЛХЖММЭПРРК-5-8 (КЛХЖММЭПРРК) → МЭПРРК-443-1 (МЭПРРК) [sim 0.929] — AI-вердикт: NOT_CORRECT
2025-10-13 12:19:05 [WARNING] Аналитик функций ГО: AI отклонил связь КЛХЖММЭПРРК-214 (КЛХЖММЭПРРК) → МЭПРРК-16 (МЭПРРК) [sim 0.624] — AI-вердикт: NOT_CORRECT
2025-10-13 12:19:05 [WARNING] Аналитик функций ГО: AI отклонил связь КЛХЖММЭПРРК-213 (КЛХЖММЭПРРК) → МЭПРРК-307 (МЭПРРК) [sim 0.556] — AI-вердикт: NOT_CORRECT
2025-10-13 12:19:05 [WARNING] Аналитик функций ГО: AI отклонил связь КЛХЖММЭПРРК-216 (КЛХЖММЭПРРК) → МЭПРРК-11 (МЭПРРК) [sim 0.518] — AI-вердикт: NOT_CORRECT
2025-10-13 12:19:05 [WARNING] Аналитик функций ГО: AI отклонил связь КЛХЖММЭПРРК-212 (КЛХЖММЭПРРК) → МЭПРРК-319 (МЭПРРК) [sim 0.704] — AI-вердикт: NOT_CORRECT
2025-10-13 12:19:05 [WARNING] Аналитик функций ГО: AI отклонил связь КЛХЖММЭПРРК-5-1 (КЛХЖММЭПРРК) → МЭПРРК-443-1 (МЭПРРК) [sim 0.918] — AI-вердикт: NOT_CORRECT
2025-10-13 12:19:05 [WARNING] Аналитик функций ГО: AI отклонил связь КЛХЖММЭПРРК-232 (КЛХЖММЭПРРК) → МЭПРРК-612 (МЭПРРК) [sim 0.789] — AI-вердикт: NOT_CORRECT
2025-10-13 12:19:05 [WARNING] Аналитик функций ГО: AI отклонил связь КЛХЖММЭПРРК-5-4 (КЛХЖММЭПРРК) → МЭПРРК-443-1 (МЭПРРК) [sim 0.974] — AI-вердикт: NOT_CORRECT
2025-10-13 12:19:05 [WARNING] Аналитик функций ГО: AI отклонил связь КЛХЖММЭПРРК-5-6 (КЛХЖММЭПРРК) → МЭПРРК-443-1 (МЭПРРК) [sim 0.948] — AI-вердикт: NOT_CORRECT
2025-10-13 12:19:05 [WARNING] Аналитик функций ГО: AI отклонил связь КЛХЖММЭПРРК-5-7 (КЛХЖММЭПРРК) → МЭПРРК-443-8 (МЭПРРК) [sim 0.930] — AI-вердикт: NOT_CORRECT
2025-10-13 12:19:05 [WARNING] Аналитик функций ГО: AI отклонил связь КЛХЖММЭПРРК-217 (КЛХЖММЭПРРК) → МЭПРРК-45 (МЭПРРК) [sim 0.548] — AI-вердикт: NOT_CORRECT
2025-10-13 12:19:05 [WARNING] Аналитик функций ГО: AI отклонил связь КЛХЖММЭПРРК-5-9 (КЛХЖММЭПРРК) → МЭПРРК-443-10 (МЭПРРК) [sim 0.927] — AI-вердикт: NOT_CORRECT
2025-10-13 12:19:05 [WARNING] Аналитик функций ГО: AI отклонил связь КЛХЖММЭПРРК-69 (КЛХЖММЭПРРК) → МЭПРРК-243 (МЭПРРК) [sim 0.973] — AI-вердикт: NOT_CORRECT
2025-10-13 12:19:05 [WARNING] Аналитик функций ГО: AI отклонил связь КЛХЖММЭПРРК-5-5 (КЛХЖММЭПРРК) → МЭПРРК-443-1 (МЭПРРК) [sim 0.934] — AI-вердикт: NOT_CORRECT
2025-10-13 12:19:05 [WARNING] Аналитик функций ГО: AI отклонил связь КЛХЖММЭПРРК-5-2 (КЛХЖММЭПРРК) → МЭПРРК-443-3 (МЭПРРК) [sim 0.945] — AI-вердикт: NOT_CORRECT
2025-10-13 12:19:05 [WARNING] Аналитик функций ГО: AI отклонил связь КММТСЗНРК-29 (КММТСЗНРК) → МТСЗНРК-244 (МТСЗНРК) [sim 0.503] — AI-вердикт: NOT_CORRECT
2025-10-13 12:19:05 [WARNING] Аналитик функций ГО: AI отклонил связь КММТСЗНРК-26 (КММТСЗНРК) → МТСЗНРК-115 (МТСЗНРК) [sim 0.902] — AI-вердикт: NOT_CORRECT
2025-10-13 12:19:05 [WARNING] Аналитик функций ГО: AI отклонил связь КЛХЖММЭПРРК-218 (КЛХЖММЭПРРК) → МЭПРРК-410 (МЭПРРК) [sim 0.605] — AI-вердикт: NOT_CORRECT
2025-10-13 12:19:05 [WARNING] Аналитик функций ГО: AI отклонил связь КММТСЗНРК-17 (КММТСЗНРК) → МТСЗНРК-138 (МТСЗНРК) [sim 0.797] — AI-вердикт: NOT_CORRECT
2025-10-13 12:19:05 [WARNING] Аналитик функций ГО: AI отклонил связь КММТСЗНРК-31 (КММТСЗНРК) → МТСЗНРК-112 (МТСЗНРК) [sim 0.807] — AI-вердикт: NOT_CORRECT
2025-10-13 12:19:05 [WARNING] Аналитик функций ГО: AI отклонил связь КМСМВД-17 (КМСМВД) → МВД-299 (МВД) [sim 0.628] — AI-вердикт: NOT_CORRECT
2025-10-13 12:19:05 [WARNING] Аналитик функций ГО: AI отклонил связь КМСМВД-2-8 (КМСМВД) → МВД-99 (МВД) [sim 0.578] — AI-вердикт: NOT_CORRECT
2025-10-13 12:19:05 [WARNING] Аналитик функций ГО: AI отклонил связь КМСМВД-5 (КМСМВД) → МВД-287 (МВД) [sim 0.880] — AI-вердикт: NOT_CORRECT
2025-10-13 12:19:05 [WARNING] Аналитик функций ГО: AI отклонил связь КМСМВД-2-6 (КМСМВД) → МВД-296 (МВД) [sim 0.701] — AI-вердикт: NOT_CORRECT
2025-10-13 12:19:05 [WARNING] Аналитик функций ГО: AI отклонил связь КММТСЗНРК-2 (КММТСЗНРК) → МТСЗНРК-92 (МТСЗНРК) [sim 1.000] — AI-вердикт: NOT_CORRECT
2025-10-13 12:19:05 [WARNING] Аналитик функций ГО: AI отклонил связь КМСМВД-2-9 (КМСМВД) → МВД-93 (МВД) [sim 0.687] — AI-вердикт: NOT_CORRECT
2025-10-13 12:19:05 [WARNING] Аналитик функций ГО: AI отклонил связь КММТСЗНРК-8 (КММТСЗНРК) → МТСЗНРК-96 (МТСЗНРК) [sim 0.972] — AI-вердикт: NOT_CORRECT
2025-10-13 12:19:05 [WARNING] Аналитик функций ГО: AI отклонил связь КМСМВД-15 (КМСМВД) → МВД-299 (МВД) [sim 0.514] — AI-вердикт: NOT_CORRECT
2025-10-13 12:19:05 [WARNING] Аналитик функций ГО: AI отклонил связь КЛХЖММЭПРРК-5-3 (КЛХЖММЭПРРК) → МЭПРРК-443-4 (МЭПРРК) [sim 0.907] — AI-вердикт: NOT_CORRECT
2025-10-13 12:19:05 [WARNING] Аналитик функций ГО: AI отклонил связь КММТСЗНРК-15 (КММТСЗНРК) → МТСЗНРК-141 (МТСЗНРК) [sim 0.918] — AI-вердикт: NOT_CORRECT
2025-10-13 12:19:05 [WARNING] Аналитик функций ГО: AI отклонил связь КМСМВД-16 (КМСМВД) → МВД-106 (МВД) [sim 0.525] — AI-вердикт: NOT_CORRECT
2025-10-13 12:19:05 [WARNING] Аналитик функций ГО: AI отклонил связь КМСМВД-18 (КМСМВД) → МВД-282 (МВД) [sim 0.529] — AI-вердикт: NOT_CORRECT
2025-10-13 12:19:05 [WARNING] Аналитик функций ГО: AI отклонил связь КМСМВД-21-4 (КМСМВД) → МВД-96 (МВД) [sim 0.746] — AI-вердикт: NOT_CORRECT
2025-10-13 12:19:05 [WARNING] Аналитик функций ГО: AI отклонил связь КММТСЗНРК-33 (КММТСЗНРК) → МТСЗНРК-107 (МТСЗНРК) [sim 0.894] — AI-вердикт: NOT_CORRECT
2025-10-13 12:19:05 [WARNING] Аналитик функций ГО: AI отклонил связь КМСМВД-2-4 (КМСМВД) → МВД-296 (МВД) [sim 0.863] — AI-вердикт: NOT_CORRECT
2025-10-13 12:19:05 [WARNING] Аналитик функций ГО: AI отклонил связь КМФКМЗРК-21 (КМФКМЗРК) → МЗРК-237 (МЗРК) [sim 0.688] — AI-вердикт: NOT_CORRECT
2025-10-13 12:19:05 [WARNING] Аналитик функций ГО: AI отклонил связь КМСМВД-21-11 (КМСМВД) → МВД-106 (МВД) [sim 0.578] — AI-вердикт: NOT_CORRECT
2025-10-13 12:19:05 [WARNING] Аналитик функций ГО: AI отклонил связь КМФКМЗРК-12 (КМФКМЗРК) → МЗРК-28 (МЗРК) [sim 0.808] — AI-вердикт: NOT_CORRECT
2025-10-13 12:19:05 [WARNING] Аналитик функций ГО: AI отклонил связь КМСМВД-20 (КМСМВД) → МВД-184 (МВД) [sim 0.613] — AI-вердикт: NOT_CORRECT
2025-10-13 12:19:05 [WARNING] Аналитик функций ГО: AI отклонил связь КМСМВД-6 (КМСМВД) → МВД-287 (МВД) [sim 0.785] — AI-вердикт: NOT_CORRECT
2025-10-13 12:19:05 [WARNING] Аналитик функций ГО: AI отклонил связь КМСМВД-2-3 (КМСМВД) → МВД-97 (МВД) [sim 0.704] — AI-вердикт: NOT_CORRECT
2025-10-13 12:19:05 [WARNING] Аналитик функций ГО: AI отклонил связь КМФКМЗРК-16 (КМФКМЗРК) → МЗРК-351 (МЗРК) [sim 0.647] — AI-вердикт: NOT_CORRECT
2025-10-13 12:19:05 [WARNING] Аналитик функций ГО: AI отклонил связь КМФКМЗРК-24 (КМФКМЗРК) → МЗРК-332 (МЗРК) [sim 0.626] — AI-вердикт: NOT_CORRECT
2025-10-13 12:19:05 [WARNING] Аналитик функций ГО: AI отклонил связь КМСМВД-21-7 (КМСМВД) → МВД-96 (МВД) [sim 0.730] — AI-вердикт: NOT_CORRECT
2025-10-13 12:19:05 [WARNING] Аналитик функций ГО: AI отклонил связь КМФКМЗРК-28 (КМФКМЗРК) → МЗРК-231 (МЗРК) [sim 0.695] — AI-вердикт: NOT_CORRECT
2025-10-13 12:19:05 [WARNING] Аналитик функций ГО: AI отклонил связь КММТСЗНРК-5 (КММТСЗНРК) → МТСЗНРК-147 (МТСЗНРК) [sim 0.917] — AI-вердикт: NOT_CORRECT
2025-10-13 12:19:05 [WARNING] Аналитик функций ГО: AI отклонил связь КМФКМЗРК-4 (КМФКМЗРК) → МЗРК-389 (МЗРК) [sim 0.614] — AI-вердикт: NOT_CORRECT
2025-10-13 12:19:05 [WARNING] Аналитик функций ГО: AI отклонил связь КМФКМЗРК-37 (КМФКМЗРК) → МЗРК-219 (МЗРК) [sim 0.657] — AI-вердикт: NOT_CORRECT
2025-10-13 12:19:05 [WARNING] Аналитик функций ГО: AI отклонил связь КМФКМЗРК-15 (КМФКМЗРК) → МЗРК-351 (МЗРК) [sim 0.634] — AI-вердикт: NOT_CORRECT
2025-10-13 12:19:05 [WARNING] Аналитик функций ГО: AI отклонил связь КМСМВД-21-2 (КМСМВД) → МВД-294 (МВД) [sim 0.805] — AI-вердикт: NOT_CORRECT
2025-10-13 12:19:05 [WARNING] Аналитик функций ГО: AI отклонил связь КМФКМЗРК-27 (КМФКМЗРК) → МЗРК-219 (МЗРК) [sim 0.807] — AI-вердикт: NOT_CORRECT
2025-10-13 12:19:05 [WARNING] Аналитик функций ГО: AI отклонил связь КМФКМЗРК-13 (КМФКМЗРК) → МЗРК-28 (МЗРК) [sim 0.712] — AI-вердикт: NOT_CORRECT
2025-10-13 12:19:05 [WARNING] Аналитик функций ГО: AI отклонил связь КМСМВД-21-6 (КМСМВД) → МВД-97 (МВД) [sim 0.743] — AI-вердикт: NOT_CORRECT
2025-10-13 12:19:05 [WARNING] Аналитик функций ГО: AI отклонил связь КММТСЗНРК-9 (КММТСЗНРК) → МТСЗНРК-285 (МТСЗНРК) [sim 0.546] — AI-вердикт: NOT_CORRECT
2025-10-13 12:19:05 [WARNING] Аналитик функций ГО: AI отклонил связь КММТСЗНРК-25 (КММТСЗНРК) → МТСЗНРК-114 (МТСЗНРК) [sim 0.965] — AI-вердикт: NOT_CORRECT
2025-10-13 12:19:05 [WARNING] Аналитик функций ГО: AI отклонил связь КМСМВД-19 (КМСМВД) → МВД-303 (МВД) [sim 0.910] — AI-вердикт: NOT_CORRECT
2025-10-13 12:19:05 [WARNING] Аналитик функций ГО: AI отклонил связь КМФКМЗРК-19 (КМФКМЗРК) → МЗРК-106 (МЗРК) [sim 0.604] — AI-вердикт: NOT_CORRECT
2025-10-13 12:19:05 [WARNING] Аналитик функций ГО: AI отклонил связь КМСМВД-2-2 (КМСМВД) → МВД-291 (МВД) [sim 0.760] — AI-вердикт: NOT_CORRECT
2025-10-13 12:19:05 [WARNING] Аналитик функций ГО: AI отклонил связь КМФКМЗРК-46 (КМФКМЗРК) → МЗРК-28 (МЗРК) [sim 0.720] — AI-вердикт: NOT_CORRECT
2025-10-13 12:19:05 [WARNING] Аналитик функций ГО: AI отклонил связь КМФКМЗРК-36 (КМФКМЗРК) → МЗРК-165 (МЗРК) [sim 0.847] — AI-вердикт: NOT_CORRECT
2025-10-13 12:19:05 [WARNING] Аналитик функций ГО: AI отклонил связь КМФКМЗРК-43 (КМФКМЗРК) → МЗРК-28 (МЗРК) [sim 0.695] — AI-вердикт: NOT_CORRECT
2025-10-13 12:19:05 [WARNING] Аналитик функций ГО: AI отклонил связь КМФКМЗРК-26 (КМФКМЗРК) → МЗРК-315 (МЗРК) [sim 0.893] — AI-вердикт: NOT_CORRECT
2025-10-13 12:19:05 [WARNING] Аналитик функций ГО: AI отклонил связь КМФКМЗРК-45 (КМФКМЗРК) → МЗРК-28 (МЗРК) [sim 0.650] — AI-вердикт: NOT_CORRECT
2025-10-13 12:19:05 [WARNING] Аналитик функций ГО: AI отклонил связь КМФКМЗРК-23 (КМФКМЗРК) → МЗРК-211 (МЗРК) [sim 0.741] — AI-вердикт: NOT_CORRECT
2025-10-13 12:19:05 [WARNING] Аналитик функций ГО: AI отклонил связь КМФКМЗРК-33 (КМФКМЗРК) → МЗРК-92 (МЗРК) [sim 0.942] — AI-вердикт: NOT_CORRECT
2025-10-13 12:19:05 [WARNING] Аналитик функций ГО: AI отклонил связь КМСМВД-2-7 (КМСМВД) → МВД-297 (МВД) [sim 0.707] — AI-вердикт: NOT_CORRECT
2025-10-13 12:19:05 [WARNING] Аналитик функций ГО: AI отклонил связь КМСМВД-14 (КМСМВД) → МВД-87 (МВД) [sim 0.750] — AI-вердикт: NOT_CORRECT
2025-10-13 12:19:05 [WARNING] Аналитик функций ГО: AI отклонил связь КМФКМЗРК-39 (КМФКМЗРК) → МЗРК-159 (МЗРК) [sim 0.621] — AI-вердикт: NOT_CORRECT
2025-10-13 12:19:05 [WARNING] Аналитик функций ГО: AI отклонил связь КМФКМЗРК-25 (КМФКМЗРК) → МЗРК-412 (МЗРК) [sim 0.643] — AI-вердикт: NOT_CORRECT
2025-10-13 12:19:05 [WARNING] Аналитик функций ГО: AI отклонил связь КМФКМЗРК-30 (КМФКМЗРК) → МЗРК-45 (МЗРК) [sim 0.636] — AI-вердикт: NOT_CORRECT
2025-10-13 12:19:05 [WARNING] Аналитик функций ГО: AI отклонил связь КМФКМЗРК-50 (КМФКМЗРК) → МЗРК-373 (МЗРК) [sim 0.731] — AI-вердикт: NOT_CORRECT
2025-10-13 12:19:05 [WARNING] Аналитик функций ГО: AI отклонил связь КМФКМЗРК-20 (КМФКМЗРК) → МЗРК-371 (МЗРК) [sim 0.603] — AI-вердикт: NOT_CORRECT
2025-10-13 12:19:05 [WARNING] Аналитик функций ГО: AI отклонил связь КМФКМЗРК-5 (КМФКМЗРК) → МЗРК-111 (МЗРК) [sim 0.786] — AI-вердикт: NOT_CORRECT
2025-10-13 12:19:05 [WARNING] Аналитик функций ГО: AI отклонил связь КМФКМЗРК-64 (КМФКМЗРК) → МЗРК-169 (МЗРК) [sim 0.760] — AI-вердикт: NOT_CORRECT
2025-10-13 12:19:05 [WARNING] Аналитик функций ГО: AI отклонил связь КМФКМЗРК-41 (КМФКМЗРК) → МЗРК-28 (МЗРК) [sim 0.734] — AI-вердикт: NOT_CORRECT
2025-10-13 12:19:05 [WARNING] Аналитик функций ГО: AI отклонил связь КМФКМЗРК-31 (КМФКМЗРК) → МЗРК-320 (МЗРК) [sim 0.726] — AI-вердикт: NOT_CORRECT
2025-10-13 12:19:05 [WARNING] Аналитик функций ГО: AI отклонил связь КМФКМЗРК-34 (КМФКМЗРК) → МЗРК-169 (МЗРК) [sim 0.750] — AI-вердикт: NOT_CORRECT
2025-10-13 12:19:05 [WARNING] Аналитик функций ГО: AI отклонил связь КМФКМЗРК-42 (КМФКМЗРК) → МЗРК-57 (МЗРК) [sim 0.684] — AI-вердикт: NOT_CORRECT
2025-10-13 12:19:05 [WARNING] Аналитик функций ГО: AI отклонил связь КМФКМЗРК-78 (КМФКМЗРК) → МЗРК-169 (МЗРК) [sim 0.763] — AI-вердикт: NOT_CORRECT
2025-10-13 12:19:05 [WARNING] Аналитик функций ГО: AI отклонил связь КМФКМЗРК-32 (КМФКМЗРК) → МЗРК-315 (МЗРК) [sim 0.652] — AI-вердикт: NOT_CORRECT
2025-10-13 12:19:05 [WARNING] Аналитик функций ГО: AI отклонил связь КМФКМЗРК-72 (КМФКМЗРК) → МЗРК-320 (МЗРК) [sim 0.925] — AI-вердикт: NOT_CORRECT
2025-10-13 12:19:05 [WARNING] Аналитик функций ГО: AI отклонил связь КМФКМЗРК-66 (КМФКМЗРК) → МЗРК-169 (МЗРК) [sim 0.678] — AI-вердикт: NOT_CORRECT
2025-10-13 12:19:05 [WARNING] Аналитик функций ГО: AI отклонил связь КМСМВД-12 (КМСМВД) → МВД-282 (МВД) [sim 0.895] — AI-вердикт: NOT_CORRECT
2025-10-13 12:19:05 [WARNING] Аналитик функций ГО: AI отклонил связь КМФКМЗРК-55 (КМФКМЗРК) → МЗРК-251 (МЗРК) [sim 0.926] — AI-вердикт: NOT_CORRECT
2025-10-13 12:19:05 [WARNING] Аналитик функций ГО: AI отклонил связь КМФКМЗРК-38 (КМФКМЗРК) → МЗРК-91 (МЗРК) [sim 0.676] — AI-вердикт: NOT_CORRECT
2025-10-13 12:19:05 [WARNING] Аналитик функций ГО: AI отклонил связь КМФКМЗРК-84 (КМФКМЗРК) → МЗРК-177 (МЗРК) [sim 0.730] — AI-вердикт: NOT_CORRECT
2025-10-13 12:19:05 [WARNING] Аналитик функций ГО: AI отклонил связь КМФКМЗРК-77 (КМФКМЗРК) → МЗРК-330 (МЗРК) [sim 0.740] — AI-вердикт: NOT_CORRECT
2025-10-13 12:19:05 [WARNING] Аналитик функций ГО: AI отклонил связь КМФКМЗРК-82 (КМФКМЗРК) → МЗРК-166 (МЗРК) [sim 0.973] — AI-вердикт: NOT_CORRECT
2025-10-13 12:19:05 [WARNING] Аналитик функций ГО: AI отклонил связь КМФКМЗРК-67 (КМФКМЗРК) → МЗРК-177 (МЗРК) [sim 0.658] — AI-вердикт: NOT_CORRECT
2025-10-13 12:19:05 [WARNING] Аналитик функций ГО: AI отклонил связь КМФКМЗРК-63 (КМФКМЗРК) → МЗРК-45 (МЗРК) [sim 0.667] — AI-вердикт: NOT_CORRECT
2025-10-13 12:19:05 [WARNING] Аналитик функций ГО: AI отклонил связь КМСМВД-21-8 (КМСМВД) → МВД-86 (МВД) [sim 0.717] — AI-вердикт: NOT_CORRECT
2025-10-13 12:19:05 [WARNING] Аналитик функций ГО: AI отклонил связь КМФКМЗРК-74 (КМФКМЗРК) → МЗРК-169 (МЗРК) [sim 0.920] — AI-вердикт: NOT_CORRECT
2025-10-13 12:19:05 [WARNING] Аналитик функций ГО: AI отклонил связь КМСМВД-3 (КМСМВД) → МВД-286 (МВД) [sim 0.891] — AI-вердикт: NOT_CORRECT
2025-10-13 12:19:05 [WARNING] Аналитик функций ГО: AI отклонил связь КМФКМЗРК-76 (КМФКМЗРК) → МЗРК-79 (МЗРК) [sim 0.616] — AI-вердикт: NOT_CORRECT
2025-10-13 12:19:05 [WARNING] Аналитик функций ГО: AI отклонил связь КМФКМЗРК-65 (КМФКМЗРК) → МЗРК-177 (МЗРК) [sim 0.711] — AI-вердикт: NOT_CORRECT
2025-10-13 12:19:05 [WARNING] Аналитик функций ГО: AI отклонил связь КМФКМЗРК-83 (КМФКМЗРК) → МЗРК-85 (МЗРК) [sim 0.809] — AI-вердикт: NOT_CORRECT
2025-10-13 12:19:05 [WARNING] Аналитик функций ГО: AI отклонил связь КМФКМЗРК-44 (КМФКМЗРК) → МЗРК-93 (МЗРК) [sim 0.630] — AI-вердикт: NOT_CORRECT
2025-10-13 12:19:05 [WARNING] Аналитик функций ГО: AI отклонил связь КМФКМЗРК-71 (КМФКМЗРК) → МЗРК-219 (МЗРК) [sim 0.661] — AI-вердикт: NOT_CORRECT
2025-10-13 12:19:05 [WARNING] Аналитик функций ГО: AI отклонил связь КМФКМЗРК-80 (КМФКМЗРК) → МЗРК-351 (МЗРК) [sim 0.786] — AI-вердикт: NOT_CORRECT
2025-10-13 12:19:05 [WARNING] Аналитик функций ГО: AI отклонил связь КМФКМЗРК-29 (КМФКМЗРК) → МЗРК-159 (МЗРК) [sim 0.626] — AI-вердикт: NOT_CORRECT
2025-10-13 12:19:05 [WARNING] Аналитик функций ГО: AI отклонил связь КНМНВОРК-1 (КНМНВОРК) → МНВОРК-143 (МНВОРК) [sim 0.810] — AI-вердикт: NOT_CORRECT
2025-10-13 12:19:05 [WARNING] Аналитик функций ГО: AI отклонил связь КНМНВОРК-12 (КНМНВОРК) → МНВОРК-205 (МНВОРК) [sim 0.875] — AI-вердикт: NOT_CORRECT
2025-10-13 12:19:05 [WARNING] Аналитик функций ГО: AI отклонил связь КМФКМЗРК-35 (КМФКМЗРК) → МЗРК-127 (МЗРК) [sim 0.827] — AI-вердикт: NOT_CORRECT
2025-10-13 12:19:05 [WARNING] Аналитик функций ГО: AI отклонил связь КНМНВОРК-2 (КНМНВОРК) → МНВОРК-206 (МНВОРК) [sim 0.896] — AI-вердикт: NOT_CORRECT
2025-10-13 12:19:05 [WARNING] Аналитик функций ГО: AI отклонил связь КМФКМЗРК-8 (КМФКМЗРК) → МЗРК-86 (МЗРК) [sim 0.597] — AI-вердикт: NOT_CORRECT
2025-10-13 12:19:05 [WARNING] Аналитик функций ГО: AI отклонил связь КНМНВОРК-21 (КНМНВОРК) → МНВОРК-214 (МНВОРК) [sim 0.741] — AI-вердикт: NOT_CORRECT
2025-10-13 12:19:05 [WARNING] Аналитик функций ГО: AI отклонил связь КНМНВОРК-20 (КНМНВОРК) → МНВОРК-205 (МНВОРК) [sim 0.722] — AI-вердикт: NOT_CORRECT
2025-10-13 12:19:05 [WARNING] Аналитик функций ГО: AI отклонил связь КМФКМЗРК-88 (КМФКМЗРК) → МЗРК-291 (МЗРК) [sim 0.953] — AI-вердикт: NOT_CORRECT
2025-10-13 12:19:05 [WARNING] Аналитик функций ГО: AI отклонил связь КНМНВОРК-43 (КНМНВОРК) → МНВОРК-212 (МНВОРК) [sim 0.884] — AI-вердикт: NOT_CORRECT
2025-10-13 12:19:05 [WARNING] Аналитик функций ГО: AI отклонил связь КНМНВОРК-40 (КНМНВОРК) → МНВОРК-260 (МНВОРК) [sim 0.566] — AI-вердикт: NOT_CORRECT
2025-10-13 12:19:05 [WARNING] Аналитик функций ГО: AI отклонил связь КНМНВОРК-35 (КНМНВОРК) → МНВОРК-199 (МНВОРК) [sim 0.844] — AI-вердикт: NOT_CORRECT
2025-10-13 12:19:05 [WARNING] Аналитик функций ГО: AI отклонил связь КМФКМЗРК-3 (КМФКМЗРК) → МЗРК-379 (МЗРК) [sim 0.924] — AI-вердикт: NOT_CORRECT
2025-10-13 12:19:05 [WARNING] Аналитик функций ГО: AI отклонил связь КМФКМЗРК-93 (КМФКМЗРК) → МЗРК-56 (МЗРК) [sim 0.679] — AI-вердикт: NOT_CORRECT
2025-10-13 12:19:05 [WARNING] Аналитик функций ГО: AI отклонил связь КМФКМЗРК-95 (КМФКМЗРК) → МЗРК-56 (МЗРК) [sim 0.757] — AI-вердикт: NOT_CORRECT
2025-10-13 12:19:05 [WARNING] Аналитик функций ГО: AI отклонил связь КОКСНВОМНВОРК-25 (КОКСНВОМНВОРК) → МНВОРК-186 (МНВОРК) [sim 0.743] — AI-вердикт: NOT_CORRECT
2025-10-13 12:19:05 [WARNING] Аналитик функций ГО: AI отклонил связь КНМНВОРК-5 (КНМНВОРК) → МНВОРК-208 (МНВОРК) [sim 0.972] — AI-вердикт: NOT_CORRECT
2025-10-13 12:19:05 [WARNING] Аналитик функций ГО: AI отклонил связь КНМНВОРК-9 (КНМНВОРК) → МНВОРК-180 (МНВОРК) [sim 0.756] — AI-вердикт: NOT_CORRECT
2025-10-13 12:19:05 [WARNING] Аналитик функций ГО: AI отклонил связь КОКСНВОМНВОРК-24 (КОКСНВОМНВОРК) → МНВОРК-186 (МНВОРК) [sim 0.857] — AI-вердикт: NOT_CORRECT
2025-10-13 12:19:05 [WARNING] Аналитик функций ГО: AI отклонил связь КМФКМЗРК-79 (КМФКМЗРК) → МЗРК-219 (МЗРК) [sim 0.686] — AI-вердикт: NOT_CORRECT
2025-10-13 12:19:05 [WARNING] Аналитик функций ГО: AI отклонил связь КОКСНВОМНВОРК-35 (КОКСНВОМНВОРК) → МНВОРК-232 (МНВОРК) [sim 0.592] — AI-вердикт: NOT_CORRECT
2025-10-13 12:19:05 [WARNING] Аналитик функций ГО: AI отклонил связь КОКСНВОМНВОРК-5 (КОКСНВОМНВОРК) → МНВОРК-41 (МНВОРК) [sim 0.759] — AI-вердикт: NOT_CORRECT
2025-10-13 12:19:05 [WARNING] Аналитик функций ГО: AI отклонил связь КОКСНВОМНВОРК-27 (КОКСНВОМНВОРК) → МНВОРК-70 (МНВОРК) [sim 0.781] — AI-вердикт: NOT_CORRECT
2025-10-13 12:19:05 [WARNING] Аналитик функций ГО: AI отклонил связь КНМНВОРК-47 (КНМНВОРК) → МНВОРК-182 (МНВОРК) [sim 0.605] — AI-вердикт: NOT_CORRECT
2025-10-13 12:19:05 [WARNING] Аналитик функций ГО: AI отклонил связь КОКСНВОМНВОРК-17 (КОКСНВОМНВОРК) → МНВОРК-129 (МНВОРК) [sim 0.656] — AI-вердикт: NOT_CORRECT
2025-10-13 12:19:05 [WARNING] Аналитик функций ГО: AI отклонил связь КОКСОМПРК-20 (КОКСОМПРК) → МПРК-116 (МПРК) [sim 0.563] — AI-вердикт: NOT_CORRECT
2025-10-13 12:19:05 [WARNING] Аналитик функций ГО: AI отклонил связь КОКСНВОМНВОРК-15 (КОКСНВОМНВОРК) → МНВОРК-231 (МНВОРК) [sim 0.630] — AI-вердикт: NOT_CORRECT
2025-10-13 12:19:05 [WARNING] Аналитик функций ГО: AI отклонил связь КНМНВОРК-45 (КНМНВОРК) → МНВОРК-210 (МНВОРК) [sim 0.981] — AI-вердикт: NOT_CORRECT
2025-10-13 12:19:05 [WARNING] Аналитик функций ГО: AI отклонил связь КОКСОМПРК-26 (КОКСОМПРК) → МПРК-220 (МПРК) [sim 0.588] — AI-вердикт: NOT_CORRECT
2025-10-13 12:19:05 [WARNING] Аналитик функций ГО: AI отклонил связь КОКСНВОМНВОРК-31 (КОКСНВОМНВОРК) → МНВОРК-199 (МНВОРК) [sim 0.614] — AI-вердикт: NOT_CORRECT
2025-10-13 12:19:05 [WARNING] Аналитик функций ГО: AI отклонил связь КОКСОМПРК-31 (КОКСОМПРК) → МПРК-174 (МПРК) [sim 0.573] — AI-вердикт: NOT_CORRECT
2025-10-13 12:19:05 [WARNING] Аналитик функций ГО: AI отклонил связь КОКСОМПРК-17 (КОКСОМПРК) → МПРК-124 (МПРК) [sim 0.591] — AI-вердикт: NOT_CORRECT
2025-10-13 12:19:05 [WARNING] Аналитик функций ГО: AI отклонил связь КОКСОМПРК-23 (КОКСОМПРК) → МПРК-317 (МПРК) [sim 0.697] — AI-вердикт: NOT_CORRECT
2025-10-13 12:19:05 [WARNING] Аналитик функций ГО: AI отклонил связь КОКСОМПРК-22 (КОКСОМПРК) → МПРК-116 (МПРК) [sim 0.654] — AI-вердикт: NOT_CORRECT
2025-10-13 12:19:05 [WARNING] Аналитик функций ГО: AI отклонил связь КОКСНВОМНВОРК-8 (КОКСНВОМНВОРК) → МНВОРК-95 (МНВОРК) [sim 0.979] — AI-вердикт: NOT_CORRECT
2025-10-13 12:19:05 [WARNING] Аналитик функций ГО: AI отклонил связь КОКСОМПРК-24 (КОКСОМПРК) → МПРК-116 (МПРК) [sim 0.547] — AI-вердикт: NOT_CORRECT
2025-10-13 12:19:05 [WARNING] Аналитик функций ГО: AI отклонил связь КОКСОМПРК-35 (КОКСОМПРК) → МПРК-232 (МПРК) [sim 0.582] — AI-вердикт: NOT_CORRECT
2025-10-13 12:19:05 [WARNING] Аналитик функций ГО: AI отклонил связь КОКСОМПРК-27 (КОКСОМПРК) → МПРК-239 (МПРК) [sim 0.532] — AI-вердикт: NOT_CORRECT
2025-10-13 12:19:05 [WARNING] Аналитик функций ГО: AI отклонил связь КНМНВОРК-46 (КНМНВОРК) → МНВОРК-64 (МНВОРК) [sim 0.709] — AI-вердикт: NOT_CORRECT
2025-10-13 12:19:05 [WARNING] Аналитик функций ГО: AI отклонил связь КОКСНВОМНВОРК-6 (КОКСНВОМНВОРК) → МНВОРК-129 (МНВОРК) [sim 0.834] — AI-вердикт: NOT_CORRECT
2025-10-13 12:19:05 [WARNING] Аналитик функций ГО: AI отклонил связь КОКСНВОМНВОРК-34 (КОКСНВОМНВОРК) → МНВОРК-260 (МНВОРК) [sim 0.663] — AI-вердикт: NOT_CORRECT
2025-10-13 12:19:05 [WARNING] Аналитик функций ГО: AI отклонил связь КОКСОМПРК-34 (КОКСОМПРК) → МПРК-138 (МПРК) [sim 0.615] — AI-вердикт: NOT_CORRECT
2025-10-13 12:19:05 [WARNING] Аналитик функций ГО: AI отклонил связь КОКСОМПРК-5 (КОКСОМПРК) → МПРК-70 (МПРК) [sim 0.663] — AI-вердикт: NOT_CORRECT
2025-10-13 12:19:05 [WARNING] Аналитик функций ГО: AI отклонил связь КОКСОМПРК-16 (КОКСОМПРК) → МПРК-70 (МПРК) [sim 0.578] — AI-вердикт: NOT_CORRECT
2025-10-13 12:19:05 [WARNING] Аналитик функций ГО: AI отклонил связь КОКСОМПРК-1-2 (КОКСОМПРК) → МПРК-226-3 (МПРК) [sim 0.666] — AI-вердикт: NOT_CORRECT
2025-10-13 12:19:05 [WARNING] Аналитик функций ГО: AI отклонил связь КОКСОМПРК-4 (КОКСОМПРК) → МПРК-235 (МПРК) [sim 0.816] — AI-вердикт: NOT_CORRECT
2025-10-13 12:19:05 [WARNING] Аналитик функций ГО: AI отклонил связь КОКСОМПРК-21 (КОКСОМПРК) → МПРК-116 (МПРК) [sim 0.676] — AI-вердикт: NOT_CORRECT
2025-10-13 12:19:05 [WARNING] Аналитик функций ГО: AI отклонил связь КОКСОМПРК-1-1 (КОКСОМПРК) → МПРК-226-3 (МПРК) [sim 0.679] — AI-вердикт: NOT_CORRECT
2025-10-13 12:19:05 [WARNING] Аналитик функций ГО: AI отклонил связь КОКСНВОМНВОРК-16 (КОКСНВОМНВОРК) → МНВОРК-41 (МНВОРК) [sim 0.665] — AI-вердикт: NOT_CORRECT
2025-10-13 12:19:05 [WARNING] Аналитик функций ГО: AI отклонил связь КМФКМЗРК-81 (КМФКМЗРК) → МЗРК-219 (МЗРК) [sim 0.771] — AI-вердикт: NOT_CORRECT
2025-10-13 12:19:05 [WARNING] Аналитик функций ГО: AI отклонил связь КОПДМПРК-18 (КОПДМПРК) → МПРК-97 (МПРК) [sim 0.938] — AI-вердикт: NOT_CORRECT
2025-10-13 12:19:05 [WARNING] Аналитик функций ГО: AI отклонил связь КОКСНВОМНВОРК-9 (КОКСНВОМНВОРК) → МНВОРК-127 (МНВОРК) [sim 0.720] — AI-вердикт: NOT_CORRECT
2025-10-13 12:19:05 [WARNING] Аналитик функций ГО: AI отклонил связь КОПДМПРК-27 (КОПДМПРК) → МПРК-152 (МПРК) [sim 0.885] — AI-вердикт: NOT_CORRECT
2025-10-13 12:19:05 [WARNING] Аналитик функций ГО: AI отклонил связь КНМНВОРК-8 (КНМНВОРК) → МНВОРК-150 (МНВОРК) [sim 0.906] — AI-вердикт: NOT_CORRECT
2025-10-13 12:19:05 [WARNING] Аналитик функций ГО: AI отклонил связь КОКСОМПРК-29 (КОКСОМПРК) → МПРК-238 (МПРК) [sim 0.856] — AI-вердикт: NOT_CORRECT
2025-10-13 12:19:05 [WARNING] Аналитик функций ГО: AI отклонил связь КОПДМПРК-35 (КОПДМПРК) → МПРК-116 (МПРК) [sim 0.943] — AI-вердикт: NOT_CORRECT
2025-10-13 12:19:05 [WARNING] Аналитик функций ГО: AI отклонил связь КОКСОМПРК-6 (КОКСОМПРК) → МПРК-234 (МПРК) [sim 0.629] — AI-вердикт: NOT_CORRECT
2025-10-13 12:19:05 [WARNING] Аналитик функций ГО: AI отклонил связь КОКСНВОМНВОРК-33 (КОКСНВОМНВОРК) → МНВОРК-249 (МНВОРК) [sim 0.753] — AI-вердикт: NOT_CORRECT
2025-10-13 12:19:05 [WARNING] Аналитик функций ГО: AI отклонил связь КОПДМПРК-24 (КОПДМПРК) → МПРК-80 (МПРК) [sim 0.827] — AI-вердикт: NOT_CORRECT
2025-10-13 12:19:05 [WARNING] Аналитик функций ГО: AI отклонил связь КОПДМПРК-25 (КОПДМПРК) → МПРК-187 (МПРК) [sim 0.957] — AI-вердикт: NOT_CORRECT
2025-10-13 12:19:05 [WARNING] Аналитик функций ГО: AI отклонил связь КОПДМПРК-26 (КОПДМПРК) → МПРК-57 (МПРК) [sim 0.691] — AI-вердикт: NOT_CORRECT
2025-10-13 12:19:05 [WARNING] Аналитик функций ГО: AI отклонил связь КОПДМПРК-34 (КОПДМПРК) → МПРК-184 (МПРК) [sim 0.893] — AI-вердикт: NOT_CORRECT
2025-10-13 12:19:05 [WARNING] Аналитик функций ГО: AI отклонил связь КОКСОМПРК-9 (КОКСОМПРК) → МПРК-229 (МПРК) [sim 0.760] — AI-вердикт: NOT_CORRECT
2025-10-13 12:19:05 [WARNING] Аналитик функций ГО: AI отклонил связь КОКСОМПРК-33 (КОКСОМПРК) → МПРК-215 (МПРК) [sim 0.614] — AI-вердикт: NOT_CORRECT
2025-10-13 12:19:05 [WARNING] Аналитик функций ГО: AI отклонил связь КОПДМПРК-37 (КОПДМПРК) → МПРК-188 (МПРК) [sim 0.967] — AI-вердикт: NOT_CORRECT
2025-10-13 12:19:05 [WARNING] Аналитик функций ГО: AI отклонил связь КОПДМПРК-23 (КОПДМПРК) → МПРК-296 (МПРК) [sim 0.748] — AI-вердикт: NOT_CORRECT
2025-10-13 12:19:05 [WARNING] Аналитик функций ГО: AI отклонил связь КОПДМПРК-19 (КОПДМПРК) → МПРК-154 (МПРК) [sim 0.925] — AI-вердикт: NOT_CORRECT
2025-10-13 12:19:05 [WARNING] Аналитик функций ГО: AI отклонил связь КОПДМПРК-62 (КОПДМПРК) → МПРК-204 (МПРК) [sim 0.981] — AI-вердикт: NOT_CORRECT
2025-10-13 12:19:05 [WARNING] Аналитик функций ГО: AI отклонил связь КОКСОМПРК-28 (КОКСОМПРК) → МПРК-214 (МПРК) [sim 0.836] — AI-вердикт: NOT_CORRECT
2025-10-13 12:19:05 [WARNING] Аналитик функций ГО: AI отклонил связь КОПДМПРК-55 (КОПДМПРК) → МПРК-10 (МПРК) [sim 0.694] — AI-вердикт: NOT_CORRECT
2025-10-13 12:19:05 [WARNING] Аналитик функций ГО: AI отклонил связь КОКСОМПРК-10 (КОКСОМПРК) → МПРК-70 (МПРК) [sim 0.859] — AI-вердикт: NOT_CORRECT
2025-10-13 12:19:05 [WARNING] Аналитик функций ГО: AI отклонил связь КОПДМПРК-2 (КОПДМПРК) → МПРК-4 (МПРК) [sim 0.919] — AI-вердикт: NOT_CORRECT
2025-10-13 12:19:05 [WARNING] Аналитик функций ГО: AI отклонил связь КОПДМПРК-50 (КОПДМПРК) → МПРК-269 (МПРК) [sim 0.676] — AI-вердикт: NOT_CORRECT
2025-10-13 12:19:05 [WARNING] Аналитик функций ГО: AI отклонил связь КОКСОМПРК-25 (КОКСОМПРК) → МПРК-233 (МПРК) [sim 0.507] — AI-вердикт: NOT_CORRECT
2025-10-13 12:19:05 [WARNING] Аналитик функций ГО: AI отклонил связь КОПДМПРК-53 (КОПДМПРК) → МПРК-99 (МПРК) [sim 0.943] — AI-вердикт: NOT_CORRECT
2025-10-13 12:19:05 [WARNING] Аналитик функций ГО: AI отклонил связь КОПДМПРК-91 (КОПДМПРК) → МПРК-89 (МПРК) [sim 0.739] — AI-вердикт: NOT_CORRECT
2025-10-13 12:19:05 [WARNING] Аналитик функций ГО: AI отклонил связь КОКСОМПРК-11 (КОКСОМПРК) → МПРК-77 (МПРК) [sim 0.731] — AI-вердикт: NOT_CORRECT
2025-10-13 12:19:05 [WARNING] Аналитик функций ГО: AI отклонил связь КОПДМПРК-32 (КОПДМПРК) → МПРК-179 (МПРК) [sim 0.866] — AI-вердикт: NOT_CORRECT
2025-10-13 12:19:05 [WARNING] Аналитик функций ГО: AI отклонил связь КОПДМПРК-92 (КОПДМПРК) → МПРК-71 (МПРК) [sim 0.548] — AI-вердикт: NOT_CORRECT
2025-10-13 12:19:05 [WARNING] Аналитик функций ГО: AI отклонил связь КОПДМПРК-51 (КОПДМПРК) → МПРК-255 (МПРК) [sim 0.659] — AI-вердикт: NOT_CORRECT
2025-10-13 12:19:05 [WARNING] Аналитик функций ГО: AI отклонил связь КОПДМПРК-29 (КОПДМПРК) → МПРК-301 (МПРК) [sim 0.817] — AI-вердикт: NOT_CORRECT
2025-10-13 12:19:05 [WARNING] Аналитик функций ГО: AI отклонил связь КОПДМПРК-89 (КОПДМПРК) → МПРК-40 (МПРК) [sim 0.958] — AI-вердикт: NOT_CORRECT
2025-10-13 12:19:05 [WARNING] Аналитик функций ГО: AI отклонил связь КОКСОМПРК-8 (КОКСОМПРК) → МПРК-236 (МПРК) [sim 0.964] — AI-вердикт: NOT_CORRECT
2025-10-13 12:19:05 [WARNING] Аналитик функций ГО: AI отклонил связь КПБМЧСРК-101 (КПБМЧСРК) → МЧСРК-397 (МЧСРК) [sim 0.592] — AI-вердикт: NOT_CORRECT
2025-10-13 12:19:05 [WARNING] Аналитик функций ГО: AI отклонил связь КОПДМПРК-10 (КОПДМПРК) → МПРК-58 (МПРК) [sim 0.764] — AI-вердикт: NOT_CORRECT
2025-10-13 12:19:05 [WARNING] Аналитик функций ГО: AI отклонил связь КПБМЧСРК-1 (КПБМЧСРК) → МЧСРК-280 (МЧСРК) [sim 0.591] — AI-вердикт: NOT_CORRECT
2025-10-13 12:19:05 [WARNING] Аналитик функций ГО: AI отклонил связь КОПДМПРК-6 (КОПДМПРК) → МПРК-240 (МПРК) [sim 0.854] — AI-вердикт: NOT_CORRECT
2025-10-13 12:19:05 [WARNING] Аналитик функций ГО: AI отклонил связь КПБМЧСРК-20 (КПБМЧСРК) → МЧСРК-379 (МЧСРК) [sim 0.909] — AI-вердикт: NOT_CORRECT
2025-10-13 12:19:05 [WARNING] Аналитик функций ГО: AI отклонил связь КОПДМПРК-76 (КОПДМПРК) → МПРК-89 (МПРК) [sim 0.954] — AI-вердикт: NOT_CORRECT
2025-10-13 12:19:05 [WARNING] Аналитик функций ГО: AI отклонил связь КПБМЧСРК-55 (КПБМЧСРК) → МЧСРК-162 (МЧСРК) [sim 0.950] — AI-вердикт: NOT_CORRECT
2025-10-13 12:19:05 [WARNING] Аналитик функций ГО: AI отклонил связь КОПДМПРК-20 (КОПДМПРК) → МПРК-56 (МПРК) [sim 0.882] — AI-вердикт: NOT_CORRECT
2025-10-13 12:19:05 [WARNING] Аналитик функций ГО: AI отклонил связь КПБМЧСРК-54 (КПБМЧСРК) → МЧСРК-161 (МЧСРК) [sim 0.961] — AI-вердикт: NOT_CORRECT
2025-10-13 12:19:05 [WARNING] Аналитик функций ГО: AI отклонил связь КОПДМПРК-9 (КОПДМПРК) → МПРК-24 (МПРК) [sim 0.799] — AI-вердикт: NOT_CORRECT
2025-10-13 12:19:05 [WARNING] Аналитик функций ГО: AI отклонил связь КОПДМПРК-71 (КОПДМПРК) → МПРК-218 (МПРК) [sim 0.871] — AI-вердикт: NOT_CORRECT
2025-10-13 12:19:05 [WARNING] Аналитик функций ГО: AI отклонил связь КПБМЧСРК-102 (КПБМЧСРК) → МЧСРК-410 (МЧСРК) [sim 0.835] — AI-вердикт: NOT_CORRECT
2025-10-13 12:19:05 [WARNING] Аналитик функций ГО: AI отклонил связь КПБМЧСРК-53 (КПБМЧСРК) → МЧСРК-160 (МЧСРК) [sim 0.945] — AI-вердикт: NOT_CORRECT
2025-10-13 12:19:05 [WARNING] Аналитик функций ГО: AI отклонил связь КОПДМПРК-42 (КОПДМПРК) → МПРК-82 (МПРК) [sim 0.850] — AI-вердикт: NOT_CORRECT
2025-10-13 12:19:05 [WARNING] Аналитик функций ГО: AI отклонил связь КПБМЧСРК-52 (КПБМЧСРК) → МЧСРК-159 (МЧСРК) [sim 0.975] — AI-вердикт: NOT_CORRECT
2025-10-13 12:19:05 [WARNING] Аналитик функций ГО: AI отклонил связь КПБМЧСРК-56 (КПБМЧСРК) → МЧСРК-163 (МЧСРК) [sim 0.981] — AI-вердикт: NOT_CORRECT
2025-10-13 12:19:05 [WARNING] Аналитик функций ГО: AI отклонил связь КПБМЧСРК-76 (КПБМЧСРК) → МЧСРК-184 (МЧСРК) [sim 0.953] — AI-вердикт: NOT_CORRECT
2025-10-13 12:19:05 [WARNING] Аналитик функций ГО: AI отклонил связь КПБМЧСРК-15 (КПБМЧСРК) → МЧСРК-364 (МЧСРК) [sim 0.964] — AI-вердикт: NOT_CORRECT
2025-10-13 12:19:05 [WARNING] Аналитик функций ГО: AI отклонил связь КОПДМПРК-41 (КОПДМПРК) → МПРК-83 (МПРК) [sim 0.921] — AI-вердикт: NOT_CORRECT
2025-10-13 12:19:05 [WARNING] Аналитик функций ГО: AI отклонил связь КПБМЧСРК-7 (КПБМЧСРК) → МЧСРК-124 (МЧСРК) [sim 0.976] — AI-вердикт: NOT_CORRECT
2025-10-13 12:19:05 [WARNING] Аналитик функций ГО: AI отклонил связь КПИМЮРК-12 (КПИМЮРК) → МЮРК-152 (МЮРК) [sim 0.946] — AI-вердикт: NOT_CORRECT
2025-10-13 12:19:05 [WARNING] Аналитик функций ГО: AI отклонил связь КПИМЮРК-19 (КПИМЮРК) → МЮРК-34 (МЮРК) [sim 0.773] — AI-вердикт: NOT_CORRECT
2025-10-13 12:19:05 [WARNING] Аналитик функций ГО: AI отклонил связь КПБМЧСРК-8 (КПБМЧСРК) → МЧСРК-123 (МЧСРК) [sim 0.936] — AI-вердикт: NOT_CORRECT
2025-10-13 12:19:05 [WARNING] Аналитик функций ГО: AI отклонил связь КПИМЮРК-51 (КПИМЮРК) → МЮРК-119 (МЮРК) [sim 0.948] — AI-вердикт: NOT_CORRECT
2025-10-13 12:19:05 [WARNING] Аналитик функций ГО: AI отклонил связь КПИМЮРК-52 (КПИМЮРК) → МЮРК-120 (МЮРК) [sim 0.957] — AI-вердикт: NOT_CORRECT
2025-10-13 12:19:05 [WARNING] Аналитик функций ГО: AI отклонил связь КПИМЮРК-6 (КПИМЮРК) → МЮРК-105 (МЮРК) [sim 0.703] — AI-вердикт: NOT_CORRECT
2025-10-13 12:19:05 [WARNING] Аналитик функций ГО: AI отклонил связь КПИМЮРК-57 (КПИМЮРК) → МЮРК-33 (МЮРК) [sim 0.598] — AI-вердикт: NOT_CORRECT
2025-10-13 12:19:05 [WARNING] Аналитик функций ГО: AI отклонил связь КПИСМЮРК-12 (КПИСМЮРК) → МЮРК-152 (МЮРК) [sim 0.946] — AI-вердикт: NOT_CORRECT
2025-10-13 12:19:05 [WARNING] Аналитик функций ГО: AI отклонил связь КПИМЮРК-50 (КПИМЮРК) → МЮРК-118 (МЮРК) [sim 0.974] — AI-вердикт: NOT_CORRECT
2025-10-13 12:19:05 [WARNING] Аналитик функций ГО: AI отклонил связь КПИСМЮРК-52 (КПИСМЮРК) → МЮРК-120 (МЮРК) [sim 0.957] — AI-вердикт: NOT_CORRECT
2025-10-13 12:19:05 [WARNING] Аналитик функций ГО: AI отклонил связь КПИСМЮРК-51 (КПИСМЮРК) → МЮРК-119 (МЮРК) [sim 0.948] — AI-вердикт: NOT_CORRECT
2025-10-13 12:19:05 [WARNING] Аналитик функций ГО: AI отклонил связь КПИСМЮРК-57 (КПИСМЮРК) → МЮРК-33 (МЮРК) [sim 0.598] — AI-вердикт: NOT_CORRECT
2025-10-13 12:19:05 [WARNING] Аналитик функций ГО: AI отклонил связь КПИСМЮРК-49 (КПИСМЮРК) → МЮРК-117 (МЮРК) [sim 0.961] — AI-вердикт: NOT_CORRECT
2025-10-13 12:19:05 [WARNING] Аналитик функций ГО: AI отклонил связь КПИСМЮРК-6 (КПИСМЮРК) → МЮРК-105 (МЮРК) [sim 0.703] — AI-вердикт: NOT_CORRECT
2025-10-13 12:19:05 [WARNING] Аналитик функций ГО: AI отклонил связь КПМПСРК-121 (КПМПСРК) → МПСРК-106 (МПСРК) [sim 0.692] — AI-вердикт: NOT_CORRECT
2025-10-13 12:19:05 [WARNING] Аналитик функций ГО: AI отклонил связь КПМПСРК-126 (КПМПСРК) → МПСРК-106 (МПСРК) [sim 0.745] — AI-вердикт: NOT_CORRECT
2025-10-13 12:19:05 [WARNING] Аналитик функций ГО: AI отклонил связь КПМПСРК-125 (КПМПСРК) → МПСРК-25 (МПСРК) [sim 0.698] — AI-вердикт: NOT_CORRECT
2025-10-13 12:19:05 [WARNING] Аналитик функций ГО: AI отклонил связь КПИСМЮРК-50 (КПИСМЮРК) → МЮРК-118 (МЮРК) [sim 0.974] — AI-вердикт: NOT_CORRECT
2025-10-13 12:19:05 [WARNING] Аналитик функций ГО: AI отклонил связь КПМПСРК-123 (КПМПСРК) → МПСРК-106 (МПСРК) [sim 0.723] — AI-вердикт: NOT_CORRECT
2025-10-13 12:19:05 [WARNING] Аналитик функций ГО: AI отклонил связь КПМПСРК-120 (КПМПСРК) → МПСРК-235 (МПСРК) [sim 0.585] — AI-вердикт: NOT_CORRECT
2025-10-13 12:19:05 [WARNING] Аналитик функций ГО: AI отклонил связь КПМПСРК-104 (КПМПСРК) → МПСРК-130 (МПСРК) [sim 0.806] — AI-вердикт: NOT_CORRECT
2025-10-13 12:19:05 [WARNING] Аналитик функций ГО: AI отклонил связь КПМПСРК-122 (КПМПСРК) → МПСРК-104 (МПСРК) [sim 0.632] — AI-вердикт: NOT_CORRECT
2025-10-13 12:19:05 [WARNING] Аналитик функций ГО: AI отклонил связь КПМПСРК-139 (КПМПСРК) → МПСРК-86 (МПСРК) [sim 0.682] — AI-вердикт: NOT_CORRECT
2025-10-13 12:19:05 [WARNING] Аналитик функций ГО: AI отклонил связь КПМПСРК-12 (КПМПСРК) → МПСРК-192 (МПСРК) [sim 0.509] — AI-вердикт: NOT_CORRECT
2025-10-13 12:19:05 [WARNING] Аналитик функций ГО: AI отклонил связь КПМПСРК-112 (КПМПСРК) → МПСРК-168 (МПСРК) [sim 0.911] — AI-вердикт: NOT_CORRECT
2025-10-13 12:19:05 [WARNING] Аналитик функций ГО: AI отклонил связь КПМПСРК-110 (КПМПСРК) → МПСРК-167 (МПСРК) [sim 0.970] — AI-вердикт: NOT_CORRECT
2025-10-13 12:19:05 [WARNING] Аналитик функций ГО: AI отклонил связь КПИСМЮРК-3 (КПИСМЮРК) → МЮРК-88 (МЮРК) [sim 0.724] — AI-вердикт: NOT_CORRECT
2025-10-13 12:19:05 [WARNING] Аналитик функций ГО: AI отклонил связь КПМПСРК-124 (КПМПСРК) → МПСРК-276 (МПСРК) [sim 0.561] — AI-вердикт: NOT_CORRECT
2025-10-13 12:19:05 [WARNING] Аналитик функций ГО: AI отклонил связь КПМПСРК-127 (КПМПСРК) → МПСРК-106 (МПСРК) [sim 0.662] — AI-вердикт: NOT_CORRECT
2025-10-13 12:19:05 [WARNING] Аналитик функций ГО: AI отклонил связь КПМПСРК-143 (КПМПСРК) → МПСРК-253 (МПСРК) [sim 0.635] — AI-вердикт: NOT_CORRECT
2025-10-13 12:19:05 [WARNING] Аналитик функций ГО: AI отклонил связь КПМПСРК-105 (КПМПСРК) → МПСРК-140 (МПСРК) [sim 0.619] — AI-вердикт: NOT_CORRECT
2025-10-13 12:19:05 [WARNING] Аналитик функций ГО: AI отклонил связь КПМПСРК-144 (КПМПСРК) → МПСРК-91 (МПСРК) [sim 0.770] — AI-вердикт: NOT_CORRECT
2025-10-13 12:19:05 [WARNING] Аналитик функций ГО: AI отклонил связь КПИМЮРК-3 (КПИМЮРК) → МЮРК-88 (МЮРК) [sim 0.724] — AI-вердикт: NOT_CORRECT
2025-10-13 12:19:05 [WARNING] Аналитик функций ГО: AI отклонил связь КПМПСРК-169 (КПМПСРК) → МПСРК-81 (МПСРК) [sim 0.904] — AI-вердикт: NOT_CORRECT
2025-10-13 12:19:05 [WARNING] Аналитик функций ГО: AI отклонил связь КПМПСРК-138 (КПМПСРК) → МПСРК-87 (МПСРК) [sim 0.839] — AI-вердикт: NOT_CORRECT
2025-10-13 12:19:05 [WARNING] Аналитик функций ГО: AI отклонил связь КПМПСРК-157 (КПМПСРК) → МПСРК-253 (МПСРК) [sim 0.908] — AI-вердикт: NOT_CORRECT
2025-10-13 12:19:05 [WARNING] Аналитик функций ГО: AI отклонил связь КПМПСРК-181 (КПМПСРК) → МПСРК-59 (МПСРК) [sim 0.750] — AI-вердикт: NOT_CORRECT
2025-10-13 12:19:05 [WARNING] Аналитик функций ГО: AI отклонил связь КПМПСРК-179 (КПМПСРК) → МПСРК-59 (МПСРК) [sim 0.822] — AI-вердикт: NOT_CORRECT
2025-10-13 12:19:05 [WARNING] Аналитик функций ГО: AI отклонил связь КПМПСРК-166 (КПМПСРК) → МПСРК-52 (МПСРК) [sim 0.794] — AI-вердикт: NOT_CORRECT
2025-10-13 12:19:05 [WARNING] Аналитик функций ГО: AI отклонил связь КПМПСРК-164 (КПМПСРК) → МПСРК-51 (МПСРК) [sim 0.789] — AI-вердикт: NOT_CORRECT
2025-10-13 12:19:05 [WARNING] Аналитик функций ГО: AI отклонил связь КПМПСРК-186 (КПМПСРК) → МПСРК-202 (МПСРК) [sim 0.728] — AI-вердикт: NOT_CORRECT
2025-10-13 12:19:05 [WARNING] Аналитик функций ГО: AI отклонил связь КПМПСРК-137 (КПМПСРК) → МПСРК-86 (МПСРК) [sim 0.854] — AI-вердикт: NOT_CORRECT
2025-10-13 12:19:05 [WARNING] Аналитик функций ГО: AI отклонил связь КПМПСРК-196-12 (КПМПСРК) → МПСРК-192 (МПСРК) [sim 0.825] — AI-вердикт: NOT_CORRECT
2025-10-13 12:19:05 [WARNING] Аналитик функций ГО: AI отклонил связь КПМПСРК-135 (КПМПСРК) → МПСРК-87 (МПСРК) [sim 0.858] — AI-вердикт: NOT_CORRECT
2025-10-13 12:19:05 [WARNING] Аналитик функций ГО: AI отклонил связь КПМПСРК-128 (КПМПСРК) → МПСРК-276 (МПСРК) [sim 0.609] — AI-вердикт: NOT_CORRECT
2025-10-13 12:19:05 [WARNING] Аналитик функций ГО: AI отклонил связь КПМПСРК-148 (КПМПСРК) → МПСРК-252 (МПСРК) [sim 0.717] — AI-вердикт: NOT_CORRECT
2025-10-13 12:19:05 [WARNING] Аналитик функций ГО: AI отклонил связь КПМПСРК-118 (КПМПСРК) → МПСРК-10 (МПСРК) [sim 0.616] — AI-вердикт: NOT_CORRECT
2025-10-13 12:19:05 [WARNING] Аналитик функций ГО: AI отклонил связь КПМПСРК-18 (КПМПСРК) → МПСРК-23 (МПСРК) [sim 0.865] — AI-вердикт: NOT_CORRECT
2025-10-13 12:19:05 [WARNING] Аналитик функций ГО: AI отклонил связь КПМПСРК-177 (КПМПСРК) → МПСРК-136 (МПСРК) [sim 0.676] — AI-вердикт: NOT_CORRECT
2025-10-13 12:19:05 [WARNING] Аналитик функций ГО: AI отклонил связь КПМПСРК-185 (КПМПСРК) → МПСРК-202 (МПСРК) [sim 0.666] — AI-вердикт: NOT_CORRECT
2025-10-13 12:19:05 [WARNING] Аналитик функций ГО: AI отклонил связь КПМПСРК-180 (КПМПСРК) → МПСРК-59 (МПСРК) [sim 0.787] — AI-вердикт: NOT_CORRECT
2025-10-13 12:19:05 [WARNING] Аналитик функций ГО: AI отклонил связь КПМПСРК-194 (КПМПСРК) → МПСРК-194 (МПСРК) [sim 0.849] — AI-вердикт: NOT_CORRECT
2025-10-13 12:19:05 [WARNING] Аналитик функций ГО: AI отклонил связь КПМПСРК-199 (КПМПСРК) → МПСРК-193 (МПСРК) [sim 0.859] — AI-вердикт: NOT_CORRECT
2025-10-13 12:19:05 [WARNING] Аналитик функций ГО: AI отклонил связь КПМПСРК-146 (КПМПСРК) → МПСРК-116 (МПСРК) [sim 0.795] — AI-вердикт: NOT_CORRECT
2025-10-13 12:19:05 [WARNING] Аналитик функций ГО: AI отклонил связь КПМПСРК-140 (КПМПСРК) → МПСРК-91 (МПСРК) [sim 0.736] — AI-вердикт: NOT_CORRECT
2025-10-13 12:19:05 [WARNING] Аналитик функций ГО: AI отклонил связь КПМПСРК-152 (КПМПСРК) → МПСРК-94 (МПСРК) [sim 0.711] — AI-вердикт: NOT_CORRECT
2025-10-13 12:19:05 [WARNING] Аналитик функций ГО: AI отклонил связь КПМПСРК-170 (КПМПСРК) → МПСРК-113 (МПСРК) [sim 0.810] — AI-вердикт: NOT_CORRECT
2025-10-13 12:19:05 [WARNING] Аналитик функций ГО: AI отклонил связь КПМПСРК-161 (КПМПСРК) → МПСРК-91 (МПСРК) [sim 0.806] — AI-вердикт: NOT_CORRECT
2025-10-13 12:19:05 [WARNING] Аналитик функций ГО: AI отклонил связь КПМПСРК-214 (КПМПСРК) → МПСРК-341 (МПСРК) [sim 0.576] — AI-вердикт: NOT_CORRECT
2025-10-13 12:19:05 [WARNING] Аналитик функций ГО: AI отклонил связь КПМПСРК-176 (КПМПСРК) → МПСРК-241 (МПСРК) [sim 0.806] — AI-вердикт: NOT_CORRECT
2025-10-13 12:19:05 [WARNING] Аналитик функций ГО: AI отклонил связь КПМПСРК-32 (КПМПСРК) → МПСРК-19 (МПСРК) [sim 0.820] — AI-вердикт: NOT_CORRECT
2025-10-13 12:19:05 [WARNING] Аналитик функций ГО: AI отклонил связь КПМПСРК-221 (КПМПСРК) → МПСРК-14 (МПСРК) [sim 0.883] — AI-вердикт: NOT_CORRECT
2025-10-13 12:19:05 [WARNING] Аналитик функций ГО: AI отклонил связь КПМПСРК-218 (КПМПСРК) → МПСРК-12 (МПСРК) [sim 0.758] — AI-вердикт: NOT_CORRECT
2025-10-13 12:19:05 [WARNING] Аналитик функций ГО: AI отклонил связь КПМПСРК-213 (КПМПСРК) → МПСРК-304 (МПСРК) [sim 0.635] — AI-вердикт: NOT_CORRECT
2025-10-13 12:19:05 [WARNING] Аналитик функций ГО: AI отклонил связь КПМПСРК-46 (КПМПСРК) → МПСРК-200 (МПСРК) [sim 0.785] — AI-вердикт: NOT_CORRECT
2025-10-13 12:19:05 [WARNING] Аналитик функций ГО: AI отклонил связь КПМПСРК-204 (КПМПСРК) → МПСРК-195-1 (МПСРК) [sim 0.801] — AI-вердикт: NOT_CORRECT
2025-10-13 12:19:05 [WARNING] Аналитик функций ГО: AI отклонил связь КПМПСРК-187 (КПМПСРК) → МПСРК-67 (МПСРК) [sim 0.876] — AI-вердикт: NOT_CORRECT
2025-10-13 12:19:05 [WARNING] Аналитик функций ГО: AI отклонил связь КПМПСРК-33 (КПМПСРК) → МПСРК-19 (МПСРК) [sim 0.669] — AI-вердикт: NOT_CORRECT
2025-10-13 12:19:05 [WARNING] Аналитик функций ГО: AI отклонил связь КПМПСРК-210 (КПМПСРК) → МПСРК-106 (МПСРК) [sim 0.737] — AI-вердикт: NOT_CORRECT
2025-10-13 12:19:05 [WARNING] Аналитик функций ГО: AI отклонил связь КПМПСРК-29 (КПМПСРК) → МПСРК-19 (МПСРК) [sim 0.814] — AI-вердикт: NOT_CORRECT
2025-10-13 12:19:05 [WARNING] Аналитик функций ГО: AI отклонил связь КПМПСРК-209 (КПМПСРК) → МПСРК-225 (МПСРК) [sim 0.626] — AI-вердикт: NOT_CORRECT
2025-10-13 12:19:05 [WARNING] Аналитик функций ГО: AI отклонил связь КПМПСРК-216 (КПМПСРК) → МПСРК-103 (МПСРК) [sim 0.731] — AI-вердикт: NOT_CORRECT
2025-10-13 12:19:05 [WARNING] Аналитик функций ГО: AI отклонил связь КПМПСРК-20 (КПМПСРК) → МПСРК-173 (МПСРК) [sim 0.788] — AI-вердикт: NOT_CORRECT
2025-10-13 12:19:05 [WARNING] Аналитик функций ГО: AI отклонил связь КПМПСРК-52 (КПМПСРК) → МПСРК-150 (МПСРК) [sim 0.808] — AI-вердикт: NOT_CORRECT
2025-10-13 12:19:05 [WARNING] Аналитик функций ГО: AI отклонил связь КПМПСРК-47 (КПМПСРК) → МПСРК-119 (МПСРК) [sim 0.664] — AI-вердикт: NOT_CORRECT
2025-10-13 12:19:05 [WARNING] Аналитик функций ГО: AI отклонил связь КПМПСРК-38 (КПМПСРК) → МПСРК-102 (МПСРК) [sim 0.693] — AI-вердикт: NOT_CORRECT
2025-10-13 12:19:05 [WARNING] Аналитик функций ГО: AI отклонил связь КПМПСРК-53 (КПМПСРК) → МПСРК-151 (МПСРК) [sim 0.691] — AI-вердикт: NOT_CORRECT
2025-10-13 12:19:05 [WARNING] Аналитик функций ГО: AI отклонил связь КПМПСРК-58 (КПМПСРК) → МПСРК-130 (МПСРК) [sim 0.762] — AI-вердикт: NOT_CORRECT
2025-10-13 12:19:05 [WARNING] Аналитик функций ГО: AI отклонил связь КПМПСРК-54 (КПМПСРК) → МПСРК-150 (МПСРК) [sim 0.662] — AI-вердикт: NOT_CORRECT
2025-10-13 12:19:05 [WARNING] Аналитик функций ГО: AI отклонил связь КПМПСРК-45 (КПМПСРК) → МПСРК-200 (МПСРК) [sim 0.665] — AI-вердикт: NOT_CORRECT
2025-10-13 12:19:05 [WARNING] Аналитик функций ГО: AI отклонил связь КПМПСРК-205 (КПМПСРК) → МПСРК-195-5 (МПСРК) [sim 0.595] — AI-вердикт: NOT_CORRECT
2025-10-13 12:19:05 [WARNING] Аналитик функций ГО: AI отклонил связь КПМПСРК-212 (КПМПСРК) → МПСРК-341 (МПСРК) [sim 0.636] — AI-вердикт: NOT_CORRECT
2025-10-13 12:19:05 [WARNING] Аналитик функций ГО: AI отклонил связь КПМПСРК-39 (КПМПСРК) → МПСРК-104 (МПСРК) [sim 0.690] — AI-вердикт: NOT_CORRECT
2025-10-13 12:19:05 [WARNING] Аналитик функций ГО: AI отклонил связь КПМПСРК-22 (КПМПСРК) → МПСРК-173 (МПСРК) [sim 0.906] — AI-вердикт: NOT_CORRECT
2025-10-13 12:19:05 [WARNING] Аналитик функций ГО: AI отклонил связь КПМПСРК-35 (КПМПСРК) → МПСРК-106 (МПСРК) [sim 0.874] — AI-вердикт: NOT_CORRECT
2025-10-13 12:19:05 [WARNING] Аналитик функций ГО: AI отклонил связь КПМПСРК-224 (КПМПСРК) → МПСРК-589 (МПСРК) [sim 0.871] — AI-вердикт: NOT_CORRECT
2025-10-13 12:19:05 [WARNING] Аналитик функций ГО: AI отклонил связь КПМПСРК-31 (КПМПСРК) → МПСРК-19 (МПСРК) [sim 0.754] — AI-вердикт: NOT_CORRECT
2025-10-13 12:19:05 [WARNING] Аналитик функций ГО: AI отклонил связь КПМПСРК-50 (КПМПСРК) → МПСРК-219 (МПСРК) [sim 0.645] — AI-вердикт: NOT_CORRECT
2025-10-13 12:19:05 [WARNING] Аналитик функций ГО: AI отклонил связь КПМПСРК-206 (КПМПСРК) → МПСРК-182 (МПСРК) [sim 0.734] — AI-вердикт: NOT_CORRECT
2025-10-13 12:19:05 [WARNING] Аналитик функций ГО: AI отклонил связь КПМПСРК-42 (КПМПСРК) → МПСРК-42 (МПСРК) [sim 0.606] — AI-вердикт: NOT_CORRECT
2025-10-13 12:19:05 [WARNING] Аналитик функций ГО: AI отклонил связь КПМПСРК-5 (КПМПСРК) → МПСРК-42 (МПСРК) [sim 0.656] — AI-вердикт: NOT_CORRECT
2025-10-13 12:19:05 [WARNING] Аналитик функций ГО: AI отклонил связь КПМПСРК-6 (КПМПСРК) → МПСРК-40 (МПСРК) [sim 0.859] — AI-вердикт: NOT_CORRECT
2025-10-13 12:19:05 [WARNING] Аналитик функций ГО: AI отклонил связь КПМПСРК-21 (КПМПСРК) → МПСРК-202 (МПСРК) [sim 0.535] — AI-вердикт: NOT_CORRECT
2025-10-13 12:19:05 [WARNING] Аналитик функций ГО: AI отклонил связь КПМПСРК-56 (КПМПСРК) → МПСРК-152 (МПСРК) [sim 0.678] — AI-вердикт: NOT_CORRECT
2025-10-13 12:19:05 [WARNING] Аналитик функций ГО: AI отклонил связь КПМПСРК-17 (КПМПСРК) → МПСРК-389 (МПСРК) [sim 0.694] — AI-вердикт: NOT_CORRECT
2025-10-13 12:19:05 [WARNING] Аналитик функций ГО: AI отклонил связь КПМПСРК-59 (КПМПСРК) → МПСРК-161 (МПСРК) [sim 0.737] — AI-вердикт: NOT_CORRECT
2025-10-13 12:19:05 [WARNING] Аналитик функций ГО: AI отклонил связь КПМПСРК-49 (КПМПСРК) → МПСРК-42 (МПСРК) [sim 0.589] — AI-вердикт: NOT_CORRECT
2025-10-13 12:19:05 [WARNING] Аналитик функций ГО: AI отклонил связь КПМПСРК-80 (КПМПСРК) → МПСРК-130 (МПСРК) [sim 0.782] — AI-вердикт: NOT_CORRECT
2025-10-13 12:19:05 [WARNING] Аналитик функций ГО: AI отклонил связь КПМПСРК-84 (КПМПСРК) → МПСРК-147 (МПСРК) [sim 0.712] — AI-вердикт: NOT_CORRECT
2025-10-13 12:19:05 [WARNING] Аналитик функций ГО: AI отклонил связь КПМПСРК-65 (КПМПСРК) → МПСРК-152 (МПСРК) [sim 0.777] — AI-вердикт: NOT_CORRECT
2025-10-13 12:19:05 [WARNING] Аналитик функций ГО: AI отклонил связь КПМПСРК-57 (КПМПСРК) → МПСРК-156 (МПСРК) [sim 0.732] — AI-вердикт: NOT_CORRECT
2025-10-13 12:19:05 [WARNING] Аналитик функций ГО: AI отклонил связь КПМПСРК-207 (КПМПСРК) → МПСРК-196 (МПСРК) [sim 0.853] — AI-вердикт: NOT_CORRECT
2025-10-13 12:19:05 [WARNING] Аналитик функций ГО: AI отклонил связь КПМПСРК-60 (КПМПСРК) → МПСРК-151 (МПСРК) [sim 0.779] — AI-вердикт: NOT_CORRECT
2025-10-13 12:19:05 [WARNING] Аналитик функций ГО: AI отклонил связь КПНМВД-12 (КПНМВД) → МВД-83 (МВД) [sim 0.752] — AI-вердикт: NOT_CORRECT
2025-10-13 12:19:05 [WARNING] Аналитик функций ГО: AI отклонил связь КПМПСРК-77 (КПМПСРК) → МПСРК-150 (МПСРК) [sim 0.833] — AI-вердикт: NOT_CORRECT
2025-10-13 12:19:05 [WARNING] Аналитик функций ГО: AI отклонил связь КПМПСРК-83 (КПМПСРК) → МПСРК-156 (МПСРК) [sim 0.688] — AI-вердикт: NOT_CORRECT
2025-10-13 12:19:05 [WARNING] Аналитик функций ГО: AI отклонил связь КПМПСРК-175 (КПМПСРК) → МПСРК-241 (МПСРК) [sim 0.812] — AI-вердикт: NOT_CORRECT
2025-10-13 12:19:05 [WARNING] Аналитик функций ГО: AI отклонил связь КПМПСРК-211 (КПМПСРК) → МПСРК-304 (МПСРК) [sim 0.677] — AI-вердикт: NOT_CORRECT
2025-10-13 12:19:05 [WARNING] Аналитик функций ГО: AI отклонил связь КПМПСРК-97 (КПМПСРК) → МПСРК-159 (МПСРК) [sim 0.954] — AI-вердикт: NOT_CORRECT
2025-10-13 12:19:05 [WARNING] Аналитик функций ГО: AI отклонил связь КПМПСРК-90 (КПМПСРК) → МПСРК-251 (МПСРК) [sim 0.790] — AI-вердикт: NOT_CORRECT
2025-10-13 12:19:05 [WARNING] Аналитик функций ГО: AI отклонил связь КПМПСРК-30 (КПМПСРК) → МПСРК-237 (МПСРК) [sim 0.716] — AI-вердикт: NOT_CORRECT
2025-10-13 12:19:05 [WARNING] Аналитик функций ГО: AI отклонил связь КПНМВД-13 (КПНМВД) → МВД-83 (МВД) [sim 0.795] — AI-вердикт: NOT_CORRECT
2025-10-13 12:19:05 [WARNING] Аналитик функций ГО: AI отклонил связь КПМПСРК-40 (КПМПСРК) → МПСРК-24 (МПСРК) [sim 0.685] — AI-вердикт: NOT_CORRECT
2025-10-13 12:19:05 [WARNING] Аналитик функций ГО: AI отклонил связь КПНМВД-22 (КПНМВД) → МВД-83 (МВД) [sim 0.743] — AI-вердикт: NOT_CORRECT
2025-10-13 12:19:05 [WARNING] Аналитик функций ГО: AI отклонил связь КПНМВД-26 (КПНМВД) → МВД-85 (МВД) [sim 0.587] — AI-вердикт: NOT_CORRECT
2025-10-13 12:19:05 [WARNING] Аналитик функций ГО: AI отклонил связь КПМПСРК-85 (КПМПСРК) → МПСРК-152 (МПСРК) [sim 0.683] — AI-вердикт: NOT_CORRECT
2025-10-13 12:19:05 [WARNING] Аналитик функций ГО: AI отклонил связь КПМПСРК-89 (КПМПСРК) → МПСРК-145 (МПСРК) [sim 0.815] — AI-вердикт: NOT_CORRECT
2025-10-13 12:19:05 [WARNING] Аналитик функций ГО: AI отклонил связь КПМПСРК-9 (КПМПСРК) → МПСРК-22 (МПСРК) [sim 0.690] — AI-вердикт: NOT_CORRECT
2025-10-13 12:19:05 [WARNING] Аналитик функций ГО: AI отклонил связь КПНМВД-10 (КПНМВД) → МВД-85 (МВД) [sim 0.823] — AI-вердикт: NOT_CORRECT
2025-10-13 12:19:05 [WARNING] Аналитик функций ГО: AI отклонил связь КПСМЧСРК-10 (КПСМЧСРК) → МЧСРК-22 (МЧСРК) [sim 0.886] — AI-вердикт: NOT_CORRECT
2025-10-13 12:19:05 [WARNING] Аналитик функций ГО: AI отклонил связь КПМПСРК-109 (КПМПСРК) → МПСРК-164 (МПСРК) [sim 0.929] — AI-вердикт: NOT_CORRECT
2025-10-13 12:19:05 [WARNING] Аналитик функций ГО: AI отклонил связь КПСМЧСРК-16 (КПСМЧСРК) → МЧСРК-37 (МЧСРК) [sim 0.951] — AI-вердикт: NOT_CORRECT
2025-10-13 12:19:05 [WARNING] Аналитик функций ГО: AI отклонил связь КПНМВД-23 (КПНМВД) → МВД-83 (МВД) [sim 0.660] — AI-вердикт: NOT_CORRECT
2025-10-13 12:19:05 [WARNING] Аналитик функций ГО: AI отклонил связь КПМПСРК-27 (КПМПСРК) → МПСРК-19 (МПСРК) [sim 0.814] — AI-вердикт: NOT_CORRECT
2025-10-13 12:19:05 [WARNING] Аналитик функций ГО: AI отклонил связь КПНМВД-30 (КПНМВД) → МВД-141 (МВД) [sim 0.629] — AI-вердикт: NOT_CORRECT
2025-10-13 12:19:05 [WARNING] Аналитик функций ГО: AI отклонил связь КПНМВД-11 (КПНМВД) → МВД-164 (МВД) [sim 0.691] — AI-вердикт: NOT_CORRECT
2025-10-13 12:19:05 [WARNING] Аналитик функций ГО: AI отклонил связь КПСМЧСРК-12 (КПСМЧСРК) → МЧСРК-64 (МЧСРК) [sim 0.953] — AI-вердикт: NOT_CORRECT
2025-10-13 12:19:05 [WARNING] Аналитик функций ГО: AI отклонил связь КПНМВД-3 (КПНМВД) → МВД-12 (МВД) [sim 0.668] — AI-вердикт: NOT_CORRECT
2025-10-13 12:19:05 [WARNING] Аналитик функций ГО: AI отклонил связь КПСМЧСРК-13 (КПСМЧСРК) → МЧСРК-67 (МЧСРК) [sim 0.872] — AI-вердикт: NOT_CORRECT
2025-10-13 12:19:05 [WARNING] Аналитик функций ГО: AI отклонил связь КПСМЧСРК-27 (КПСМЧСРК) → МЧСРК-71 (МЧСРК) [sim 0.639] — AI-вердикт: NOT_CORRECT
2025-10-13 12:19:05 [WARNING] Аналитик функций ГО: AI отклонил связь КПСМЧСРК-2 (КПСМЧСРК) → МЧСРК-233 (МЧСРК) [sim 0.617] — AI-вердикт: NOT_CORRECT
2025-10-13 12:19:05 [WARNING] Аналитик функций ГО: AI отклонил связь КПСМЧСРК-14 (КПСМЧСРК) → МЧСРК-89 (МЧСРК) [sim 0.955] — AI-вердикт: NOT_CORRECT
2025-10-13 12:19:05 [WARNING] Аналитик функций ГО: AI отклонил связь КПСМЧСРК-29 (КПСМЧСРК) → МЧСРК-57 (МЧСРК) [sim 0.696] — AI-вердикт: NOT_CORRECT
2025-10-13 12:19:05 [WARNING] Аналитик функций ГО: AI отклонил связь КПНМВД-4 (КПНМВД) → МВД-83 (МВД) [sim 0.995] — AI-вердикт: NOT_CORRECT
2025-10-13 12:19:05 [WARNING] Аналитик функций ГО: AI отклонил связь КПНМВД-32 (КПНМВД) → МВД-83 (МВД) [sim 0.816] — AI-вердикт: NOT_CORRECT
2025-10-13 12:19:05 [WARNING] Аналитик функций ГО: AI отклонил связь КПСМЧСРК-11 (КПСМЧСРК) → МЧСРК-63 (МЧСРК) [sim 0.919] — AI-вердикт: NOT_CORRECT
2025-10-13 12:19:05 [WARNING] Аналитик функций ГО: AI отклонил связь КПСМЧСРК-39 (КПСМЧСРК) → МЧСРК-275 (МЧСРК) [sim 0.560] — AI-вердикт: NOT_CORRECT
2025-10-13 12:19:05 [WARNING] Аналитик функций ГО: AI отклонил связь КПНМВД-31 (КПНМВД) → МВД-183 (МВД) [sim 0.725] — AI-вердикт: NOT_CORRECT
2025-10-13 12:19:05 [WARNING] Аналитик функций ГО: AI отклонил связь КПНМВД-28 (КПНМВД) → МВД-80 (МВД) [sim 0.638] — AI-вердикт: NOT_CORRECT
2025-10-13 12:19:05 [WARNING] Аналитик функций ГО: AI отклонил связь КПСМЧСРК-36 (КПСМЧСРК) → МЧСРК-71 (МЧСРК) [sim 0.706] — AI-вердикт: NOT_CORRECT
2025-10-13 12:19:05 [WARNING] Аналитик функций ГО: AI отклонил связь КПСМЧСРК-17 (КПСМЧСРК) → МЧСРК-38 (МЧСРК) [sim 0.979] — AI-вердикт: NOT_CORRECT
2025-10-13 12:19:05 [WARNING] Аналитик функций ГО: AI отклонил связь КПСМЧСРК-45 (КПСМЧСРК) → МЧСРК-85 (МЧСРК) [sim 0.727] — AI-вердикт: NOT_CORRECT
2025-10-13 12:19:05 [WARNING] Аналитик функций ГО: AI отклонил связь КПСМЧСРК-15 (КПСМЧСРК) → МЧСРК-36 (МЧСРК) [sim 0.969] — AI-вердикт: NOT_CORRECT
2025-10-13 12:19:05 [WARNING] Аналитик функций ГО: AI отклонил связь КПМПСРК-96 (КПМПСРК) → МПСРК-160 (МПСРК) [sim 0.842] — AI-вердикт: NOT_CORRECT
2025-10-13 12:19:05 [WARNING] Аналитик функций ГО: AI отклонил связь КПСМЧСРК-6 (КПСМЧСРК) → МЧСРК-34 (МЧСРК) [sim 0.972] — AI-вердикт: NOT_CORRECT
2025-10-13 12:19:05 [WARNING] Аналитик функций ГО: AI отклонил связь КПЧСМЧСРК-15 (КПЧСМЧСРК) → МЧСРК-36 (МЧСРК) [sim 0.969] — AI-вердикт: NOT_CORRECT
2025-10-13 12:19:05 [WARNING] Аналитик функций ГО: AI отклонил связь КПСМЧСРК-35 (КПСМЧСРК) → МЧСРК-71 (МЧСРК) [sim 0.681] — AI-вердикт: NOT_CORRECT
2025-10-13 12:19:05 [WARNING] Аналитик функций ГО: AI отклонил связь КПЧСМЧСРК-11 (КПЧСМЧСРК) → МЧСРК-63 (МЧСРК) [sim 0.919] — AI-вердикт: NOT_CORRECT
2025-10-13 12:19:05 [WARNING] Аналитик функций ГО: AI отклонил связь КПСМЧСРК-38 (КПСМЧСРК) → МЧСРК-79 (МЧСРК) [sim 0.701] — AI-вердикт: NOT_CORRECT
2025-10-13 12:19:05 [WARNING] Аналитик функций ГО: AI отклонил связь КПСМЧСРК-52 (КПСМЧСРК) → МЧСРК-70 (МЧСРК) [sim 0.635] — AI-вердикт: NOT_CORRECT
2025-10-13 12:19:05 [WARNING] Аналитик функций ГО: AI отклонил связь КПНМВД-24 (КПНМВД) → МВД-84 (МВД) [sim 0.653] — AI-вердикт: NOT_CORRECT
2025-10-13 12:19:05 [WARNING] Аналитик функций ГО: AI отклонил связь КПСМЧСРК-43 (КПСМЧСРК) → МЧСРК-71 (МЧСРК) [sim 0.785] — AI-вердикт: NOT_CORRECT
2025-10-13 12:19:05 [WARNING] Аналитик функций ГО: AI отклонил связь КПСМЧСРК-30 (КПСМЧСРК) → МЧСРК-76 (МЧСРК) [sim 0.621] — AI-вердикт: NOT_CORRECT
2025-10-13 12:19:05 [WARNING] Аналитик функций ГО: AI отклонил связь КПСМЧСРК-8 (КПСМЧСРК) → МЧСРК-57 (МЧСРК) [sim 0.968] — AI-вердикт: NOT_CORRECT
2025-10-13 12:19:05 [WARNING] Аналитик функций ГО: AI отклонил связь КПЧСМЧСРК-10 (КПЧСМЧСРК) → МЧСРК-22 (МЧСРК) [sim 0.886] — AI-вердикт: NOT_CORRECT
2025-10-13 12:19:05 [WARNING] Аналитик функций ГО: AI отклонил связь КПСМЧСРК-33 (КПСМЧСРК) → МЧСРК-22 (МЧСРК) [sim 0.738] — AI-вердикт: NOT_CORRECT
2025-10-13 12:19:05 [WARNING] Аналитик функций ГО: AI отклонил связь КПНМВД-2 (КПНМВД) → МВД-164 (МВД) [sim 0.995] — AI-вердикт: NOT_CORRECT
2025-10-13 12:19:05 [WARNING] Аналитик функций ГО: AI отклонил связь КПСМЧСРК-51 (КПСМЧСРК) → МЧСРК-69 (МЧСРК) [sim 0.750] — AI-вердикт: NOT_CORRECT
2025-10-13 12:19:05 [WARNING] Аналитик функций ГО: AI отклонил связь КПСМЧСРК-9 (КПСМЧСРК) → МЧСРК-61 (МЧСРК) [sim 0.964] — AI-вердикт: NOT_CORRECT
2025-10-13 12:19:05 [WARNING] Аналитик функций ГО: AI отклонил связь КПСМЧСРК-34 (КПСМЧСРК) → МЧСРК-46 (МЧСРК) [sim 0.768] — AI-вердикт: NOT_CORRECT
2025-10-13 12:19:05 [WARNING] Аналитик функций ГО: AI отклонил связь КПНМВД-20 (КПНМВД) → МВД-182 (МВД) [sim 0.836] — AI-вердикт: NOT_CORRECT
2025-10-13 12:19:05 [WARNING] Аналитик функций ГО: AI отклонил связь КПСМЧСРК-7 (КПСМЧСРК) → МЧСРК-35 (МЧСРК) [sim 0.957] — AI-вердикт: NOT_CORRECT
2025-10-13 12:19:05 [WARNING] Аналитик функций ГО: AI отклонил связь КПЧСМЧСРК-16 (КПЧСМЧСРК) → МЧСРК-37 (МЧСРК) [sim 0.951] — AI-вердикт: NOT_CORRECT
2025-10-13 12:19:05 [WARNING] Аналитик функций ГО: AI отклонил связь КПСМЧСРК-49 (КПСМЧСРК) → МЧСРК-71 (МЧСРК) [sim 0.758] — AI-вердикт: NOT_CORRECT
2025-10-13 12:19:05 [WARNING] Аналитик функций ГО: AI отклонил связь КПЧСМЧСРК-20 (КПЧСМЧСРК) → МЧСРК-23 (МЧСРК) [sim 0.916] — AI-вердикт: NOT_CORRECT
2025-10-13 12:19:05 [WARNING] Аналитик функций ГО: AI отклонил связь КПЧСМЧСРК-12 (КПЧСМЧСРК) → МЧСРК-64 (МЧСРК) [sim 0.953] — AI-вердикт: NOT_CORRECT
2025-10-13 12:19:05 [WARNING] Аналитик функций ГО: AI отклонил связь КПЧСМЧСРК-13 (КПЧСМЧСРК) → МЧСРК-67 (МЧСРК) [sim 0.872] — AI-вердикт: NOT_CORRECT
2025-10-13 12:19:05 [WARNING] Аналитик функций ГО: AI отклонил связь КПСМЧСРК-50 (КПСМЧСРК) → МЧСРК-69 (МЧСРК) [sim 0.787] — AI-вердикт: NOT_CORRECT
2025-10-13 12:19:05 [WARNING] Аналитик функций ГО: AI отклонил связь КПЧСМЧСРК-17 (КПЧСМЧСРК) → МЧСРК-38 (МЧСРК) [sim 0.979] — AI-вердикт: NOT_CORRECT
2025-10-13 12:19:05 [WARNING] Аналитик функций ГО: AI отклонил связь КПСМЧСРК-48 (КПСМЧСРК) → МЧСРК-16 (МЧСРК) [sim 0.693] — AI-вердикт: NOT_CORRECT
2025-10-13 12:19:05 [WARNING] Аналитик функций ГО: AI отклонил связь КПЧСМЧСРК-14 (КПЧСМЧСРК) → МЧСРК-89 (МЧСРК) [sim 0.955] — AI-вердикт: NOT_CORRECT
2025-10-13 12:19:05 [WARNING] Аналитик функций ГО: AI отклонил связь КПНМВД-18 (КПНМВД) → МВД-83 (МВД) [sim 0.740] — AI-вердикт: NOT_CORRECT
2025-10-13 12:19:05 [WARNING] Аналитик функций ГО: AI отклонил связь КПСМЧСРК-40 (КПСМЧСРК) → МЧСРК-13 (МЧСРК) [sim 0.753] — AI-вердикт: NOT_CORRECT
2025-10-13 12:19:05 [WARNING] Аналитик функций ГО: AI отклонил связь КПСМЧСРК-47 (КПСМЧСРК) → МЧСРК-29 (МЧСРК) [sim 0.732] — AI-вердикт: NOT_CORRECT
2025-10-13 12:19:05 [WARNING] Аналитик функций ГО: AI отклонил связь КПМПСРК-208 (КПМПСРК) → МПСРК-225 (МПСРК) [sim 0.631] — AI-вердикт: NOT_CORRECT
2025-10-13 12:19:05 [WARNING] Аналитик функций ГО: AI отклонил связь КПЧСМЧСРК-43 (КПЧСМЧСРК) → МЧСРК-71 (МЧСРК) [sim 0.785] — AI-вердикт: NOT_CORRECT
2025-10-13 12:19:05 [WARNING] Аналитик функций ГО: AI отклонил связь КРЕММНЭРК-10 (КРЕММНЭРК) → МНЭРК-134 (МНЭРК) [sim 0.676] — AI-вердикт: NOT_CORRECT
2025-10-13 12:19:05 [WARNING] Аналитик функций ГО: AI отклонил связь КПЧСМЧСРК-6 (КПЧСМЧСРК) → МЧСРК-34 (МЧСРК) [sim 0.972] — AI-вердикт: NOT_CORRECT
2025-10-13 12:19:05 [WARNING] Аналитик функций ГО: AI отклонил связь КПЧСМЧСРК-2 (КПЧСМЧСРК) → МЧСРК-233 (МЧСРК) [sim 0.617] — AI-вердикт: NOT_CORRECT
2025-10-13 12:19:05 [WARNING] Аналитик функций ГО: AI отклонил связь КПЧСМЧСРК-45 (КПЧСМЧСРК) → МЧСРК-85 (МЧСРК) [sim 0.727] — AI-вердикт: NOT_CORRECT
2025-10-13 12:19:05 [WARNING] Аналитик функций ГО: AI отклонил связь КПЧСМЧСРК-27 (КПЧСМЧСРК) → МЧСРК-71 (МЧСРК) [sim 0.639] — AI-вердикт: NOT_CORRECT
2025-10-13 12:19:05 [WARNING] Аналитик функций ГО: AI отклонил связь КПЧСМЧСРК-36 (КПЧСМЧСРК) → МЧСРК-71 (МЧСРК) [sim 0.706] — AI-вердикт: NOT_CORRECT
2025-10-13 12:19:05 [WARNING] Аналитик функций ГО: AI отклонил связь КПЧСМЧСРК-52 (КПЧСМЧСРК) → МЧСРК-70 (МЧСРК) [sim 0.635] — AI-вердикт: NOT_CORRECT
2025-10-13 12:19:05 [WARNING] Аналитик функций ГО: AI отклонил связь КПЧСМЧСРК-50 (КПЧСМЧСРК) → МЧСРК-69 (МЧСРК) [sim 0.787] — AI-вердикт: NOT_CORRECT
2025-10-13 12:19:05 [WARNING] Аналитик функций ГО: AI отклонил связь КПЧСМЧСРК-33 (КПЧСМЧСРК) → МЧСРК-22 (МЧСРК) [sim 0.738] — AI-вердикт: NOT_CORRECT
2025-10-13 12:19:05 [WARNING] Аналитик функций ГО: AI отклонил связь КРЕММНЭРК-17 (КРЕММНЭРК) → МНЭРК-139 (МНЭРК) [sim 0.676] — AI-вердикт: NOT_CORRECT
2025-10-13 12:19:05 [WARNING] Аналитик функций ГО: AI отклонил связь КПЧСМЧСРК-26 (КПЧСМЧСРК) → МЧСРК-16 (МЧСРК) [sim 0.618] — AI-вердикт: NOT_CORRECT
2025-10-13 12:19:05 [WARNING] Аналитик функций ГО: AI отклонил связь КПЧСМЧСРК-8 (КПЧСМЧСРК) → МЧСРК-57 (МЧСРК) [sim 0.968] — AI-вердикт: NOT_CORRECT
2025-10-13 12:19:05 [WARNING] Аналитик функций ГО: AI отклонил связь КПЧСМЧСРК-49 (КПЧСМЧСРК) → МЧСРК-71 (МЧСРК) [sim 0.758] — AI-вердикт: NOT_CORRECT
2025-10-13 12:19:05 [WARNING] Аналитик функций ГО: AI отклонил связь КРЕММНЭРК-12 (КРЕММНЭРК) → МНЭРК-136 (МНЭРК) [sim 0.781] — AI-вердикт: NOT_CORRECT
2025-10-13 12:19:05 [WARNING] Аналитик функций ГО: AI отклонил связь КПМПСРК-19 (КПМПСРК) → МПСРК-107 (МПСРК) [sim 0.795] — AI-вердикт: NOT_CORRECT
2025-10-13 12:19:05 [WARNING] Аналитик функций ГО: AI отклонил связь КПЧСМЧСРК-35 (КПЧСМЧСРК) → МЧСРК-71 (МЧСРК) [sim 0.681] — AI-вердикт: NOT_CORRECT
2025-10-13 12:19:05 [WARNING] Аналитик функций ГО: AI отклонил связь КПЧСМЧСРК-47 (КПЧСМЧСРК) → МЧСРК-29 (МЧСРК) [sim 0.732] — AI-вердикт: NOT_CORRECT
2025-10-13 12:19:05 [WARNING] Аналитик функций ГО: AI отклонил связь КПЧСМЧСРК-30 (КПЧСМЧСРК) → МЧСРК-76 (МЧСРК) [sim 0.621] — AI-вердикт: NOT_CORRECT
2025-10-13 12:19:05 [WARNING] Аналитик функций ГО: AI отклонил связь КРЕММНЭРК-14 (КРЕММНЭРК) → МНЭРК-140 (МНЭРК) [sim 0.665] — AI-вердикт: NOT_CORRECT
2025-10-13 12:19:05 [WARNING] Аналитик функций ГО: AI отклонил связь КРЕММНЭРК-35 (КРЕММНЭРК) → МНЭРК-139 (МНЭРК) [sim 0.909] — AI-вердикт: NOT_CORRECT
2025-10-13 12:19:05 [WARNING] Аналитик функций ГО: AI отклонил связь КПЧСМЧСРК-51 (КПЧСМЧСРК) → МЧСРК-69 (МЧСРК) [sim 0.750] — AI-вердикт: NOT_CORRECT
2025-10-13 12:19:05 [WARNING] Аналитик функций ГО: AI отклонил связь КРЕММНЭРК-24 (КРЕММНЭРК) → МНЭРК-172 (МНЭРК) [sim 0.645] — AI-вердикт: NOT_CORRECT
2025-10-13 12:19:05 [WARNING] Аналитик функций ГО: AI отклонил связь КПЧСМЧСРК-38 (КПЧСМЧСРК) → МЧСРК-79 (МЧСРК) [sim 0.701] — AI-вердикт: NOT_CORRECT
2025-10-13 12:19:05 [WARNING] Аналитик функций ГО: AI отклонил связь КРЕММНЭРК-19 (КРЕММНЭРК) → МНЭРК-137 (МНЭРК) [sim 0.668] — AI-вердикт: NOT_CORRECT
2025-10-13 12:19:05 [WARNING] Аналитик функций ГО: AI отклонил связь КПЧСМЧСРК-7 (КПЧСМЧСРК) → МЧСРК-35 (МЧСРК) [sim 0.957] — AI-вердикт: NOT_CORRECT
2025-10-13 12:19:05 [WARNING] Аналитик функций ГО: AI отклонил связь КРЕММНЭРК-16 (КРЕММНЭРК) → МНЭРК-137 (МНЭРК) [sim 0.728] — AI-вердикт: NOT_CORRECT
2025-10-13 12:19:05 [WARNING] Аналитик функций ГО: AI отклонил связь КРЕММНЭРК-21 (КРЕММНЭРК) → МНЭРК-140 (МНЭРК) [sim 0.780] — AI-вердикт: NOT_CORRECT
2025-10-13 12:19:05 [WARNING] Аналитик функций ГО: AI отклонил связь КРЕММНЭРК-23 (КРЕММНЭРК) → МНЭРК-172 (МНЭРК) [sim 0.623] — AI-вердикт: NOT_CORRECT
2025-10-13 12:19:05 [WARNING] Аналитик функций ГО: AI отклонил связь КРЕММНЭРК-13 (КРЕММНЭРК) → МНЭРК-134 (МНЭРК) [sim 0.646] — AI-вердикт: NOT_CORRECT
2025-10-13 12:19:05 [WARNING] Аналитик функций ГО: AI отклонил связь КРЕММНЭРК-50 (КРЕММНЭРК) → МНЭРК-289 (МНЭРК) [sim 0.759] — AI-вердикт: NOT_CORRECT
2025-10-13 12:19:05 [WARNING] Аналитик функций ГО: AI отклонил связь КРЕММНЭРК-3 (КРЕММНЭРК) → МНЭРК-137 (МНЭРК) [sim 0.751] — AI-вердикт: NOT_CORRECT
2025-10-13 12:19:05 [WARNING] Аналитик функций ГО: AI отклонил связь КРЕММНЭРК-49 (КРЕММНЭРК) → МНЭРК-341 (МНЭРК) [sim 0.750] — AI-вердикт: NOT_CORRECT
2025-10-13 12:19:05 [WARNING] Аналитик функций ГО: AI отклонил связь КПЧСМЧСРК-18-1 (КПЧСМЧСРК) → МЧСРК-29 (МЧСРК) [sim 0.728] — AI-вердикт: NOT_CORRECT
2025-10-13 12:19:05 [WARNING] Аналитик функций ГО: AI отклонил связь КРЕММНЭРК-47 (КРЕММНЭРК) → МНЭРК-380 (МНЭРК) [sim 0.723] — AI-вердикт: NOT_CORRECT
2025-10-13 12:19:05 [WARNING] Аналитик функций ГО: AI отклонил связь КРЕММНЭРК-18 (КРЕММНЭРК) → МНЭРК-137 (МНЭРК) [sim 0.795] — AI-вердикт: NOT_CORRECT
2025-10-13 12:19:05 [WARNING] Аналитик функций ГО: AI отклонил связь КПЧСМЧСРК-37 (КПЧСМЧСРК) → МЧСРК-64 (МЧСРК) [sim 0.578] — AI-вердикт: NOT_CORRECT
2025-10-13 12:19:05 [WARNING] Аналитик функций ГО: AI отклонил связь КРЕММНЭРК-6 (КРЕММНЭРК) → МНЭРК-137 (МНЭРК) [sim 0.917] — AI-вердикт: NOT_CORRECT
2025-10-13 12:19:05 [WARNING] Аналитик функций ГО: AI отклонил связь КРЕММНЭРК-15 (КРЕММНЭРК) → МНЭРК-136 (МНЭРК) [sim 0.788] — AI-вердикт: NOT_CORRECT
2025-10-13 12:19:05 [WARNING] Аналитик функций ГО: AI отклонил связь КРЕММНЭРК-60 (КРЕММНЭРК) → МНЭРК-154 (МНЭРК) [sim 0.949] — AI-вердикт: NOT_CORRECT
2025-10-13 12:19:05 [WARNING] Аналитик функций ГО: AI отклонил связь КРЕММНЭРК-48 (КРЕММНЭРК) → МНЭРК-152 (МНЭРК) [sim 0.526] — AI-вердикт: NOT_CORRECT
2025-10-13 12:19:05 [WARNING] Аналитик функций ГО: AI отклонил связь КРЕММНЭРК-5 (КРЕММНЭРК) → МНЭРК-136 (МНЭРК) [sim 0.937] — AI-вердикт: NOT_CORRECT
2025-10-13 12:19:05 [WARNING] Аналитик функций ГО: AI отклонил связь КРЕММНЭРК-37 (КРЕММНЭРК) → МНЭРК-137 (МНЭРК) [sim 0.642] — AI-вердикт: NOT_CORRECT
2025-10-13 12:19:05 [WARNING] Аналитик функций ГО: AI отклонил связь КРЕММНЭРК-32 (КРЕММНЭРК) → МНЭРК-139 (МНЭРК) [sim 0.605] — AI-вердикт: NOT_CORRECT
2025-10-13 12:19:05 [WARNING] Аналитик функций ГО: AI отклонил связь КРЕММНЭРК-38 (КРЕММНЭРК) → МНЭРК-151 (МНЭРК) [sim 0.586] — AI-вердикт: NOT_CORRECT
2025-10-13 12:19:05 [WARNING] Аналитик функций ГО: AI отклонил связь КРЕММНЭРК-28 (КРЕММНЭРК) → МНЭРК-315 (МНЭРК) [sim 0.650] — AI-вердикт: NOT_CORRECT
2025-10-13 12:19:05 [WARNING] Аналитик функций ГО: AI отклонил связь КРЕММНЭРК-51 (КРЕММНЭРК) → МНЭРК-152 (МНЭРК) [sim 0.527] — AI-вердикт: NOT_CORRECT
2025-10-13 12:19:05 [WARNING] Аналитик функций ГО: AI отклонил связь КРЕММНЭРК-46 (КРЕММНЭРК) → МНЭРК-316 (МНЭРК) [sim 0.557] — AI-вердикт: NOT_CORRECT
2025-10-13 12:19:05 [WARNING] Аналитик функций ГО: AI отклонил связь КРЕММНЭРК-56 (КРЕММНЭРК) → МНЭРК-259 (МНЭРК) [sim 0.738] — AI-вердикт: NOT_CORRECT
2025-10-13 12:19:05 [WARNING] Аналитик функций ГО: AI отклонил связь КРЕММНЭРК-43 (КРЕММНЭРК) → МНЭРК-302 (МНЭРК) [sim 0.825] — AI-вердикт: NOT_CORRECT
2025-10-13 12:19:05 [WARNING] Аналитик функций ГО: AI отклонил связь КРЕММНЭРК-39 (КРЕММНЭРК) → МНЭРК-134 (МНЭРК) [sim 0.657] — AI-вердикт: NOT_CORRECT
2025-10-13 12:19:05 [WARNING] Аналитик функций ГО: AI отклонил связь КРЕММНЭРК-2 (КРЕММНЭРК) → МНЭРК-134 (МНЭРК) [sim 0.986] — AI-вердикт: NOT_CORRECT
2025-10-13 12:19:05 [WARNING] Аналитик функций ГО: AI отклонил связь КРЕММНЭРК-73 (КРЕММНЭРК) → МНЭРК-151 (МНЭРК) [sim 0.952] — AI-вердикт: NOT_CORRECT
2025-10-13 12:19:05 [WARNING] Аналитик функций ГО: AI отклонил связь КПЧСМЧСРК-9 (КПЧСМЧСРК) → МЧСРК-61 (МЧСРК) [sim 0.964] — AI-вердикт: NOT_CORRECT
2025-10-13 12:19:05 [WARNING] Аналитик функций ГО: AI отклонил связь КРЕММНЭРК-33 (КРЕММНЭРК) → МНЭРК-136 (МНЭРК) [sim 0.601] — AI-вердикт: NOT_CORRECT
2025-10-13 12:19:05 [WARNING] Аналитик функций ГО: AI отклонил связь КРЕММНЭРК-66 (КРЕММНЭРК) → МНЭРК-181 (МНЭРК) [sim 0.649] — AI-вердикт: NOT_CORRECT
2025-10-13 12:19:05 [WARNING] Аналитик функций ГО: AI отклонил связь КПЧСМЧСРК-29 (КПЧСМЧСРК) → МЧСРК-57 (МЧСРК) [sim 0.696] — AI-вердикт: NOT_CORRECT
2025-10-13 12:19:05 [WARNING] Аналитик функций ГО: AI отклонил связь КРЕММНЭРК-58 (КРЕММНЭРК) → МНЭРК-136 (МНЭРК) [sim 0.729] — AI-вердикт: NOT_CORRECT
2025-10-13 12:19:05 [WARNING] Аналитик функций ГО: AI отклонил связь КРЕММНЭРК-7 (КРЕММНЭРК) → МНЭРК-138 (МНЭРК) [sim 0.931] — AI-вердикт: NOT_CORRECT
2025-10-13 12:19:05 [WARNING] Аналитик функций ГО: AI отклонил связь КРЕММНЭРК-71 (КРЕММНЭРК) → МНЭРК-151 (МНЭРК) [sim 0.556] — AI-вердикт: NOT_CORRECT
2025-10-13 12:19:05 [WARNING] Аналитик функций ГО: AI отклонил связь КРЕММНЭРК-70 (КРЕММНЭРК) → МНЭРК-137 (МНЭРК) [sim 0.706] — AI-вердикт: NOT_CORRECT
2025-10-13 12:19:05 [WARNING] Аналитик функций ГО: AI отклонил связь КРЕММНЭРК-62 (КРЕММНЭРК) → МНЭРК-274 (МНЭРК) [sim 0.696] — AI-вердикт: NOT_CORRECT
2025-10-13 12:19:05 [WARNING] Аналитик функций ГО: AI отклонил связь КРЕММНЭРК-80 (КРЕММНЭРК) → МНЭРК-259 (МНЭРК) [sim 0.574] — AI-вердикт: NOT_CORRECT
2025-10-13 12:19:05 [WARNING] Аналитик функций ГО: AI отклонил связь КПЧСМЧСРК-34 (КПЧСМЧСРК) → МЧСРК-46 (МЧСРК) [sim 0.768] — AI-вердикт: NOT_CORRECT
2025-10-13 12:19:05 [WARNING] Аналитик функций ГО: AI отклонил связь КРЕММНЭРК-88 (КРЕММНЭРК) → МНЭРК-302 (МНЭРК) [sim 0.641] — AI-вердикт: NOT_CORRECT
2025-10-13 12:19:05 [WARNING] Аналитик функций ГО: AI отклонил связь КРЕММНЭРК-26 (КРЕММНЭРК) → МНЭРК-406 (МНЭРК) [sim 0.682] — AI-вердикт: NOT_CORRECT
2025-10-13 12:19:05 [WARNING] Аналитик функций ГО: AI отклонил связь КРЕММНЭРК-29 (КРЕММНЭРК) → МНЭРК-136 (МНЭРК) [sim 0.675] — AI-вердикт: NOT_CORRECT
2025-10-13 12:19:05 [WARNING] Аналитик функций ГО: AI отклонил связь КРЕММНЭРК-36 (КРЕММНЭРК) → МНЭРК-137 (МНЭРК) [sim 0.687] — AI-вердикт: NOT_CORRECT
2025-10-13 12:19:05 [WARNING] Аналитик функций ГО: AI отклонил связь КРЕММНЭРК-65 (КРЕММНЭРК) → МНЭРК-117 (МНЭРК) [sim 0.553] — AI-вердикт: NOT_CORRECT
2025-10-13 12:19:05 [WARNING] Аналитик функций ГО: AI отклонил связь КРЕММНЭРК-79 (КРЕММНЭРК) → МНЭРК-259 (МНЭРК) [sim 0.722] — AI-вердикт: NOT_CORRECT
2025-10-13 12:19:05 [WARNING] Аналитик функций ГО: AI отклонил связь КПЧСМЧСРК-39 (КПЧСМЧСРК) → МЧСРК-275 (МЧСРК) [sim 0.560] — AI-вердикт: NOT_CORRECT
2025-10-13 12:19:05 [WARNING] Аналитик функций ГО: AI отклонил связь КПЧСМЧСРК-48 (КПЧСМЧСРК) → МЧСРК-16 (МЧСРК) [sim 0.693] — AI-вердикт: NOT_CORRECT
2025-10-13 12:19:05 [WARNING] Аналитик функций ГО: AI отклонил связь КРЕММНЭРК-68 (КРЕММНЭРК) → МНЭРК-243 (МНЭРК) [sim 0.744] — AI-вердикт: NOT_CORRECT
2025-10-13 12:19:05 [WARNING] Аналитик функций ГО: AI отклонил связь КРЕММНЭРК-54 (КРЕММНЭРК) → МНЭРК-261 (МНЭРК) [sim 0.690] — AI-вердикт: NOT_CORRECT
2025-10-13 12:19:05 [WARNING] Аналитик функций ГО: AI отклонил связь КРЕММНЭРК-69 (КРЕММНЭРК) → МНЭРК-384 (МНЭРК) [sim 0.707] — AI-вердикт: NOT_CORRECT
2025-10-13 12:19:05 [WARNING] Аналитик функций ГО: AI отклонил связь КРЕММНЭРК-40 (КРЕММНЭРК) → МНЭРК-137 (МНЭРК) [sim 0.634] — AI-вердикт: NOT_CORRECT
2025-10-13 12:19:05 [WARNING] Аналитик функций ГО: AI отклонил связь КРИБЛМТСРК-14 (КРИБЛМТСРК) → МТСРК-175 (МТСРК) [sim 0.969] — AI-вердикт: NOT_CORRECT
2025-10-13 12:19:05 [WARNING] Аналитик функций ГО: AI отклонил связь КРЕММНЭРК-30 (КРЕММНЭРК) → МНЭРК-136 (МНЭРК) [sim 0.665] — AI-вердикт: NOT_CORRECT
2025-10-13 12:19:05 [WARNING] Аналитик функций ГО: AI отклонил связь КРИБЛМТСРК-15 (КРИБЛМТСРК) → МТСРК-176 (МТСРК) [sim 0.955] — AI-вердикт: NOT_CORRECT
2025-10-13 12:19:05 [WARNING] Аналитик функций ГО: AI отклонил связь КРЕММНЭРК-75 (КРЕММНЭРК) → МНЭРК-138 (МНЭРК) [sim 0.795] — AI-вердикт: NOT_CORRECT
2025-10-13 12:19:05 [WARNING] Аналитик функций ГО: AI отклонил связь КРИБЛМТСРК-17 (КРИБЛМТСРК) → МТСРК-168 (МТСРК) [sim 0.588] — AI-вердикт: NOT_CORRECT
2025-10-13 12:19:05 [WARNING] Аналитик функций ГО: AI отклонил связь КРЕММНЭРК-11 (КРЕММНЭРК) → МНЭРК-136 (МНЭРК) [sim 0.692] — AI-вердикт: NOT_CORRECT
2025-10-13 12:19:05 [WARNING] Аналитик функций ГО: AI отклонил связь КРЕММНЭРК-67 (КРЕММНЭРК) → МНЭРК-209 (МНЭРК) [sim 0.686] — AI-вердикт: NOT_CORRECT
2025-10-13 12:19:05 [WARNING] Аналитик функций ГО: AI отклонил связь КРЕММНЭРК-44 (КРЕММНЭРК) → МНЭРК-302 (МНЭРК) [sim 0.673] — AI-вердикт: NOT_CORRECT
2025-10-13 12:19:05 [WARNING] Аналитик функций ГО: AI отклонил связь КРЕММНЭРК-72 (КРЕММНЭРК) → МНЭРК-150 (МНЭРК) [sim 0.956] — AI-вердикт: NOT_CORRECT
2025-10-13 12:19:05 [WARNING] Аналитик функций ГО: AI отклонил связь КРЕММНЭРК-81 (КРЕММНЭРК) → МНЭРК-65 (МНЭРК) [sim 0.576] — AI-вердикт: NOT_CORRECT
2025-10-13 12:19:05 [WARNING] Аналитик функций ГО: AI отклонил связь КРЕММНЭРК-52 (КРЕММНЭРК) → МНЭРК-237 (МНЭРК) [sim 0.722] — AI-вердикт: NOT_CORRECT
2025-10-13 12:19:05 [WARNING] Аналитик функций ГО: AI отклонил связь КРИБЛМТСРК-9 (КРИБЛМТСРК) → МТСРК-179 (МТСРК) [sim 0.949] — AI-вердикт: NOT_CORRECT
2025-10-13 12:19:05 [WARNING] Аналитик функций ГО: AI отклонил связь КРИБЛМТСРК-22 (КРИБЛМТСРК) → МТСРК-22 (МТСРК) [sim 0.960] — AI-вердикт: NOT_CORRECT
2025-10-13 12:19:05 [WARNING] Аналитик функций ГО: AI отклонил связь КРЕММНЭРК-27 (КРЕММНЭРК) → МНЭРК-315 (МНЭРК) [sim 0.800] — AI-вердикт: NOT_CORRECT
2025-10-13 12:19:05 [WARNING] Аналитик функций ГО: AI отклонил связь КРЕММНЭРК-82 (КРЕММНЭРК) → МНЭРК-342 (МНЭРК) [sim 0.899] — AI-вердикт: NOT_CORRECT
2025-10-13 12:19:05 [WARNING] Аналитик функций ГО: AI отклонил связь КРИБЛМТСРК-11 (КРИБЛМТСРК) → МТСРК-162 (МТСРК) [sim 0.987] — AI-вердикт: NOT_CORRECT
2025-10-13 12:19:05 [WARNING] Аналитик функций ГО: AI отклонил связь КРИБЛМТСРК-34 (КРИБЛМТСРК) → МТСРК-184 (МТСРК) [sim 0.597] — AI-вердикт: NOT_CORRECT
2025-10-13 12:19:05 [WARNING] Аналитик функций ГО: AI отклонил связь КРЕММНЭРК-85 (КРЕММНЭРК) → МНЭРК-302 (МНЭРК) [sim 0.721] — AI-вердикт: NOT_CORRECT
2025-10-13 12:19:05 [WARNING] Аналитик функций ГО: AI отклонил связь КРИБЛМТСРК-28 (КРИБЛМТСРК) → МТСРК-211 (МТСРК) [sim 0.557] — AI-вердикт: NOT_CORRECT
2025-10-13 12:19:05 [WARNING] Аналитик функций ГО: AI отклонил связь КРЕММНЭРК-74 (КРЕММНЭРК) → МНЭРК-152 (МНЭРК) [sim 0.976] — AI-вердикт: NOT_CORRECT
2025-10-13 12:19:05 [WARNING] Аналитик функций ГО: AI отклонил связь КРЕММНЭРК-55 (КРЕММНЭРК) → МНЭРК-261 (МНЭРК) [sim 0.597] — AI-вердикт: NOT_CORRECT
2025-10-13 12:19:05 [WARNING] Аналитик функций ГО: AI отклонил связь КРИБЛМТСРК-23 (КРИБЛМТСРК) → МТСРК-161 (МТСРК) [sim 0.851] — AI-вердикт: NOT_CORRECT
2025-10-13 12:19:05 [WARNING] Аналитик функций ГО: AI отклонил связь КРКССЗНМТСЗНРК-13 (КРКССЗНМТСЗНРК) → МТСЗНРК-176 (МТСЗНРК) [sim 0.727] — AI-вердикт: NOT_CORRECT
2025-10-13 12:19:05 [WARNING] Аналитик функций ГО: AI отклонил связь КРКССЗНМТСЗНРК-25 (КРКССЗНМТСЗНРК) → МТСЗНРК-16 (МТСЗНРК) [sim 0.540] — AI-вердикт: NOT_CORRECT
2025-10-13 12:19:05 [WARNING] Аналитик функций ГО: AI отклонил связь КРКССЗНМТСЗНРК-4 (КРКССЗНМТСЗНРК) → МТСЗНРК-8 (МТСЗНРК) [sim 0.687] — AI-вердикт: NOT_CORRECT
2025-10-13 12:19:05 [WARNING] Аналитик функций ГО: AI отклонил связь КРИБЛМТСРК-19 (КРИБЛМТСРК) → МТСРК-163 (МТСРК) [sim 0.961] — AI-вердикт: NOT_CORRECT
2025-10-13 12:19:05 [WARNING] Аналитик функций ГО: AI отклонил связь КРЕММНЭРК-76 (КРЕММНЭРК) → МНЭРК-154 (МНЭРК) [sim 0.649] — AI-вердикт: NOT_CORRECT
2025-10-13 12:19:05 [WARNING] Аналитик функций ГО: AI отклонил связь КРЕММНЭРК-64 (КРЕММНЭРК) → МНЭРК-259 (МНЭРК) [sim 0.745] — AI-вердикт: NOT_CORRECT
2025-10-13 12:19:05 [WARNING] Аналитик функций ГО: AI отклонил связь КРЕММНЭРК-25 (КРЕММНЭРК) → МНЭРК-315 (МНЭРК) [sim 0.679] — AI-вердикт: NOT_CORRECT
2025-10-13 12:19:05 [WARNING] Аналитик функций ГО: AI отклонил связь КРКССЗНМТСЗНРК-29 (КРКССЗНМТСЗНРК) → МТСЗНРК-144 (МТСЗНРК) [sim 0.559] — AI-вердикт: NOT_CORRECT
2025-10-13 12:19:05 [WARNING] Аналитик функций ГО: AI отклонил связь КРЕММНЭРК-78 (КРЕММНЭРК) → МНЭРК-237 (МНЭРК) [sim 0.714] — AI-вердикт: NOT_CORRECT
2025-10-13 12:19:05 [WARNING] Аналитик функций ГО: AI отклонил связь КРЕММНЭРК-84 (КРЕММНЭРК) → МНЭРК-302 (МНЭРК) [sim 0.677] — AI-вердикт: NOT_CORRECT
2025-10-13 12:19:05 [WARNING] Аналитик функций ГО: AI отклонил связь КРЕММНЭРК-31 (КРЕММНЭРК) → МНЭРК-151 (МНЭРК) [sim 0.626] — AI-вердикт: NOT_CORRECT
2025-10-13 12:19:05 [WARNING] Аналитик функций ГО: AI отклонил связь КРЕММНЭРК-53 (КРЕММНЭРК) → МНЭРК-140 (МНЭРК) [sim 0.640] — AI-вердикт: NOT_CORRECT
2025-10-13 12:19:05 [WARNING] Аналитик функций ГО: AI отклонил связь КРКССЗНМТСЗНРК-11 (КРКССЗНМТСЗНРК) → МТСЗНРК-202 (МТСЗНРК) [sim 0.794] — AI-вердикт: NOT_CORRECT
2025-10-13 12:19:05 [WARNING] Аналитик функций ГО: AI отклонил связь КРКССЗНМТСЗНРК-7 (КРКССЗНМТСЗНРК) → МТСЗНРК-157 (МТСЗНРК) [sim 0.737] — AI-вердикт: NOT_CORRECT
2025-10-13 12:19:05 [WARNING] Аналитик функций ГО: AI отклонил связь КРИБЛМТСРК-18 (КРИБЛМТСРК) → МТСРК-216 (МТСРК) [sim 0.694] — AI-вердикт: NOT_CORRECT
2025-10-13 12:19:05 [WARNING] Аналитик функций ГО: AI отклонил связь КРИБЛМТСРК-20 (КРИБЛМТСРК) → МТСРК-165 (МТСРК) [sim 0.938] — AI-вердикт: NOT_CORRECT
2025-10-13 12:19:05 [WARNING] Аналитик функций ГО: AI отклонил связь КРИБЛМТСРК-4 (КРИБЛМТСРК) → МТСРК-31 (МТСРК) [sim 0.844] — AI-вердикт: NOT_CORRECT
2025-10-13 12:19:05 [WARNING] Аналитик функций ГО: AI отклонил связь КРКССЗНМТСЗНРК-3 (КРКССЗНМТСЗНРК) → МТСЗНРК-8 (МТСЗНРК) [sim 0.689] — AI-вердикт: NOT_CORRECT
2025-10-13 12:19:05 [WARNING] Аналитик функций ГО: AI отклонил связь КРЕММНЭРК-41 (КРЕММНЭРК) → МНЭРК-148 (МНЭРК) [sim 0.831] — AI-вердикт: NOT_CORRECT
2025-10-13 12:19:05 [WARNING] Аналитик функций ГО: AI отклонил связь КРКССЗНМТСЗНРК-16 (КРКССЗНМТСЗНРК) → МТСЗНРК-175 (МТСЗНРК) [sim 0.697] — AI-вердикт: NOT_CORRECT
2025-10-13 12:19:05 [WARNING] Аналитик функций ГО: AI отклонил связь КРИБЛМТСРК-21 (КРИБЛМТСРК) → МТСРК-8 (МТСРК) [sim 0.924] — AI-вердикт: NOT_CORRECT
2025-10-13 12:19:05 [WARNING] Аналитик функций ГО: AI отклонил связь КРИБЛМТСРК-25 (КРИБЛМТСРК) → МТСРК-162 (МТСРК) [sim 0.946] — AI-вердикт: NOT_CORRECT
2025-10-13 12:19:05 [WARNING] Аналитик функций ГО: AI отклонил связь КРКССЗНМТСЗНРК-5 (КРКССЗНМТСЗНРК) → МТСЗНРК-111 (МТСЗНРК) [sim 0.588] — AI-вердикт: NOT_CORRECT
2025-10-13 12:19:05 [WARNING] Аналитик функций ГО: AI отклонил связь КРКССЗНМТСЗНРК-20 (КРКССЗНМТСЗНРК) → МТСЗНРК-308 (МТСЗНРК) [sim 0.711] — AI-вердикт: NOT_CORRECT
2025-10-13 12:19:05 [WARNING] Аналитик функций ГО: AI отклонил связь КРЕММНЭРК-8 (КРЕММНЭРК) → МНЭРК-122 (МНЭРК) [sim 0.578] — AI-вердикт: NOT_CORRECT
2025-10-13 12:19:05 [WARNING] Аналитик функций ГО: AI отклонил связь КРКССЗНМТСЗНРК-10 (КРКССЗНМТСЗНРК) → МТСЗНРК-221 (МТСЗНРК) [sim 0.636] — AI-вердикт: NOT_CORRECT
2025-10-13 12:19:05 [WARNING] Аналитик функций ГО: AI отклонил связь КРОИВРМВРИРК-18 (КРОИВРМВРИРК) → МВРИРК-84 (МВРИРК) [sim 0.625] — AI-вердикт: NOT_CORRECT
2025-10-13 12:19:05 [WARNING] Аналитик функций ГО: AI отклонил связь КРКССЗНМТСЗНРК-14 (КРКССЗНМТСЗНРК) → МТСЗНРК-160 (МТСЗНРК) [sim 0.821] — AI-вердикт: NOT_CORRECT
2025-10-13 12:19:05 [WARNING] Аналитик функций ГО: AI отклонил связь КРКССЗНМТСЗНРК-24 (КРКССЗНМТСЗНРК) → МТСЗНРК-233 (МТСЗНРК) [sim 0.569] — AI-вердикт: NOT_CORRECT
2025-10-13 12:19:05 [WARNING] Аналитик функций ГО: AI отклонил связь КРКССЗНМТСЗНРК-15 (КРКССЗНМТСЗНРК) → МТСЗНРК-172 (МТСЗНРК) [sim 0.668] — AI-вердикт: NOT_CORRECT
2025-10-13 12:19:05 [WARNING] Аналитик функций ГО: AI отклонил связь КРОИВРМВРИРК-22 (КРОИВРМВРИРК) → МВРИРК-74 (МВРИРК) [sim 0.883] — AI-вердикт: NOT_CORRECT
2025-10-13 12:19:05 [WARNING] Аналитик функций ГО: AI отклонил связь КРКССЗНМТСЗНРК-12 (КРКССЗНМТСЗНРК) → МТСЗНРК-226 (МТСЗНРК) [sim 0.623] — AI-вердикт: NOT_CORRECT
2025-10-13 12:19:05 [WARNING] Аналитик функций ГО: AI отклонил связь КРЕММНЭРК-22 (КРЕММНЭРК) → МНЭРК-361 (МНЭРК) [sim 0.825] — AI-вердикт: NOT_CORRECT
2025-10-13 12:19:05 [WARNING] Аналитик функций ГО: AI отклонил связь КРОИВРМВРИРК-26 (КРОИВРМВРИРК) → МВРИРК-99 (МВРИРК) [sim 0.681] — AI-вердикт: NOT_CORRECT
2025-10-13 12:19:05 [WARNING] Аналитик функций ГО: AI отклонил связь КРКССЗНМТСЗНРК-28 (КРКССЗНМТСЗНРК) → МТСЗНРК-160 (МТСЗНРК) [sim 0.662] — AI-вердикт: NOT_CORRECT
2025-10-13 12:19:05 [WARNING] Аналитик функций ГО: AI отклонил связь КРИБЛМТСРК-32 (КРИБЛМТСРК) → МТСРК-165 (МТСРК) [sim 0.674] — AI-вердикт: NOT_CORRECT
2025-10-13 12:19:05 [WARNING] Аналитик функций ГО: AI отклонил связь КРЕММНЭРК-42 (КРЕММНЭРК) → МНЭРК-302 (МНЭРК) [sim 0.646] — AI-вердикт: NOT_CORRECT
2025-10-13 12:19:05 [WARNING] Аналитик функций ГО: AI отклонил связь КРИБЛМТСРК-30 (КРИБЛМТСРК) → МТСРК-167 (МТСРК) [sim 0.768] — AI-вердикт: NOT_CORRECT
2025-10-13 12:19:05 [WARNING] Аналитик функций ГО: AI отклонил связь КРКССЗНМТСЗНРК-26 (КРКССЗНМТСЗНРК) → МТСЗНРК-214 (МТСЗНРК) [sim 0.708] — AI-вердикт: NOT_CORRECT
2025-10-13 12:19:05 [WARNING] Аналитик функций ГО: AI отклонил связь КРКССЗНМТСЗНРК-19 (КРКССЗНМТСЗНРК) → МТСЗНРК-202 (МТСЗНРК) [sim 0.651] — AI-вердикт: NOT_CORRECT
2025-10-13 12:19:05 [WARNING] Аналитик функций ГО: AI отклонил связь КРИБЛМТСРК-1 (КРИБЛМТСРК) → МТСРК-23 (МТСРК) [sim 0.637] — AI-вердикт: NOT_CORRECT
2025-10-13 12:19:05 [WARNING] Аналитик функций ГО: AI отклонил связь КРКССЗНМТСЗНРК-27 (КРКССЗНМТСЗНРК) → МТСЗНРК-221 (МТСЗНРК) [sim 0.635] — AI-вердикт: NOT_CORRECT
2025-10-13 12:19:05 [WARNING] Аналитик функций ГО: AI отклонил связь КРКССЗНМТСЗНРК-22 (КРКССЗНМТСЗНРК) → МТСЗНРК-234 (МТСЗНРК) [sim 0.662] — AI-вердикт: NOT_CORRECT
2025-10-13 12:19:05 [WARNING] Аналитик функций ГО: AI отклонил связь КРСОЮУМРМЮРК-12 (КРСОЮУМРМЮРК) → МЮРК-152 (МЮРК) [sim 0.946] — AI-вердикт: NOT_CORRECT
2025-10-13 12:19:05 [WARNING] Аналитик функций ГО: AI отклонил связь КРСОЮУМРМЮРК-49 (КРСОЮУМРМЮРК) → МЮРК-117 (МЮРК) [sim 0.961] — AI-вердикт: NOT_CORRECT
2025-10-13 12:19:05 [WARNING] Аналитик функций ГО: AI отклонил связь КРСОЮУМРМЮРК-51 (КРСОЮУМРМЮРК) → МЮРК-119 (МЮРК) [sim 0.948] — AI-вердикт: NOT_CORRECT
2025-10-13 12:19:05 [WARNING] Аналитик функций ГО: AI отклонил связь КРОИВРМВРИРК-6 (КРОИВРМВРИРК) → МВРИРК-142 (МВРИРК) [sim 0.665] — AI-вердикт: NOT_CORRECT
2025-10-13 12:19:05 [WARNING] Аналитик функций ГО: AI отклонил связь КРСОЮУМРМЮРК-6 (КРСОЮУМРМЮРК) → МЮРК-105 (МЮРК) [sim 0.703] — AI-вердикт: NOT_CORRECT
2025-10-13 12:19:05 [WARNING] Аналитик функций ГО: AI отклонил связь КРСОЮУМРМЮРК-50 (КРСОЮУМРМЮРК) → МЮРК-118 (МЮРК) [sim 0.974] — AI-вердикт: NOT_CORRECT
2025-10-13 12:19:05 [WARNING] Аналитик функций ГО: AI отклонил связь КРСОЮУМРМЮРК-19 (КРСОЮУМРМЮРК) → МЮРК-34 (МЮРК) [sim 0.773] — AI-вердикт: NOT_CORRECT
2025-10-13 12:19:05 [WARNING] Аналитик функций ГО: AI отклонил связь КРКССЗНМТСЗНРК-21 (КРКССЗНМТСЗНРК) → МТСЗНРК-234 (МТСЗНРК) [sim 0.663] — AI-вердикт: NOT_CORRECT
2025-10-13 12:19:05 [WARNING] Аналитик функций ГО: AI отклонил связь КРКССЗНМТСЗНРК-8-1 (КРКССЗНМТСЗНРК) → МТСЗНРК-160 (МТСЗНРК) [sim 0.720] — AI-вердикт: NOT_CORRECT
2025-10-13 12:19:05 [WARNING] Аналитик функций ГО: AI отклонил связь КРСОЮУМРМЮРК-52 (КРСОЮУМРМЮРК) → МЮРК-120 (МЮРК) [sim 0.957] — AI-вердикт: NOT_CORRECT
2025-10-13 12:19:05 [WARNING] Аналитик функций ГО: AI отклонил связь КРХМСХРК-103 (КРХМСХРК) → МСХРК-675 (МСХРК) [sim 0.983] — AI-вердикт: NOT_CORRECT
2025-10-13 12:19:05 [WARNING] Аналитик функций ГО: AI отклонил связь КРСОЮУМРМЮРК-57 (КРСОЮУМРМЮРК) → МЮРК-33 (МЮРК) [sim 0.598] — AI-вердикт: NOT_CORRECT
2025-10-13 12:19:05 [WARNING] Аналитик функций ГО: AI отклонил связь КРХМСХРК-3 (КРХМСХРК) → МСХРК-677 (МСХРК) [sim 0.800] — AI-вердикт: NOT_CORRECT
2025-10-13 12:19:05 [WARNING] Аналитик функций ГО: AI отклонил связь КРИБЛМТСРК-33 (КРИБЛМТСРК) → МТСРК-161 (МТСРК) [sim 0.602] — AI-вердикт: NOT_CORRECT
2025-10-13 12:19:05 [WARNING] Аналитик функций ГО: AI отклонил связь КРХМСХРК-52 (КРХМСХРК) → МСХРК-688 (МСХРК) [sim 0.748] — AI-вердикт: NOT_CORRECT
2025-10-13 12:19:05 [WARNING] Аналитик функций ГО: AI отклонил связь КРХМСХРК-31 (КРХМСХРК) → МСХРК-688 (МСХРК) [sim 0.766] — AI-вердикт: NOT_CORRECT
2025-10-13 12:19:05 [WARNING] Аналитик функций ГО: AI отклонил связь КРХМСХРК-28 (КРХМСХРК) → МСХРК-600 (МСХРК) [sim 0.784] — AI-вердикт: NOT_CORRECT
2025-10-13 12:19:05 [WARNING] Аналитик функций ГО: AI отклонил связь КСКМЗРК-16-3 (КСКМЗРК) → МЗРК-332 (МЗРК) [sim 0.688] — AI-вердикт: NOT_CORRECT
2025-10-13 12:19:05 [WARNING] Аналитик функций ГО: AI отклонил связь КСКМЗРК-11 (КСКМЗРК) → МЗРК-297 (МЗРК) [sim 0.647] — AI-вердикт: NOT_CORRECT
2025-10-13 12:19:05 [WARNING] Аналитик функций ГО: AI отклонил связь КСКМЗРК-10 (КСКМЗРК) → МЗРК-297 (МЗРК) [sim 0.727] — AI-вердикт: NOT_CORRECT
2025-10-13 12:19:05 [WARNING] Аналитик функций ГО: AI отклонил связь КСКМЗРК-16-13 (КСКМЗРК) → МЗРК-134 (МЗРК) [sim 0.615] — AI-вердикт: NOT_CORRECT
2025-10-13 12:19:05 [WARNING] Аналитик функций ГО: AI отклонил связь КСКМЗРК-15-5 (КСКМЗРК) → МЗРК-130 (МЗРК) [sim 0.827] — AI-вердикт: NOT_CORRECT
2025-10-13 12:19:05 [WARNING] Аналитик функций ГО: AI отклонил связь КСКМЗРК-14 (КСКМЗРК) → МЗРК-309 (МЗРК) [sim 0.698] — AI-вердикт: NOT_CORRECT
2025-10-13 12:19:05 [WARNING] Аналитик функций ГО: AI отклонил связь КСКМЗРК-16-11 (КСКМЗРК) → МЗРК-135 (МЗРК) [sim 0.744] — AI-вердикт: NOT_CORRECT
2025-10-13 12:19:05 [WARNING] Аналитик функций ГО: AI отклонил связь КСКМЗРК-15-6 (КСКМЗРК) → МЗРК-381 (МЗРК) [sim 0.689] — AI-вердикт: NOT_CORRECT
2025-10-13 12:19:05 [WARNING] Аналитик функций ГО: AI отклонил связь КСКМЗРК-16-6 (КСКМЗРК) → МЗРК-131 (МЗРК) [sim 0.861] — AI-вердикт: NOT_CORRECT
2025-10-13 12:19:05 [WARNING] Аналитик функций ГО: AI отклонил связь КСКМЗРК-16-5 (КСКМЗРК) → МЗРК-410 (МЗРК) [sim 0.573] — AI-вердикт: NOT_CORRECT
2025-10-13 12:19:05 [WARNING] Аналитик функций ГО: AI отклонил связь КСКМЗРК-39 (КСКМЗРК) → МЗРК-266 (МЗРК) [sim 0.592] — AI-вердикт: NOT_CORRECT
2025-10-13 12:19:05 [WARNING] Аналитик функций ГО: AI отклонил связь КРХМСХРК-98 (КРХМСХРК) → МСХРК-638 (МСХРК) [sim 0.723] — AI-вердикт: NOT_CORRECT
2025-10-13 12:19:05 [WARNING] Аналитик функций ГО: AI отклонил связь КСКМЗРК-29 (КСКМЗРК) → МЗРК-381 (МЗРК) [sim 0.774] — AI-вердикт: NOT_CORRECT
2025-10-13 12:19:05 [WARNING] Аналитик функций ГО: AI отклонил связь КРКССЗНМТСЗНРК-2 (КРКССЗНМТСЗНРК) → МТСЗНРК-8 (МТСЗНРК) [sim 0.825] — AI-вердикт: NOT_CORRECT
2025-10-13 12:19:05 [WARNING] Аналитик функций ГО: AI отклонил связь КСКМЗРК-43 (КСКМЗРК) → МЗРК-289 (МЗРК) [sim 0.730] — AI-вердикт: NOT_CORRECT
2025-10-13 12:19:05 [WARNING] Аналитик функций ГО: AI отклонил связь КСКМЗРК-20 (КСКМЗРК) → МЗРК-346 (МЗРК) [sim 0.574] — AI-вердикт: NOT_CORRECT
2025-10-13 12:19:05 [WARNING] Аналитик функций ГО: AI отклонил связь КСКМЗРК-16-18 (КСКМЗРК) → МЗРК-134 (МЗРК) [sim 0.712] — AI-вердикт: NOT_CORRECT
2025-10-13 12:19:05 [WARNING] Аналитик функций ГО: AI отклонил связь КСКМЗРК-3 (КСКМЗРК) → МЗРК-381 (МЗРК) [sim 0.806] — AI-вердикт: NOT_CORRECT
2025-10-13 12:19:05 [WARNING] Аналитик функций ГО: AI отклонил связь КСКМЗРК-1 (КСКМЗРК) → МЗРК-344 (МЗРК) [sim 0.752] — AI-вердикт: NOT_CORRECT
2025-10-13 12:19:05 [WARNING] Аналитик функций ГО: AI отклонил связь КСКМЗРК-17-4 (КСКМЗРК) → МЗРК-135 (МЗРК) [sim 0.602] — AI-вердикт: NOT_CORRECT
2025-10-13 12:19:05 [WARNING] Аналитик функций ГО: AI отклонил связь КСКМЗРК-24 (КСКМЗРК) → МЗРК-164 (МЗРК) [sim 0.652] — AI-вердикт: NOT_CORRECT
2025-10-13 12:19:05 [WARNING] Аналитик функций ГО: AI отклонил связь КСКМЗРК-36 (КСКМЗРК) → МЗРК-134 (МЗРК) [sim 0.660] — AI-вердикт: NOT_CORRECT
2025-10-13 12:19:05 [WARNING] Аналитик функций ГО: AI отклонил связь КСКМЗРК-25 (КСКМЗРК) → МЗРК-224 (МЗРК) [sim 0.575] — AI-вердикт: NOT_CORRECT
2025-10-13 12:19:05 [WARNING] Аналитик функций ГО: AI отклонил связь КСКМЗРК-45 (КСКМЗРК) → МЗРК-382 (МЗРК) [sim 0.628] — AI-вердикт: NOT_CORRECT
2025-10-13 12:19:05 [WARNING] Аналитик функций ГО: AI отклонил связь КСКМЗРК-50-3 (КСКМЗРК) → МЗРК-173 (МЗРК) [sim 0.779] — AI-вердикт: NOT_CORRECT
2025-10-13 12:19:05 [WARNING] Аналитик функций ГО: AI отклонил связь КСКМЗРК-31 (КСКМЗРК) → МЗРК-135 (МЗРК) [sim 0.898] — AI-вердикт: NOT_CORRECT
2025-10-13 12:19:05 [WARNING] Аналитик функций ГО: AI отклонил связь КСКМЗРК-17-7 (КСКМЗРК) → МЗРК-381 (МЗРК) [sim 0.890] — AI-вердикт: NOT_CORRECT
2025-10-13 12:19:05 [WARNING] Аналитик функций ГО: AI отклонил связь КСКМЗРК-48 (КСКМЗРК) → МЗРК-307 (МЗРК) [sim 0.820] — AI-вердикт: NOT_CORRECT
2025-10-13 12:19:05 [WARNING] Аналитик функций ГО: AI отклонил связь КСКМЗРК-17-1 (КСКМЗРК) → МЗРК-130 (МЗРК) [sim 0.719] — AI-вердикт: NOT_CORRECT
2025-10-13 12:19:05 [WARNING] Аналитик функций ГО: AI отклонил связь КСКМЗРК-15-3 (КСКМЗРК) → МЗРК-389 (МЗРК) [sim 0.609] — AI-вердикт: NOT_CORRECT
2025-10-13 12:19:05 [WARNING] Аналитик функций ГО: AI отклонил связь КСКМЗРК-16-14 (КСКМЗРК) → МЗРК-130 (МЗРК) [sim 0.623] — AI-вердикт: NOT_CORRECT
2025-10-13 12:19:05 [WARNING] Аналитик функций ГО: AI отклонил связь КСКМЗРК-23 (КСКМЗРК) → МЗРК-135 (МЗРК) [sim 0.677] — AI-вердикт: NOT_CORRECT
2025-10-13 12:19:05 [WARNING] Аналитик функций ГО: AI отклонил связь КРКССЗНМТСЗНРК-9 (КРКССЗНМТСЗНРК) → МТСЗНРК-160 (МТСЗНРК) [sim 0.682] — AI-вердикт: NOT_CORRECT
2025-10-13 12:19:05 [WARNING] Аналитик функций ГО: AI отклонил связь КСКМЗРК-47 (КСКМЗРК) → МЗРК-43 (МЗРК) [sim 0.606] — AI-вердикт: NOT_CORRECT
2025-10-13 12:19:05 [WARNING] Аналитик функций ГО: AI отклонил связь КСКМЗРК-5 (КСКМЗРК) → МЗРК-375 (МЗРК) [sim 0.664] — AI-вердикт: NOT_CORRECT
2025-10-13 12:19:05 [WARNING] Аналитик функций ГО: AI отклонил связь КСКМЗРК-16-8 (КСКМЗРК) → МЗРК-73 (МЗРК) [sim 0.749] — AI-вердикт: NOT_CORRECT
2025-10-13 12:19:05 [WARNING] Аналитик функций ГО: AI отклонил связь КСКМЗРК-21 (КСКМЗРК) → МЗРК-351 (МЗРК) [sim 0.607] — AI-вердикт: NOT_CORRECT
2025-10-13 12:19:05 [WARNING] Аналитик функций ГО: AI отклонил связь КСКМЗРК-40 (КСКМЗРК) → МЗРК-43 (МЗРК) [sim 0.548] — AI-вердикт: NOT_CORRECT
2025-10-13 12:19:05 [WARNING] Аналитик функций ГО: AI отклонил связь КСКМЗРК-50-4 (КСКМЗРК) → МЗРК-297 (МЗРК) [sim 0.706] — AI-вердикт: NOT_CORRECT
2025-10-13 12:19:05 [WARNING] Аналитик функций ГО: AI отклонил связь КСКМЗРК-16-10 (КСКМЗРК) → МЗРК-332 (МЗРК) [sim 0.615] — AI-вердикт: NOT_CORRECT
2025-10-13 12:19:05 [WARNING] Аналитик функций ГО: AI отклонил связь КРХМСХРК-81 (КРХМСХРК) → МСХРК-653 (МСХРК) [sim 0.869] — AI-вердикт: NOT_CORRECT
2025-10-13 12:19:05 [WARNING] Аналитик функций ГО: AI отклонил связь КСКМЗРК-50-6 (КСКМЗРК) → МЗРК-302 (МЗРК) [sim 0.744] — AI-вердикт: NOT_CORRECT
2025-10-13 12:19:05 [WARNING] Аналитик функций ГО: AI отклонил связь КСКМЗРК-51 (КСКМЗРК) → МЗРК-302 (МЗРК) [sim 0.678] — AI-вердикт: NOT_CORRECT
2025-10-13 12:19:05 [WARNING] Аналитик функций ГО: AI отклонил связь КСКМЗРК-37 (КСКМЗРК) → МЗРК-134 (МЗРК) [sim 0.639] — AI-вердикт: NOT_CORRECT
2025-10-13 12:19:05 [WARNING] Аналитик функций ГО: AI отклонил связь КСКМЗРК-55-1 (КСКМЗРК) → МЗРК-389 (МЗРК) [sim 0.623] — AI-вердикт: NOT_CORRECT
2025-10-13 12:19:05 [WARNING] Аналитик функций ГО: AI отклонил связь КСКМЗРК-17-3 (КСКМЗРК) → МЗРК-279 (МЗРК) [sim 0.621] — AI-вердикт: NOT_CORRECT
2025-10-13 12:19:05 [WARNING] Аналитик функций ГО: AI отклонил связь КСКМЗРК-41 (КСКМЗРК) → МЗРК-7 (МЗРК) [sim 0.686] — AI-вердикт: NOT_CORRECT
2025-10-13 12:19:05 [WARNING] Аналитик функций ГО: AI отклонил связь КСКМЗРК-19 (КСКМЗРК) → МЗРК-133 (МЗРК) [sim 0.657] — AI-вердикт: NOT_CORRECT
2025-10-13 12:19:05 [WARNING] Аналитик функций ГО: AI отклонил связь КСКМЗРК-17-2 (КСКМЗРК) → МЗРК-381 (МЗРК) [sim 0.779] — AI-вердикт: NOT_CORRECT
2025-10-13 12:19:05 [WARNING] Аналитик функций ГО: AI отклонил связь КСКМЗРК-16-4 (КСКМЗРК) → МЗРК-376 (МЗРК) [sim 0.966] — AI-вердикт: NOT_CORRECT
2025-10-13 12:19:05 [WARNING] Аналитик функций ГО: AI отклонил связь КСКМЗРК-50-1 (КСКМЗРК) → МЗРК-300 (МЗРК) [sim 0.968] — AI-вердикт: NOT_CORRECT
2025-10-13 12:19:05 [WARNING] Аналитик функций ГО: AI отклонил связь КСКМЗРК-49-1 (КСКМЗРК) → МЗРК-298 (МЗРК) [sim 0.804] — AI-вердикт: NOT_CORRECT
2025-10-13 12:19:05 [WARNING] Аналитик функций ГО: AI отклонил связь КСКМЗРК-46 (КСКМЗРК) → МЗРК-217 (МЗРК) [sim 0.637] — AI-вердикт: NOT_CORRECT
2025-10-13 12:19:05 [WARNING] Аналитик функций ГО: AI отклонил связь КСКМЗРК-38 (КСКМЗРК) → МЗРК-310 (МЗРК) [sim 0.550] — AI-вердикт: NOT_CORRECT
2025-10-13 12:19:05 [WARNING] Аналитик функций ГО: AI отклонил связь КСКМЗРК-26 (КСКМЗРК) → МЗРК-35 (МЗРК) [sim 0.599] — AI-вердикт: NOT_CORRECT
2025-10-13 12:19:05 [WARNING] Аналитик функций ГО: AI отклонил связь КСОМПРК-34 (КСОМПРК) → МПРК-184 (МПРК) [sim 0.893] — AI-вердикт: NOT_CORRECT
2025-10-13 12:19:05 [WARNING] Аналитик функций ГО: AI отклонил связь КСОМПРК-18 (КСОМПРК) → МПРК-97 (МПРК) [sim 0.938] — AI-вердикт: NOT_CORRECT
2025-10-13 12:19:05 [WARNING] Аналитик функций ГО: AI отклонил связь КСКМЗРК-16-2 (КСКМЗРК) → МЗРК-383 (МЗРК) [sim 0.776] — AI-вердикт: NOT_CORRECT
2025-10-13 12:19:05 [WARNING] Аналитик функций ГО: AI отклонил связь КСКМЗРК-9 (КСКМЗРК) → МЗРК-167 (МЗРК) [sim 0.561] — AI-вердикт: NOT_CORRECT
2025-10-13 12:19:05 [WARNING] Аналитик функций ГО: AI отклонил связь КСОМПРК-25 (КСОМПРК) → МПРК-187 (МПРК) [sim 0.957] — AI-вердикт: NOT_CORRECT
2025-10-13 12:19:05 [WARNING] Аналитик функций ГО: AI отклонил связь КСКМЗРК-53 (КСКМЗРК) → МЗРК-299 (МЗРК) [sim 0.837] — AI-вердикт: NOT_CORRECT
2025-10-13 12:19:05 [WARNING] Аналитик функций ГО: AI отклонил связь КСОМПРК-27 (КСОМПРК) → МПРК-152 (МПРК) [sim 0.885] — AI-вердикт: NOT_CORRECT
2025-10-13 12:19:05 [WARNING] Аналитик функций ГО: AI отклонил связь КСОМПРК-35 (КСОМПРК) → МПРК-116 (МПРК) [sim 0.943] — AI-вердикт: NOT_CORRECT
2025-10-13 12:19:05 [WARNING] Аналитик функций ГО: AI отклонил связь КСОМПРК-51 (КСОМПРК) → МПРК-255 (МПРК) [sim 0.659] — AI-вердикт: NOT_CORRECT
2025-10-13 12:19:05 [WARNING] Аналитик функций ГО: AI отклонил связь КСКМЗРК-50-7 (КСКМЗРК) → МЗРК-299 (МЗРК) [sim 0.764] — AI-вердикт: NOT_CORRECT
2025-10-13 12:19:05 [WARNING] Аналитик функций ГО: AI отклонил связь КСОМПРК-55 (КСОМПРК) → МПРК-10 (МПРК) [sim 0.694] — AI-вердикт: NOT_CORRECT
2025-10-13 12:19:05 [WARNING] Аналитик функций ГО: AI отклонил связь КСОМПРК-37 (КСОМПРК) → МПРК-188 (МПРК) [sim 0.967] — AI-вердикт: NOT_CORRECT
2025-10-13 12:19:05 [WARNING] Аналитик функций ГО: AI отклонил связь КСКМЗРК-50-5 (КСКМЗРК) → МЗРК-45 (МЗРК) [sim 0.623] — AI-вердикт: NOT_CORRECT
2025-10-13 12:19:05 [WARNING] Аналитик функций ГО: AI отклонил связь КСОМПРК-50 (КСОМПРК) → МПРК-269 (МПРК) [sim 0.676] — AI-вердикт: NOT_CORRECT
2025-10-13 12:19:05 [WARNING] Аналитик функций ГО: AI отклонил связь КСКМЗРК-16-12 (КСКМЗРК) → МЗРК-400 (МЗРК) [sim 0.746] — AI-вердикт: NOT_CORRECT
2025-10-13 12:19:05 [WARNING] Аналитик функций ГО: AI отклонил связь КСКМЗРК-52 (КСКМЗРК) → МЗРК-6 (МЗРК) [sim 0.575] — AI-вердикт: NOT_CORRECT
2025-10-13 12:19:05 [WARNING] Аналитик функций ГО: AI отклонил связь КСКМЗРК-4 (КСКМЗРК) → МЗРК-241 (МЗРК) [sim 0.646] — AI-вердикт: NOT_CORRECT
2025-10-13 12:19:05 [WARNING] Аналитик функций ГО: AI отклонил связь КСОМПРК-24 (КСОМПРК) → МПРК-80 (МПРК) [sim 0.827] — AI-вердикт: NOT_CORRECT
2025-10-13 12:19:05 [WARNING] Аналитик функций ГО: AI отклонил связь КСОМПРК-23 (КСОМПРК) → МПРК-296 (МПРК) [sim 0.748] — AI-вердикт: NOT_CORRECT
2025-10-13 12:19:05 [WARNING] Аналитик функций ГО: AI отклонил связь КСОМПРК-32 (КСОМПРК) → МПРК-179 (МПРК) [sim 0.866] — AI-вердикт: NOT_CORRECT
2025-10-13 12:19:05 [WARNING] Аналитик функций ГО: AI отклонил связь КСКМЗРК-17-6 (КСКМЗРК) → МЗРК-374 (МЗРК) [sim 0.957] — AI-вердикт: NOT_CORRECT
2025-10-13 12:19:05 [WARNING] Аналитик функций ГО: AI отклонил связь КСКМЗРК-16-7 (КСКМЗРК) → МЗРК-130 (МЗРК) [sim 0.710] — AI-вердикт: NOT_CORRECT
2025-10-13 12:19:05 [WARNING] Аналитик функций ГО: AI отклонил связь КСОМПРК-91 (КСОМПРК) → МПРК-89 (МПРК) [sim 0.739] — AI-вердикт: NOT_CORRECT
2025-10-13 12:19:05 [WARNING] Аналитик функций ГО: AI отклонил связь КСОМПРК-6 (КСОМПРК) → МПРК-240 (МПРК) [sim 0.854] — AI-вердикт: NOT_CORRECT
2025-10-13 12:19:05 [WARNING] Аналитик функций ГО: AI отклонил связь КСОМПРК-92 (КСОМПРК) → МПРК-71 (МПРК) [sim 0.548] — AI-вердикт: NOT_CORRECT
2025-10-13 12:19:05 [WARNING] Аналитик функций ГО: AI отклонил связь КСКМЗРК-54 (КСКМЗРК) → МЗРК-346 (МЗРК) [sim 0.620] — AI-вердикт: NOT_CORRECT
2025-10-13 12:19:05 [WARNING] Аналитик функций ГО: AI отклонил связь КСОМПРК-53 (КСОМПРК) → МПРК-99 (МПРК) [sim 0.943] — AI-вердикт: NOT_CORRECT
2025-10-13 12:19:05 [WARNING] Аналитик функций ГО: AI отклонил связь КСОМПРК-26 (КСОМПРК) → МПРК-57 (МПРК) [sim 0.691] — AI-вердикт: NOT_CORRECT
2025-10-13 12:19:05 [WARNING] Аналитик функций ГО: AI отклонил связь КТМТИРК-25 (КТМТИРК) → МТИРК-45 (МТИРК) [sim 0.866] — AI-вердикт: NOT_CORRECT
2025-10-13 12:19:05 [WARNING] Аналитик функций ГО: AI отклонил связь КСОМПРК-10 (КСОМПРК) → МПРК-58 (МПРК) [sim 0.764] — AI-вердикт: NOT_CORRECT
2025-10-13 12:19:05 [WARNING] Аналитик функций ГО: AI отклонил связь КСОМПРК-89 (КСОМПРК) → МПРК-40 (МПРК) [sim 0.958] — AI-вердикт: NOT_CORRECT
2025-10-13 12:19:05 [WARNING] Аналитик функций ГО: AI отклонил связь КСОМПРК-9 (КСОМПРК) → МПРК-24 (МПРК) [sim 0.799] — AI-вердикт: NOT_CORRECT
2025-10-13 12:19:05 [WARNING] Аналитик функций ГО: AI отклонил связь КТМТИРК-33 (КТМТИРК) → МТИРК-87 (МТИРК) [sim 0.813] — AI-вердикт: NOT_CORRECT
2025-10-13 12:19:05 [WARNING] Аналитик функций ГО: AI отклонил связь КСОМПРК-41 (КСОМПРК) → МПРК-83 (МПРК) [sim 0.921] — AI-вердикт: NOT_CORRECT
2025-10-13 12:19:05 [WARNING] Аналитик функций ГО: AI отклонил связь КСОМПРК-2 (КСОМПРК) → МПРК-4 (МПРК) [sim 0.919] — AI-вердикт: NOT_CORRECT
2025-10-13 12:19:05 [WARNING] Аналитик функций ГО: AI отклонил связь КТМТИРК-5 (КТМТИРК) → МТИРК-91 (МТИРК) [sim 0.941] — AI-вердикт: NOT_CORRECT
2025-10-13 12:19:05 [WARNING] Аналитик функций ГО: AI отклонил связь КТМТИРК-24 (КТМТИРК) → МТИРК-44 (МТИРК) [sim 0.975] — AI-вердикт: NOT_CORRECT
2025-10-13 12:19:05 [WARNING] Аналитик функций ГО: AI отклонил связь КТМЦРИАПРК-101 (КТМЦРИАПРК) → МЦРИАПРК-131 (МЦРИАПРК) [sim 0.931] — AI-вердикт: NOT_CORRECT
2025-10-13 12:19:05 [WARNING] Аналитик функций ГО: AI отклонил связь КСОМПРК-62 (КСОМПРК) → МПРК-204 (МПРК) [sim 0.981] — AI-вердикт: NOT_CORRECT
2025-10-13 12:19:05 [WARNING] Аналитик функций ГО: AI отклонил связь КСОМПРК-76 (КСОМПРК) → МПРК-89 (МПРК) [sim 0.954] — AI-вердикт: NOT_CORRECT
2025-10-13 12:19:05 [WARNING] Аналитик функций ГО: AI отклонил связь КСОМПРК-20 (КСОМПРК) → МПРК-56 (МПРК) [sim 0.882] — AI-вердикт: NOT_CORRECT
2025-10-13 12:19:05 [WARNING] Аналитик функций ГО: AI отклонил связь КТМЦРИАПРК-114 (КТМЦРИАПРК) → МЦРИАПРК-96 (МЦРИАПРК) [sim 0.921] — AI-вердикт: NOT_CORRECT
2025-10-13 12:19:05 [WARNING] Аналитик функций ГО: AI отклонил связь КТМЦРИАПРК-103 (КТМЦРИАПРК) → МЦРИАПРК-129 (МЦРИАПРК) [sim 0.560] — AI-вердикт: NOT_CORRECT
2025-10-13 12:19:05 [WARNING] Аналитик функций ГО: AI отклонил связь КТМТИРК-41 (КТМТИРК) → МТИРК-267 (МТИРК) [sim 0.698] — AI-вердикт: NOT_CORRECT
2025-10-13 12:19:05 [WARNING] Аналитик функций ГО: AI отклонил связь КТМТИРК-26 (КТМТИРК) → МТИРК-46 (МТИРК) [sim 0.990] — AI-вердикт: NOT_CORRECT
2025-10-13 12:19:05 [WARNING] Аналитик функций ГО: AI отклонил связь КТМТИРК-40 (КТМТИРК) → МТИРК-271 (МТИРК) [sim 0.614] — AI-вердикт: NOT_CORRECT
2025-10-13 12:19:05 [WARNING] Аналитик функций ГО: AI отклонил связь КТМЦРИАПРК-102 (КТМЦРИАПРК) → МЦРИАПРК-130 (МЦРИАПРК) [sim 0.719] — AI-вердикт: NOT_CORRECT
2025-10-13 12:19:05 [WARNING] Аналитик функций ГО: AI отклонил связь КТМТИРК-26-1 (КТМТИРК) → МТИРК-46 (МТИРК) [sim 0.990] — AI-вердикт: NOT_CORRECT
2025-10-13 12:19:05 [WARNING] Аналитик функций ГО: AI отклонил связь КТМЦРИАПРК-12 (КТМЦРИАПРК) → МЦРИАПРК-121 (МЦРИАПРК) [sim 0.938] — AI-вердикт: NOT_CORRECT
2025-10-13 12:19:05 [WARNING] Аналитик функций ГО: AI отклонил связь КТМЦРИАПРК-134 (КТМЦРИАПРК) → МЦРИАПРК-512 (МЦРИАПРК) [sim 0.582] — AI-вердикт: NOT_CORRECT
2025-10-13 12:19:05 [WARNING] Аналитик функций ГО: AI отклонил связь КТМЦРИАПРК-121 (КТМЦРИАПРК) → МЦРИАПРК-107 (МЦРИАПРК) [sim 0.925] — AI-вердикт: NOT_CORRECT
2025-10-13 12:19:05 [WARNING] Аналитик функций ГО: AI отклонил связь КТМТИРК-42 (КТМТИРК) → МТИРК-289 (МТИРК) [sim 0.603] — AI-вердикт: NOT_CORRECT
2025-10-13 12:19:05 [WARNING] Аналитик функций ГО: AI отклонил связь КТМЦРИАПРК-135 (КТМЦРИАПРК) → МЦРИАПРК-104 (МЦРИАПРК) [sim 0.978] — AI-вердикт: NOT_CORRECT
2025-10-13 12:19:05 [WARNING] Аналитик функций ГО: AI отклонил связь КТМЦРИАПРК-100 (КТМЦРИАПРК) → МЦРИАПРК-130 (МЦРИАПРК) [sim 0.917] — AI-вердикт: NOT_CORRECT
2025-10-13 12:19:05 [WARNING] Аналитик функций ГО: AI отклонил связь КТМТИРК-27-1 (КТМТИРК) → МТИРК-47 (МТИРК) [sim 0.983] — AI-вердикт: NOT_CORRECT
2025-10-13 12:19:05 [WARNING] Аналитик функций ГО: AI отклонил связь КТМЦРИАПРК-11 (КТМЦРИАПРК) → МЦРИАПРК-119 (МЦРИАПРК) [sim 0.961] — AI-вердикт: NOT_CORRECT
2025-10-13 12:19:05 [WARNING] Аналитик функций ГО: AI отклонил связь КТМЦРИАПРК-112 (КТМЦРИАПРК) → МЦРИАПРК-474 (МЦРИАПРК) [sim 0.555] — AI-вердикт: NOT_CORRECT
2025-10-13 12:19:05 [WARNING] Аналитик функций ГО: AI отклонил связь КТМТИРК-27 (КТМТИРК) → МТИРК-47 (МТИРК) [sim 0.983] — AI-вердикт: NOT_CORRECT
2025-10-13 12:19:05 [WARNING] Аналитик функций ГО: AI отклонил связь КТМЦРИАПРК-125 (КТМЦРИАПРК) → МЦРИАПРК-103 (МЦРИАПРК) [sim 0.784] — AI-вердикт: NOT_CORRECT
2025-10-13 12:19:05 [WARNING] Аналитик функций ГО: AI отклонил связь КТМТИРК-39 (КТМТИРК) → МТИРК-270 (МТИРК) [sim 0.865] — AI-вердикт: NOT_CORRECT
2025-10-13 12:19:05 [WARNING] Аналитик функций ГО: AI отклонил связь КТМТИРК-35 (КТМТИРК) → МТИРК-266 (МТИРК) [sim 0.978] — AI-вердикт: NOT_CORRECT
2025-10-13 12:19:05 [WARNING] Аналитик функций ГО: AI отклонил связь КСКМЗРК-16-1 (КСКМЗРК) → МЗРК-383 (МЗРК) [sim 0.915] — AI-вердикт: NOT_CORRECT
2025-10-13 12:19:05 [WARNING] Аналитик функций ГО: AI отклонил связь КТМТИРК-42-1 (КТМТИРК) → МТИРК-289 (МТИРК) [sim 0.603] — AI-вердикт: NOT_CORRECT
2025-10-13 12:19:05 [WARNING] Аналитик функций ГО: AI отклонил связь КТМЦРИАПРК-118 (КТМЦРИАПРК) → МЦРИАПРК-103 (МЦРИАПРК) [sim 0.939] — AI-вердикт: NOT_CORRECT
2025-10-13 12:19:05 [WARNING] Аналитик функций ГО: AI отклонил связь КТМЦРИАПРК-1 (КТМЦРИАПРК) → МЦРИАПРК-136 (МЦРИАПРК) [sim 0.893] — AI-вердикт: NOT_CORRECT
2025-10-13 12:19:05 [WARNING] Аналитик функций ГО: AI отклонил связь КТМЦРИАПРК-15 (КТМЦРИАПРК) → МЦРИАПРК-122 (МЦРИАПРК) [sim 0.951] — AI-вердикт: NOT_CORRECT
2025-10-13 12:19:05 [WARNING] Аналитик функций ГО: AI отклонил связь КТМЦРИАПРК-128 (КТМЦРИАПРК) → МЦРИАПРК-212 (МЦРИАПРК) [sim 0.580] — AI-вердикт: NOT_CORRECT
2025-10-13 12:19:05 [WARNING] Аналитик функций ГО: AI отклонил связь КТМЦРИАПРК-140 (КТМЦРИАПРК) → МЦРИАПРК-142 (МЦРИАПРК) [sim 0.971] — AI-вердикт: NOT_CORRECT
2025-10-13 12:19:05 [WARNING] Аналитик функций ГО: AI отклонил связь КТМЦРИАПРК-123 (КТМЦРИАПРК) → МЦРИАПРК-481 (МЦРИАПРК) [sim 0.736] — AI-вердикт: NOT_CORRECT
2025-10-13 12:19:05 [WARNING] Аналитик функций ГО: AI отклонил связь КТМЦРИАПРК-124 (КТМЦРИАПРК) → МЦРИАПРК-112 (МЦРИАПРК) [sim 0.964] — AI-вердикт: NOT_CORRECT
2025-10-13 12:19:05 [WARNING] Аналитик функций ГО: AI отклонил связь КТМЦРИАПРК-37 (КТМЦРИАПРК) → МЦРИАПРК-123 (МЦРИАПРК) [sim 0.916] — AI-вердикт: NOT_CORRECT
2025-10-13 12:19:05 [WARNING] Аналитик функций ГО: AI отклонил связь КТМЦРИАПРК-138 (КТМЦРИАПРК) → МЦРИАПРК-554 (МЦРИАПРК) [sim 0.959] — AI-вердикт: NOT_CORRECT
2025-10-13 12:19:05 [WARNING] Аналитик функций ГО: AI отклонил связь КТМЦРИАПРК-2 (КТМЦРИАПРК) → МЦРИАПРК-452 (МЦРИАПРК) [sim 0.747] — AI-вердикт: NOT_CORRECT
2025-10-13 12:19:05 [WARNING] Аналитик функций ГО: AI отклонил связь КТМЦРИАПРК-17 (КТМЦРИАПРК) → МЦРИАПРК-83 (МЦРИАПРК) [sim 0.712] — AI-вердикт: NOT_CORRECT
2025-10-13 12:19:05 [WARNING] Аналитик функций ГО: AI отклонил связь КТМЦРИАПРК-19 (КТМЦРИАПРК) → МЦРИАПРК-102 (МЦРИАПРК) [sim 0.964] — AI-вердикт: NOT_CORRECT
2025-10-13 12:19:05 [WARNING] Аналитик функций ГО: AI отклонил связь КТМЦРИАПРК-40 (КТМЦРИАПРК) → МЦРИАПРК-78 (МЦРИАПРК) [sim 0.974] — AI-вердикт: NOT_CORRECT
2025-10-13 12:19:05 [WARNING] Аналитик функций ГО: AI отклонил связь КТМЦРИАПРК-130 (КТМЦРИАПРК) → МЦРИАПРК-255 (МЦРИАПРК) [sim 0.690] — AI-вердикт: NOT_CORRECT
2025-10-13 12:19:05 [WARNING] Аналитик функций ГО: AI отклонил связь КТМЦРИАПРК-24 (КТМЦРИАПРК) → МЦРИАПРК-468 (МЦРИАПРК) [sim 0.981] — AI-вердикт: NOT_CORRECT
2025-10-13 12:19:05 [WARNING] Аналитик функций ГО: AI отклонил связь КТМЦРИАПРК-45 (КТМЦРИАПРК) → МЦРИАПРК-83 (МЦРИАПРК) [sim 0.946] — AI-вердикт: NOT_CORRECT
2025-10-13 12:19:05 [WARNING] Аналитик функций ГО: AI отклонил связь КТМТИРК-32 (КТМТИРК) → МТИРК-222 (МТИРК) [sim 0.633] — AI-вердикт: NOT_CORRECT
2025-10-13 12:19:05 [WARNING] Аналитик функций ГО: AI отклонил связь КТМЦРИАПРК-13 (КТМЦРИАПРК) → МЦРИАПРК-121 (МЦРИАПРК) [sim 0.674] — AI-вердикт: NOT_CORRECT
2025-10-13 12:19:05 [WARNING] Аналитик функций ГО: AI отклонил связь КТМЦРИАПРК-32 (КТМЦРИАПРК) → МЦРИАПРК-83 (МЦРИАПРК) [sim 0.762] — AI-вердикт: NOT_CORRECT
2025-10-13 12:19:05 [WARNING] Аналитик функций ГО: AI отклонил связь КТМЦРИАПРК-35 (КТМЦРИАПРК) → МЦРИАПРК-220 (МЦРИАПРК) [sim 0.840] — AI-вердикт: NOT_CORRECT
2025-10-13 12:19:05 [WARNING] Аналитик функций ГО: AI отклонил связь КТМЦРИАПРК-115 (КТМЦРИАПРК) → МЦРИАПРК-146 (МЦРИАПРК) [sim 0.626] — AI-вердикт: NOT_CORRECT
2025-10-13 12:19:05 [WARNING] Аналитик функций ГО: AI отклонил связь КТМЦРИАПРК-50 (КТМЦРИАПРК) → МЦРИАПРК-481 (МЦРИАПРК) [sim 0.794] — AI-вердикт: NOT_CORRECT
2025-10-13 12:19:05 [WARNING] Аналитик функций ГО: AI отклонил связь КТМЦРИАПРК-44 (КТМЦРИАПРК) → МЦРИАПРК-455 (МЦРИАПРК) [sim 0.705] — AI-вердикт: NOT_CORRECT
2025-10-13 12:19:05 [WARNING] Аналитик функций ГО: AI отклонил связь КТМЦРИАПРК-29 (КТМЦРИАПРК) → МЦРИАПРК-76 (МЦРИАПРК) [sim 0.967] — AI-вердикт: NOT_CORRECT
2025-10-13 12:19:05 [WARNING] Аналитик функций ГО: AI отклонил связь КТМЦРИАПРК-131 (КТМЦРИАПРК) → МЦРИАПРК-127 (МЦРИАПРК) [sim 0.638] — AI-вердикт: NOT_CORRECT
2025-10-13 12:19:05 [WARNING] Аналитик функций ГО: AI отклонил связь КТМЦРИАПРК-6 (КТМЦРИАПРК) → МЦРИАПРК-116 (МЦРИАПРК) [sim 0.965] — AI-вердикт: NOT_CORRECT
2025-10-13 12:19:05 [WARNING] Аналитик функций ГО: AI отклонил связь КТМЦРИАПРК-42 (КТМЦРИАПРК) → МЦРИАПРК-82 (МЦРИАПРК) [sim 0.964] — AI-вердикт: NOT_CORRECT
2025-10-13 12:19:05 [WARNING] Аналитик функций ГО: AI отклонил связь КТМЦРИАПРК-30 (КТМЦРИАПРК) → МЦРИАПРК-140 (МЦРИАПРК) [sim 0.976] — AI-вердикт: NOT_CORRECT
2025-10-13 12:19:05 [WARNING] Аналитик функций ГО: AI отклонил связь КТМЦРИАПРК-39 (КТМЦРИАПРК) → МЦРИАПРК-220 (МЦРИАПРК) [sim 0.968] — AI-вердикт: NOT_CORRECT
2025-10-13 12:19:05 [WARNING] Аналитик функций ГО: AI отклонил связь КТМЦРИАПРК-41 (КТМЦРИАПРК) → МЦРИАПРК-79 (МЦРИАПРК) [sim 0.975] — AI-вердикт: NOT_CORRECT
2025-10-13 12:19:05 [WARNING] Аналитик функций ГО: AI отклонил связь КТМЦРИАПРК-31 (КТМЦРИАПРК) → МЦРИАПРК-143 (МЦРИАПРК) [sim 0.972] — AI-вердикт: NOT_CORRECT
2025-10-13 12:19:05 [WARNING] Аналитик функций ГО: AI отклонил связь КТМЦРИАПРК-60 (КТМЦРИАПРК) → МЦРИАПРК-81 (МЦРИАПРК) [sim 0.987] — AI-вердикт: NOT_CORRECT
2025-10-13 12:19:05 [WARNING] Аналитик функций ГО: AI отклонил связь КТМЦРИАПРК-54 (КТМЦРИАПРК) → МЦРИАПРК-85 (МЦРИАПРК) [sim 0.849] — AI-вердикт: NOT_CORRECT
2025-10-13 12:19:05 [WARNING] Аналитик функций ГО: AI отклонил связь КТМЦРИАПРК-18 (КТМЦРИАПРК) → МЦРИАПРК-102 (МЦРИАПРК) [sim 0.859] — AI-вердикт: NOT_CORRECT
2025-10-13 12:19:05 [WARNING] Аналитик функций ГО: AI отклонил связь КСОМПРК-22 (КСОМПРК) → МПРК-55 (МПРК) [sim 0.976] — AI-вердикт: NOT_CORRECT
2025-10-13 12:19:05 [WARNING] Аналитик функций ГО: AI отклонил связь КТМЦРИАПРК-67 (КТМЦРИАПРК) → МЦРИАПРК-97 (МЦРИАПРК) [sim 0.954] — AI-вердикт: NOT_CORRECT
2025-10-13 12:19:05 [WARNING] Аналитик функций ГО: AI отклонил связь КТМЦРИАПРК-113 (КТМЦРИАПРК) → МЦРИАПРК-118 (МЦРИАПРК) [sim 0.957] — AI-вердикт: NOT_CORRECT
2025-10-13 12:19:05 [WARNING] Аналитик функций ГО: AI отклонил связь КТМЦРИАПРК-55 (КТМЦРИАПРК) → МЦРИАПРК-85 (МЦРИАПРК) [sim 0.983] — AI-вердикт: NOT_CORRECT
2025-10-13 12:19:05 [WARNING] Аналитик функций ГО: AI отклонил связь КТМЦРИАПРК-76 (КТМЦРИАПРК) → МЦРИАПРК-478 (МЦРИАПРК) [sim 0.974] — AI-вердикт: NOT_CORRECT
2025-10-13 12:19:05 [WARNING] Аналитик функций ГО: AI отклонил связь КСОМПРК-71 (КСОМПРК) → МПРК-218 (МПРК) [sim 0.871] — AI-вердикт: NOT_CORRECT
2025-10-13 12:19:05 [WARNING] Аналитик функций ГО: AI отклонил связь КТМЦРИАПРК-53 (КТМЦРИАПРК) → МЦРИАПРК-118 (МЦРИАПРК) [sim 0.725] — AI-вердикт: NOT_CORRECT
2025-10-13 12:19:05 [WARNING] Аналитик функций ГО: AI отклонил связь КТМЦРИАПРК-87 (КТМЦРИАПРК) → МЦРИАПРК-523 (МЦРИАПРК) [sim 0.567] — AI-вердикт: NOT_CORRECT
2025-10-13 12:19:05 [WARNING] Аналитик функций ГО: AI отклонил связь КТМЦРИАПРК-43 (КТМЦРИАПРК) → МЦРИАПРК-96 (МЦРИАПРК) [sim 0.833] — AI-вердикт: NOT_CORRECT
2025-10-13 12:19:05 [WARNING] Аналитик функций ГО: AI отклонил связь КТМЦРИАПРК-85 (КТМЦРИАПРК) → МЦРИАПРК-93 (МЦРИАПРК) [sim 0.972] — AI-вердикт: NOT_CORRECT
2025-10-13 12:19:05 [WARNING] Аналитик функций ГО: AI отклонил связь КТМЦРИАПРК-66 (КТМЦРИАПРК) → МЦРИАПРК-474 (МЦРИАПРК) [sim 0.893] — AI-вердикт: NOT_CORRECT
2025-10-13 12:19:05 [WARNING] Аналитик функций ГО: AI отклонил связь КТМЦРИАПРК-81 (КТМЦРИАПРК) → МЦРИАПРК-154 (МЦРИАПРК) [sim 0.989] — AI-вердикт: NOT_CORRECT
2025-10-13 12:19:05 [WARNING] Аналитик функций ГО: AI отклонил связь КТМЦРИАПРК-74 (КТМЦРИАПРК) → МЦРИАПРК-141 (МЦРИАПРК) [sim 0.977] — AI-вердикт: NOT_CORRECT
2025-10-13 12:19:05 [WARNING] Аналитик функций ГО: AI отклонил связь КТМЦРИАПРК-38 (КТМЦРИАПРК) → МЦРИАПРК-77 (МЦРИАПРК) [sim 0.971] — AI-вердикт: NOT_CORRECT
2025-10-13 12:19:05 [WARNING] Аналитик функций ГО: AI отклонил связь КТМЦРИАПРК-98 (КТМЦРИАПРК) → МЦРИАПРК-132 (МЦРИАПРК) [sim 0.909] — AI-вердикт: NOT_CORRECT
2025-10-13 12:19:05 [WARNING] Аналитик функций ГО: AI отклонил связь КТМЦРИАПРК-8 (КТМЦРИАПРК) → МЦРИАПРК-135 (МЦРИАПРК) [sim 0.894] — AI-вердикт: NOT_CORRECT
2025-10-13 12:19:05 [WARNING] Аналитик функций ГО: AI отклонил связь КТМЦРИАПРК-33 (КТМЦРИАПРК) → МЦРИАПРК-145 (МЦРИАПРК) [sim 0.792] — AI-вердикт: NOT_CORRECT
2025-10-13 12:19:05 [WARNING] Аналитик функций ГО: AI отклонил связь КТМЦРИАПРК-133 (КТМЦРИАПРК) → МЦРИАПРК-538 (МЦРИАПРК) [sim 0.568] — AI-вердикт: NOT_CORRECT
2025-10-13 12:19:05 [WARNING] Аналитик функций ГО: AI отклонил связь КТМЦРИАПРК-99 (КТМЦРИАПРК) → МЦРИАПРК-129 (МЦРИАПРК) [sim 0.937] — AI-вердикт: NOT_CORRECT
2025-10-13 12:19:05 [WARNING] Аналитик функций ГО: AI отклонил связь КТМЦРИАПРК-119 (КТМЦРИАПРК) → МЦРИАПРК-105 (МЦРИАПРК) [sim 0.962] — AI-вердикт: NOT_CORRECT
2025-10-13 12:19:05 [WARNING] Аналитик функций ГО: AI отклонил связь КТМЦРИАПРК-52 (КТМЦРИАПРК) → МЦРИАПРК-481 (МЦРИАПРК) [sim 0.820] — AI-вердикт: NOT_CORRECT
2025-10-13 12:19:05 [WARNING] Аналитик функций ГО: AI отклонил связь КТРММТИРК-38-2 (КТРММТИРК) → МТИРК-260 (МТИРК) [sim 0.774] — AI-вердикт: NOT_CORRECT
2025-10-13 12:19:05 [WARNING] Аналитик функций ГО: AI отклонил связь КТМЦРИАПРК-86 (КТМЦРИАПРК) → МЦРИАПРК-110 (МЦРИАПРК) [sim 0.900] — AI-вердикт: NOT_CORRECT
2025-10-13 12:19:05 [WARNING] Аналитик функций ГО: AI отклонил связь КТМЦРИАПРК-97 (КТМЦРИАПРК) → МЦРИАПРК-84 (МЦРИАПРК) [sim 0.965] — AI-вердикт: NOT_CORRECT
2025-10-13 12:19:05 [WARNING] Аналитик функций ГО: AI отклонил связь КТРММТИРК-38-1 (КТРММТИРК) → МТИРК-242 (МТИРК) [sim 0.782] — AI-вердикт: NOT_CORRECT
2025-10-13 12:19:05 [WARNING] Аналитик функций ГО: AI отклонил связь КТМЦРИАПРК-111 (КТМЦРИАПРК) → МЦРИАПРК-94 (МЦРИАПРК) [sim 0.842] — AI-вердикт: NOT_CORRECT
2025-10-13 12:19:05 [WARNING] Аналитик функций ГО: AI отклонил связь КТМЦРИАПРК-51 (КТМЦРИАПРК) → МЦРИАПРК-79 (МЦРИАПРК) [sim 0.653] — AI-вердикт: NOT_CORRECT
2025-10-13 12:19:05 [WARNING] Аналитик функций ГО: AI отклонил связь КТРММТИРК-35 (КТРММТИРК) → МТИРК-261 (МТИРК) [sim 0.821] — AI-вердикт: NOT_CORRECT
2025-10-13 12:19:05 [WARNING] Аналитик функций ГО: AI отклонил связь КТМЦРИАПРК-70 (КТМЦРИАПРК) → МЦРИАПРК-456 (МЦРИАПРК) [sim 0.764] — AI-вердикт: NOT_CORRECT
2025-10-13 12:19:05 [WARNING] Аналитик функций ГО: AI отклонил связь КТРММТИРК-3 (КТРММТИРК) → МТИРК-198 (МТИРК) [sim 0.797] — AI-вердикт: NOT_CORRECT
2025-10-13 12:19:05 [WARNING] Аналитик функций ГО: AI отклонил связь КТМЦРИАПРК-78 (КТМЦРИАПРК) → МЦРИАПРК-80 (МЦРИАПРК) [sim 0.972] — AI-вердикт: NOT_CORRECT
2025-10-13 12:19:05 [WARNING] Аналитик функций ГО: AI отклонил связь КТМЦРИАПРК-96 (КТМЦРИАПРК) → МЦРИАПРК-84 (МЦРИАПРК) [sim 0.557] — AI-вердикт: NOT_CORRECT
2025-10-13 12:19:05 [WARNING] Аналитик функций ГО: AI отклонил связь КТМЦРИАПРК-77 (КТМЦРИАПРК) → МЦРИАПРК-154 (МЦРИАПРК) [sim 0.624] — AI-вердикт: NOT_CORRECT
2025-10-13 12:19:05 [WARNING] Аналитик функций ГО: AI отклонил связь КТМЦРИАПРК-137 (КТМЦРИАПРК) → МЦРИАПРК-553 (МЦРИАПРК) [sim 0.972] — AI-вердикт: NOT_CORRECT
2025-10-13 12:19:05 [WARNING] Аналитик функций ГО: AI отклонил связь КТРММТИРК-40 (КТРММТИРК) → МТИРК-283 (МТИРК) [sim 0.871] — AI-вердикт: NOT_CORRECT
2025-10-13 12:19:05 [WARNING] Аналитик функций ГО: AI отклонил связь КТРММТИРК-39 (КТРММТИРК) → МТИРК-199 (МТИРК) [sim 0.808] — AI-вердикт: NOT_CORRECT
2025-10-13 12:19:05 [WARNING] Аналитик функций ГО: AI отклонил связь КСОМПРК-19 (КСОМПРК) → МПРК-154 (МПРК) [sim 0.925] — AI-вердикт: NOT_CORRECT
2025-10-13 12:19:05 [WARNING] Аналитик функций ГО: AI отклонил связь КТРММТИРК-27 (КТРММТИРК) → МТИРК-240 (МТИРК) [sim 0.639] — AI-вердикт: NOT_CORRECT
2025-10-13 12:19:05 [WARNING] Аналитик функций ГО: AI отклонил связь КТРММТИРК-21 (КТРММТИРК) → МТИРК-219 (МТИРК) [sim 0.736] — AI-вердикт: NOT_CORRECT
2025-10-13 12:19:05 [WARNING] Аналитик функций ГО: AI отклонил связь КУЗРМСХРК-46 (КУЗРМСХРК) → МСХРК-328 (МСХРК) [sim 0.941] — AI-вердикт: NOT_CORRECT
2025-10-13 12:19:05 [WARNING] Аналитик функций ГО: AI отклонил связь КУЗРМСХРК-48 (КУЗРМСХРК) → МСХРК-330 (МСХРК) [sim 0.932] — AI-вердикт: NOT_CORRECT
2025-10-13 12:19:05 [WARNING] Аналитик функций ГО: AI отклонил связь КУЗРМСХРК-45 (КУЗРМСХРК) → МСХРК-327 (МСХРК) [sim 0.949] — AI-вердикт: NOT_CORRECT
2025-10-13 12:19:05 [WARNING] Аналитик функций ГО: AI отклонил связь КУЗРМСХРК-71 (КУЗРМСХРК) → МСХРК-322 (МСХРК) [sim 0.605] — AI-вердикт: NOT_CORRECT
2025-10-13 12:19:05 [WARNING] Аналитик функций ГО: AI отклонил связь КУЗРМСХРК-33 (КУЗРМСХРК) → МСХРК-308 (МСХРК) [sim 0.895] — AI-вердикт: NOT_CORRECT
2025-10-13 12:19:05 [WARNING] Аналитик функций ГО: AI отклонил связь КУЗРМСХРК-47 (КУЗРМСХРК) → МСХРК-329 (МСХРК) [sim 0.964] — AI-вердикт: NOT_CORRECT
2025-10-13 12:19:05 [WARNING] Аналитик функций ГО: AI отклонил связь КУЗРМСХРК-97 (КУЗРМСХРК) → МСХРК-65 (МСХРК) [sim 0.793] — AI-вердикт: NOT_CORRECT
2025-10-13 12:19:05 [WARNING] Аналитик функций ГО: AI отклонил связь КУЗРМСХРК-91 (КУЗРМСХРК) → МСХРК-332 (МСХРК) [sim 0.959] — AI-вердикт: NOT_CORRECT
2025-10-13 12:19:05 [WARNING] Аналитик функций ГО: AI отклонил связь КЯПМНВОРК-28 (КЯПМНВОРК) → МНВОРК-246 (МНВОРК) [sim 0.608] — AI-вердикт: NOT_CORRECT
2025-10-13 12:19:05 [WARNING] Аналитик функций ГО: AI отклонил связь КТРММТИРК-29 (КТРММТИРК) → МТИРК-181 (МТИРК) [sim 0.801] — AI-вердикт: NOT_CORRECT
2025-10-13 12:19:05 [WARNING] Аналитик функций ГО: AI отклонил связь КЯПМНВОРК-34 (КЯПМНВОРК) → МНВОРК-262 (МНВОРК) [sim 0.562] — AI-вердикт: NOT_CORRECT
2025-10-13 12:19:05 [WARNING] Аналитик функций ГО: AI отклонил связь КЯПМНВОРК-33 (КЯПМНВОРК) → МНВОРК-225 (МНВОРК) [sim 0.673] — AI-вердикт: NOT_CORRECT
2025-10-13 12:19:05 [WARNING] Аналитик функций ГО: AI отклонил связь КУЗРМСХРК-96 (КУЗРМСХРК) → МСХРК-45 (МСХРК) [sim 0.965] — AI-вердикт: NOT_CORRECT
2025-10-13 12:19:05 [WARNING] Аналитик функций ГО: AI отклонил связь КЯПМНВОРК-6 (КЯПМНВОРК) → МНВОРК-246 (МНВОРК) [sim 0.694] — AI-вердикт: NOT_CORRECT
2025-10-13 12:19:05 [WARNING] Аналитик функций ГО: AI отклонил связь КЯПМНВОРК-1 (КЯПМНВОРК) → МНВОРК-246 (МНВОРК) [sim 0.707] — AI-вердикт: NOT_CORRECT
2025-10-13 12:19:05 [WARNING] Аналитик функций ГО: AI отклонил связь КЯПМНВОРК-30 (КЯПМНВОРК) → МНВОРК-240 (МНВОРК) [sim 0.573] — AI-вердикт: NOT_CORRECT
2025-10-13 12:19:05 [WARNING] Аналитик функций ГО: AI отклонил связь КУЗРМСХРК-93 (КУЗРМСХРК) → МСХРК-65 (МСХРК) [sim 0.780] — AI-вердикт: NOT_CORRECT
2025-10-13 12:19:05 [WARNING] Аналитик функций ГО: AI отклонил связь КУЗРМСХРК-99 (КУЗРМСХРК) → МСХРК-65 (МСХРК) [sim 0.928] — AI-вердикт: NOT_CORRECT
2025-10-13 12:19:05 [WARNING] Аналитик функций ГО: AI отклонил связь КУЗРМСХРК-95-1 (КУЗРМСХРК) → МСХРК-43 (МСХРК) [sim 0.751] — AI-вердикт: NOT_CORRECT
2025-10-13 12:19:05 [WARNING] Аналитик функций ГО: AI отклонил связь КЯПМНВОРК-37 (КЯПМНВОРК) → МНВОРК-244 (МНВОРК) [sim 0.736] — AI-вердикт: NOT_CORRECT
2025-10-13 12:19:05 [WARNING] Аналитик функций ГО: AI отклонил связь КЯПМНВОРК-27 (КЯПМНВОРК) → МНВОРК-246 (МНВОРК) [sim 0.694] — AI-вердикт: NOT_CORRECT
2025-10-13 12:19:05 [WARNING] Аналитик функций ГО: AI отклонил связь КЯПМНВОРК-35 (КЯПМНВОРК) → МНВОРК-260 (МНВОРК) [sim 0.614] — AI-вердикт: NOT_CORRECT
2025-10-13 12:19:05 [WARNING] Аналитик функций ГО: AI отклонил связь КЯПМНВОРК-2 (КЯПМНВОРК) → МНВОРК-230 (МНВОРК) [sim 0.684] — AI-вердикт: NOT_CORRECT
2025-10-13 12:19:05 [WARNING] Аналитик функций ГО: AI отклонил связь КЯПМНВОРК-26 (КЯПМНВОРК) → МНВОРК-234 (МНВОРК) [sim 0.573] — AI-вердикт: NOT_CORRECT
2025-10-13 12:19:05 [WARNING] Аналитик функций ГО: AI отклонил связь КЯПМНВОРК-5 (КЯПМНВОРК) → МНВОРК-246 (МНВОРК) [sim 0.686] — AI-вердикт: NOT_CORRECT
2025-10-13 12:19:05 [WARNING] Аналитик функций ГО: AI отклонил связь КУЗРМСХРК-95-2 (КУЗРМСХРК) → МСХРК-43 (МСХРК) [sim 0.737] — AI-вердикт: NOT_CORRECT
2025-10-13 12:19:05 [WARNING] Аналитик функций ГО: AI отклонил связь КЯПМНВОРК-36 (КЯПМНВОРК) → МНВОРК-157 (МНВОРК) [sim 0.516] — AI-вердикт: NOT_CORRECT
2025-10-13 12:19:05 [WARNING] Аналитик функций ГО: AI отклонил связь КЯПМНВОРК-23 (КЯПМНВОРК) → МНВОРК-263 (МНВОРК) [sim 0.568] — AI-вердикт: NOT_CORRECT
2025-10-13 12:19:05 [WARNING] Аналитик функций ГО: AI отклонил связь КЯПМНВОРК-14 (КЯПМНВОРК) → МНВОРК-95 (МНВОРК) [sim 0.726] — AI-вердикт: NOT_CORRECT
2025-10-13 12:19:05 [INFO] Аналитик функций ГО: AI-верификация завершена — подтверждено 3378 (LLM OK: 3378), отклонено 1570, с ошибками 0.
2025-10-13 12:19:07 [INFO] Аналитик функций ГО: Анализ завершен за 1788.67 секунд.
2025-10-13 12:19:07 [INFO] Аналитик функций ГО: Сохраняю отчет /home/marinadec/Projects/functions_analysis/files/ADGS+MIN+minCOM_hierarchy.xlsx.
2025-10-13 12:19:09 [INFO] Аналитик функций ГО: Формирую технический лог /home/marinadec/Projects/functions_analysis/files/log.xlsx.
